placeId,name,categoryMid,recommendForMobility,recommendForVisual,recommendForHearing
P037,정방폭포,지질·특수자원,N,UNKNOWN,UNKNOWN
P071,노형수퍼마켙,전시시설,N,UNKNOWN,UNKNOWN
P085,용눈이오름,산·오름,N,UNKNOWN,UNKNOWN
P102,검멀레해수욕장,해양,N,UNKNOWN,UNKNOWN
P119,제주워터월드,전시시설,N,UNKNOWN,UNKNOWN
P129,부소오름,산·오름,N,UNKNOWN,UNKNOWN
P130,북오름,산·오름,N,UNKNOWN,UNKNOWN
P136,서귀본향당,문화유산,N,UNKNOWN,UNKNOWN
P144,이중섭거주지,문화유산,N,UNKNOWN,UNKNOWN
P146,서우봉,산·오름,N,UNKNOWN,UNKNOWN
P147,함덕오일장,시장,N,UNKNOWN,UNKNOWN
P148,엉덩물계곡,지질·특수자원,N,UNKNOWN,UNKNOWN
P171,기독교순례길 2코스(순교의길),트레일·산책로,N,UNKNOWN,UNKNOWN
P183,이덕구산전,문화유산,N,UNKNOWN,UNKNOWN
P184,선족이오름,산·오름,N,UNKNOWN,UNKNOWN
P185,김만덕객주,식음료,N,UNKNOWN,UNKNOWN
P189,삼의악트레킹코스,트레일·산책로,N,UNKNOWN,UNKNOWN
P191,대수산봉(큰물뫼·물미오름),산·오름,N,UNKNOWN,UNKNOWN
P199,쌍용굴(한림공원),지질·특수자원,N,UNKNOWN,UNKNOWN
P200,협재굴(한림공원),지질·특수자원,N,UNKNOWN,UNKNOWN
P201,세미오름(샘이오름),산·오름,N,UNKNOWN,UNKNOWN
P205,용둠범목제계단길,자연경관,N,UNKNOWN,UNKNOWN
P207,세미양오름,산·오름,N,UNKNOWN,UNKNOWN
P209,정모시쉼터,자연경관,N,UNKNOWN,UNKNOWN
P216,넙게오름,산·오름,N,UNKNOWN,UNKNOWN
P221,대정현역사자료전시관,전시시설,N,UNKNOWN,UNKNOWN
P223,영주산,산·오름,N,UNKNOWN,UNKNOWN
P224,월나봉(도래오름),산·오름,N,UNKNOWN,UNKNOWN
P228,제주올레 11코스,트레일·산책로,N,UNKNOWN,UNKNOWN
P234,소남머리,자연경관,N,UNKNOWN,UNKNOWN
P240,윗밤오름,산·오름,N,UNKNOWN,UNKNOWN
P244,검멀레동굴,지질·특수자원,N,UNKNOWN,UNKNOWN
P253,상추자마을길,문화유산,N,UNKNOWN,UNKNOWN
P255,부대악오름,산·오름,N,UNKNOWN,UNKNOWN
P260,한라산어리목코스,트레일·산책로,N,UNKNOWN,UNKNOWN
P262,삼각봉,산·오름,N,UNKNOWN,UNKNOWN
P265,배령연대,문화유산,N,UNKNOWN,UNKNOWN
P267,제주기독교순례길,트레일·산책로,N,UNKNOWN,UNKNOWN
P268,기독교순례길 1코스(순종의길),트레일·산책로,N,UNKNOWN,UNKNOWN
P272,봉골레산,산·오름,N,UNKNOWN,UNKNOWN
P284,범섬,해양,N,UNKNOWN,UNKNOWN
P303,황금굴(한림공원),지질·특수자원,N,UNKNOWN,UNKNOWN
P307,개월이 오름,산·오름,N,UNKNOWN,UNKNOWN
P309,장생의 숲길,트레일·산책로,N,UNKNOWN,UNKNOWN
P315,9연대 본부 옛터,문화유산,N,UNKNOWN,UNKNOWN
P316,고내봉(고내오름+고니오름+ 망오름),산·오름,N,UNKNOWN,UNKNOWN
P323,소수산봉(족은물뫼),산·오름,N,UNKNOWN,UNKNOWN
P324,오조리조개체험어장,액티비티,N,UNKNOWN,UNKNOWN
P325,제주올레 16코스,트레일·산책로,N,UNKNOWN,UNKNOWN
P326,제주올레 21코스,트레일·산책로,N,UNKNOWN,UNKNOWN
P350,제주불교성지 순례길 절로 가는길 - 지계의 길,트레일·산책로,N,UNKNOWN,UNKNOWN
P359,황우지해안,해양,N,UNKNOWN,UNKNOWN
P363,그린크루즈(산방산유람선),관광체험,N,UNKNOWN,UNKNOWN
P364,미천굴,지질·특수자원,N,UNKNOWN,UNKNOWN
P366,서영아리오름/용와이오름,산·오름,N,UNKNOWN,UNKNOWN
P372,황우지해안 열두굴,해양,N,UNKNOWN,UNKNOWN
P373,개오리오름,산·오름,N,UNKNOWN,UNKNOWN
P379,보리오름,산·오름,N,UNKNOWN,UNKNOWN
P380,산방굴사,문화유산,N,UNKNOWN,UNKNOWN
P382,최영장군사당,문화유산,N,UNKNOWN,UNKNOWN
P390,독자봉,산·오름,N,UNKNOWN,UNKNOWN
P391,동알오름,산·오름,N,UNKNOWN,UNKNOWN
P399,기독교순례길 4코스(화해의길),트레일·산책로,N,UNKNOWN,UNKNOWN
P404,사라오름,산·오름,N,UNKNOWN,UNKNOWN
P407,입산봉(삿갓오름),산·오름,N,UNKNOWN,UNKNOWN
P415,제주올레 14-1코스,트레일·산책로,N,UNKNOWN,UNKNOWN
P419,남원 위미2리 어촌계,자연경관,N,UNKNOWN,UNKNOWN
P424,통오름,산·오름,N,UNKNOWN,UNKNOWN
P436,민악,산·오름,N,UNKNOWN,UNKNOWN
P437,민오름(오라동),산·오름,N,UNKNOWN,UNKNOWN
P448,임문숙 가족 헛묘,문화유산,N,UNKNOWN,UNKNOWN
P449,제주올레 20코스,트레일·산책로,N,UNKNOWN,UNKNOWN
P452,도너리오름,산·오름,N,UNKNOWN,UNKNOWN
P454,오백나한,자연경관,N,UNKNOWN,UNKNOWN
P456,제주불교성지 순례길 절로 가는길 - 정진의 길,트레일·산책로,N,UNKNOWN,UNKNOWN
P458,종달리해안도로,트레일·산책로,N,UNKNOWN,UNKNOWN
P460,추자등대,해양,N,UNKNOWN,UNKNOWN
P466,병악,산·오름,N,UNKNOWN,UNKNOWN
P467,삼다수숲길 지질트레일 3코스,트레일·산책로,N,UNKNOWN,UNKNOWN
P491,베릿네오름,산·오름,N,UNKNOWN,UNKNOWN
P497,감수굴 밭담길,트레일·산책로,N,UNKNOWN,UNKNOWN
P498,금악오름(왕매),산·오름,N,UNKNOWN,UNKNOWN
P499,명월성지,문화유산,N,UNKNOWN,UNKNOWN
P503,제주올레 9코스,트레일·산책로,N,UNKNOWN,UNKNOWN
P506,족은대비악,산·오름,N,UNKNOWN,UNKNOWN
P513,사라봉,산·오름,N,UNKNOWN,UNKNOWN
P522,만장굴,지질·특수자원,N,UNKNOWN,UNKNOWN
P532,나바론절벽,자연경관,N,UNKNOWN,UNKNOWN
P534,보롬이(하논·하구구),산·오름,N,UNKNOWN,UNKNOWN
P536,삼다수숲길 지질트레일 1코스,트레일·산책로,N,UNKNOWN,UNKNOWN
P538,애월환해장성,자연경관,N,UNKNOWN,UNKNOWN
P545,오라동메밀밭,자연경관,N,UNKNOWN,UNKNOWN
P546,가마오름,산·오름,N,UNKNOWN,UNKNOWN
P547,가마오름 진지동굴,역사·문화유산,N,UNKNOWN,UNKNOWN
P549,가문이오름(감은이오름),산·오름,N,UNKNOWN,UNKNOWN
P552,개오름,산·오름,N,UNKNOWN,UNKNOWN
P559,고근산(고공산),지질·특수자원,N,UNKNOWN,UNKNOWN
P561,고살리숲길,트레일·산책로,N,UNKNOWN,UNKNOWN
P565,관음사 군 주둔지 옛터,종교시설,N,UNKNOWN,UNKNOWN
P566,군산오름,산·오름,N,UNKNOWN,UNKNOWN
P568,궁대오름(궁대악),산·오름,N,UNKNOWN,UNKNOWN
P574,김녕사굴,역사·문화유산,N,UNKNOWN,UNKNOWN
P577,남좃은오름(남조순오름),산·오름,N,UNKNOWN,UNKNOWN
P580,내창트레킹,트레일·산책로,N,UNKNOWN,UNKNOWN
P587,무등이왓터,역사·문화유산,N,UNKNOWN,UNKNOWN
P602,웃세오름(누운오름),산·오름,N,UNKNOWN,UNKNOWN
P606,윗세오름(웃세오름),산·오름,N,UNKNOWN,UNKNOWN
P607,유건에오름,산·오름,N,UNKNOWN,UNKNOWN
P608,은월봉,산·오름,N,UNKNOWN,UNKNOWN
P609,이달봉,산·오름,N,UNKNOWN,UNKNOWN
P610,이승이오름(이승악),산·오름,N,UNKNOWN,UNKNOWN
P614,절부암,지질·특수자원,N,UNKNOWN,UNKNOWN
P615,정물오름,산·오름,N,UNKNOWN,UNKNOWN
P616,정월오름,산·오름,N,UNKNOWN,UNKNOWN
P620,제주올레 13코스,트레일·산책로,N,UNKNOWN,UNKNOWN
P622,제주올레 2코스,트레일·산책로,N,UNKNOWN,UNKNOWN
P623,제주올레 3코스,트레일·산책로,N,UNKNOWN,UNKNOWN
P626,종달리전망대,지질·특수자원,N,UNKNOWN,UNKNOWN
P628,천아숲길 천아계곡,트레일·산책로,N,UNKNOWN,UNKNOWN
P629,청수곶자왈,숲·공원,N,UNKNOWN,UNKNOWN
P630,추자도등대,해양,N,UNKNOWN,UNKNOWN
P632,큰노꼬메오름,산·오름,N,UNKNOWN,UNKNOWN
P633,큰바리메오름,산·오름,N,UNKNOWN,UNKNOWN
P634,큰사슴이오름(대록산),산·오름,N,UNKNOWN,UNKNOWN
P642,환상숲 곶자왈공원,숲·공원,N,UNKNOWN,UNKNOWN
P651,가파초등학교 마라분교장,복합문화공간,N,UNKNOWN,UNKNOWN
P655,송악산진지동굴,역사·문화유산,N,UNKNOWN,UNKNOWN
P666,평대리불턱,역사·문화유산,N,UNKNOWN,UNKNOWN
P667,화북비석거리,역사·문화유산,N,UNKNOWN,UNKNOWN
P670,북촌환해장성,역사·문화유산,N,UNKNOWN,UNKNOWN
P692,리틀프린스 뮤지엄,전시시설,N,UNKNOWN,UNKNOWN
P720,효명사,종교시설,N,UNKNOWN,UNKNOWN
P722,와흘본향당,종교시설,N,UNKNOWN,UNKNOWN
P723,마라도기원정사,종교시설,N,UNKNOWN,UNKNOWN
P726,송당본향당,종교시설,N,UNKNOWN,UNKNOWN
P740,한라산문화관광 천백고지휴게소,산·오름,N,UNKNOWN,UNKNOWN
P742,돈대산,산·오름,N,UNKNOWN,UNKNOWN
P744,다랑쉬오름(월랑봉),산·오름,N,UNKNOWN,UNKNOWN
P754,붉은오름(표선면),산·오름,N,UNKNOWN,UNKNOWN
P756,성널오름,산·오름,N,UNKNOWN,UNKNOWN
P757,"당산봉(당오름,차귀오름)",산·오름,N,UNKNOWN,UNKNOWN
P758,문도지오름 (문돗지),산·오름,N,UNKNOWN,UNKNOWN
P759,별도봉,산·오름,N,UNKNOWN,UNKNOWN
P760,원당봉,산·오름,N,UNKNOWN,UNKNOWN
P761,두산봉(말미오름),산·오름,N,UNKNOWN,UNKNOWN
P762,높은오름,산·오름,N,UNKNOWN,UNKNOWN
P764,족은노꼬메오름,산·오름,N,UNKNOWN,UNKNOWN
P765,당오름,산·오름,N,UNKNOWN,UNKNOWN
P769,"미악산 (턥오름, 쌀오름, 솔오름)",산·오름,N,UNKNOWN,UNKNOWN
P787,족은바리메,산·오름,N,UNKNOWN,UNKNOWN
P789,토산봉(망오름),산·오름,N,UNKNOWN,UNKNOWN
P790,족은사슴이오름,산·오름,N,UNKNOWN,UNKNOWN
P791,걸서악,산·오름,N,UNKNOWN,UNKNOWN
P792,뒤굽은이오름,산·오름,N,UNKNOWN,UNKNOWN
P793,마복이오름,산·오름,N,UNKNOWN,UNKNOWN
P794,거린사슴,산·오름,N,UNKNOWN,UNKNOWN
P796,궷물오름,산·오름,N,UNKNOWN,UNKNOWN
P797,백약이오름,산·오름,N,UNKNOWN,UNKNOWN
P798,동거문이오름(동검은이),산·오름,N,UNKNOWN,UNKNOWN
P800,무릉곶자왈,숲·공원,N,UNKNOWN,UNKNOWN
P845,영실기암,지질·특수자원,N,UNKNOWN,UNKNOWN
P846,동안경굴,지질·특수자원,N,UNKNOWN,UNKNOWN
P847,성읍녹차동굴,지질·특수자원,N,UNKNOWN,UNKNOWN
P848,백록담,지질·특수자원,N,UNKNOWN,UNKNOWN
P854,무수천,지질·특수자원,N,UNKNOWN,UNKNOWN
P855,천아계곡,지질·특수자원,N,UNKNOWN,UNKNOWN
P863,한라산둘레길9구간(숫모르편백숲길),트레일·산책로,N,UNKNOWN,UNKNOWN
P864,제주삼나무길,트레일·산책로,N,UNKNOWN,UNKNOWN
P870,한라산둘레길 수악길,트레일·산책로,N,UNKNOWN,UNKNOWN
P884,제주올레 10-1코스,트레일·산책로,N,UNKNOWN,UNKNOWN
P897,구두미포구,해양,N,UNKNOWN,UNKNOWN
P912,신흥해수욕장,해양,N,UNKNOWN,UNKNOWN
P943,서귀포잠수함(대국해저관광),액티비티,N,UNKNOWN,UNKNOWN
P944,제주빅볼랜드,액티비티,N,UNKNOWN,UNKNOWN
P945,제주라프 짚라인,액티비티,N,UNKNOWN,UNKNOWN
P951,세리월드,액티비티,N,UNKNOWN,UNKNOWN
P956,제주해양사업단,액티비티,N,UNKNOWN,UNKNOWN
P992,대유ATV수렵사격랜드,액티비티,N,UNKNOWN,UNKNOWN
P1012,베니스랜드,테마시설,N,UNKNOWN,UNKNOWN
