newsPid,placeName,kgPid,matchType,kgName,codeShift
P001,제주국제공항,P001,EXACT,제주국제공항,0
P002,서귀포매일올레시장,P002,EXACT,서귀포매일올레시장,0
P003,동문재래시장,P003,EXACT,동문재래시장,0
P004,함덕해수욕장,P004,EXACT,함덕해수욕장,0
P005,성산일출봉,P005,EXACT,성산일출봉,0
P006,협재해수욕장,P006,EXACT,협재해수욕장,0
P007,오설록티뮤지엄,P007,EXACT,오설록티뮤지엄,0
P008,이호테우해변,P008,EXACT,이호테우해변,0
P009,아쿠아플라넷제주,P009,EXACT,아쿠아플라넷제주,0
P010,섭지코지,P010,EXACT,섭지코지,0
P011,김녕해수욕장,P011,EXACT,김녕해수욕장,0
P012,곽지해수욕장,P012,EXACT,곽지해수욕장,0
P013,한라산둘레길사려니숲길,P013,EXACT,한라산둘레길사려니숲길,0
P014,성산포종합여객터미널,P014,EXACT,성산포종합여객터미널,0
P015,용머리해안,P015,EXACT,용머리해안,0
P016,비자림,P016,EXACT,비자림,0
P017,카멜리아힐,P017,EXACT,카멜리아힐,0
P018,산방산탄산온천,P018,EXACT,산방산탄산온천,0
P019,신라호텔제주,P019,EXACT,신라호텔제주,0
P020,제주항연안여객터미널,P020,EXACT,제주항연안여객터미널,0
P021,주상절리대,P021,EXACT,주상절리대,0
P022,제주신화월드랜딩리조트관,P040,ALIAS,제주신화월드,18
P023,새별오름,P022,EXACT,새별오름,-1
P024,롯데호텔제주점,P023,EXACT,롯데호텔제주점,-1
P025,천지연폭포,P024,EXACT,천지연폭포,-1
P026,파르나스호텔제주,P025,EXACT,파르나스호텔제주,-1
P027,제주신화월드신화리조트관,P040,ALIAS,제주신화월드,13
P028,금능해수욕장,P026,EXACT,금능해수욕장,-2
P029,해비치해변,P028,ALIAS,표선해수욕장,-1
P030,표선해수욕장,P028,EXACT,표선해수욕장,-2
P031,에코랜드테마파크,P029,EXACT,에코랜드테마파크,-2
P032,금오름,P030,EXACT,금오름,-2
P034,소노벨제주,P032,EXACT,소노벨제주,-2
P035,메종글래드제주호텔,P033,EXACT,메종글래드제주호텔,-2
P036,그랜드조선제주,P034,EXACT,그랜드조선제주,-2
P037,신창풍차해안도로,P035,EXACT,신창풍차해안도로,-2
P038,중문색달해변,P036,EXACT,중문색달해변,-2
P039,정방폭포,P037,EXACT,정방폭포,-2
P040,산방산,P038,EXACT,산방산,-2
P041,휘닉스아일랜드,P039,EXACT,휘닉스아일랜드,-2
P042,제주신화월드,P040,EXACT,제주신화월드,-2
P043,아르떼뮤지엄제주,P041,EXACT,아르떼뮤지엄제주,-2
P044,스누피가든,P042,EXACT,스누피가든,-2
P045,9.81파크,P043,EXACT,9.81파크,-2
P046,소노캄제주,P044,EXACT,소노캄제주,-2
P047,제주동화마을,P045,EXACT,제주동화마을,-2
P048,용두암,P046,EXACT,용두암,-2
P049,그랜드하얏트제주,P047,EXACT,그랜드하얏트제주,-2
P050,제주항제6부두,P048,EXACT,제주항제6부두,-2
P051,하귀애월해안도로,P049,EXACT,하귀애월해안도로,-2
P052,금호제주리조트,P050,EXACT,금호제주리조트,-2
P053,삼양해수욕장,P051,EXACT,삼양해수욕장,-2
P054,쇠소깍,P853,EXACT,쇠소깍,799
P055,월정리해변,P053,EXACT,월정리해변,-2
P056,성이시돌목장,P054,EXACT,성이시돌목장,-2
P057,도두동무지개해안도로,P055,EXACT,도두동무지개해안도로,-2
P058,제주항국제여객터미널,P056,ALIAS,제주항국제여객선터미널,-2
P059,제주신화월드서머셋,P057,EXACT,제주신화월드서머셋,-2
P060,헬로키티아일랜드,P058,EXACT,헬로키티아일랜드,-2
P061,한화리조트제주,P059,EXACT,한화리조트제주,-2
P062,판포포구,P060,EXACT,판포포구,-2
P063,비밀의숲,P061,EXACT,비밀의숲,-2
P064,제주돌문화공원,P062,EXACT,제주돌문화공원,-2
P065,한라수목원,P063,EXACT,한라수목원,-2
P066,아르떼키즈파크,P064,EXACT,아르떼키즈파크,-2
P067,제주항공우주박물관,P065,EXACT,제주항공우주박물관,-2
P068,사계해수욕장,P066,EXACT,사계해수욕장,-2
P069,제주절물자연휴양림,P067,EXACT,제주절물자연휴양림,-2
P070,서귀포칼호텔,P068,EXACT,서귀포칼호텔,-2
P071,휴애리자연생활공원,P069,EXACT,휴애리자연생활공원,-2
P072,우도도항선선착장,P070,EXACT,우도도항선선착장,-2
P073,노형수퍼마켙,P071,EXACT,노형수퍼마켙,-2
P074,제주관광공사중문면세점,P072,EXACT,제주관광공사중문면세점,-2
P075,신라스테이플러스이호테우,P073,EXACT,신라스테이플러스이호테우,-2
P076,산굼부리,P074,EXACT,산굼부리,-2
P077,산양큰엉곶,P075,EXACT,산양큰엉곶,-2
P078,히든클리프호텔앤네이쳐,P076,EXACT,히든클리프호텔앤네이쳐,-2
P079,천제연폭포,P077,EXACT,천제연폭포,-2
P080,제주아트서커스,P078,EXACT,제주아트서커스,-2
P081,약천사,P079,EXACT,약천사,-2
P082,제주부영호텔&리조트,P080,EXACT,제주부영호텔&리조트,-2
P083,모슬포항,P081,EXACT,모슬포항,-2
P084,제주여미지식물원,P082,ALIAS,여미지식물원,-2
P085,호텔더본제주,P083,EXACT,호텔더본제주,-2
P086,한림공원,P084,EXACT,한림공원,-2
P087,용눈이오름,P085,EXACT,용눈이오름,-2
P088,JW메리어트제주,P086,EXACT,JW메리어트제주,-2
P089,제주신화월드메리어트리조트관,P040,ALIAS,제주신화월드,-49
P090,호텔난타,P087,EXACT,호텔난타,-3
P091,에코랜드호텔,P088,EXACT,에코랜드호텔,-3
P092,사이프러스골프앤리조트,P089,EXACT,사이프러스골프앤리조트,-3
P093,새별프렌즈,P090,EXACT,새별프렌즈,-3
P094,뽀로로&타요테마파크제주,P091,EXACT,뽀로로&타요테마파크제주,-3
P095,이랜드파크켄싱턴리조트서귀포점,P092,EXACT,이랜드파크켄싱턴리조트서귀포점,-3
P096,렛츠런파크제주,P093,EXACT,렛츠런파크제주,-3
P097,세화해수욕장,P094,EXACT,세화해수욕장,-3
P098,캐슬렉스제주GC,P095,EXACT,캐슬렉스제주GC,-3
P099,라마다제주시티홀호텔,P096,EXACT,라마다제주시티홀호텔,-3
P100,동백포레스트,P097,EXACT,동백포레스트,-3
P101,점보빌리지,P098,EXACT,점보빌리지,-3
P102,광치기해변,P099,EXACT,광치기해변,-3
P103,제주레일바이크,P100,EXACT,제주레일바이크,-3
P104,제주민속촌,P101,EXACT,제주민속촌,-3
P105,검멀레해수욕장,P102,EXACT,검멀레해수욕장,-3
P106,하우목동항,P103,EXACT,하우목동항,-3
P107,한담해안산책로,P104,EXACT,한담해안산책로,-3
P108,윈드1947카트테마파크,P105,EXACT,윈드1947카트테마파크,-3
P109,성읍민속마을,P106,EXACT,성읍민속마을,-3
P110,더마파크,P107,EXACT,더마파크,-3
P111,국립제주박물관,P108,EXACT,국립제주박물관,-3
P112,낙타트래킹,P109,EXACT,낙타트래킹,-3
P113,세계자동차&피아노박물관,P110,EXACT,세계자동차&피아노박물관,-3
P114,하리보해피월드,P111,EXACT,하리보해피월드,-3
P115,오는정김밥,P113,EXACT,오는정김밥,-2
P116,성산포항,P112,EXACT,성산포항,-4
P117,제주동백수목원,P115,EXACT,제주동백수목원,-2
P118,우도잠수함(제주씨월드),P114,EXACT,우도잠수함(제주씨월드),-4
P120,제주씨월드,P114,PARTIAL,우도잠수함(제주씨월드),-6
P121,바이나흐튼크리스마스박물관,P116,EXACT,바이나흐튼크리스마스박물관,-5
P124,제주워터월드,P119,EXACT,제주워터월드,-5
P125,우도산호해변 홍조단괴 서빈백사,P118,EXACT,우도산호해변 홍조단괴 서빈백사,-7
P126,숙성도/중문점,P121,EXACT,숙성도/중문점,-5
P127,훈데르트바서파크,P120,EXACT,훈데르트바서파크,-7
P128,더큐브리조트/제주,P123,EXACT,더큐브리조트/제주,-5
P129,누웨마루거리,P122,EXACT,누웨마루거리,-7
P132,신신호텔/제주오션,P124,EXACT,신신호텔/제주오션,-8
P133,중문색달해수욕장,P125,EXACT,중문색달해수욕장,-8
P134,산방산유채꽃밭,P127,EXACT,산방산유채꽃밭,-7
P135,답다니탑망대,P126,EXACT,답다니탑망대,-9
P136,대왕수천예래생태공원,P128,EXACT,대왕수천예래생태공원,-8
P137,부소오름,P129,EXACT,부소오름,-8
P138,타마라/제주,P131,EXACT,타마라/제주,-7
P139,북오름,P130,EXACT,북오름,-9
P140,더클리프,P132,EXACT,더클리프,-8
P141,성산항,P133,EXACT,성산항,-8
P142,호텔브릿지서귀포,P135,EXACT,호텔브릿지서귀포,-7
P143,이중섭미술관,P134,EXACT,이중섭미술관,-9
P144,신신호텔/천지연점,P137,EXACT,신신호텔/천지연점,-7
P145,서귀본향당,P136,EXACT,서귀본향당,-9
P146,새연교,P139,EXACT,새연교,-7
P147,새연교,P139,EXACT,새연교,-8
P147,이중섭거리,P138,EXACT,이중섭거리,-9
P148,대한목장,P141,EXACT,대한목장,-7
P149,삼성혈,P140,EXACT,삼성혈,-9
P150,서귀포 겨울바다 펭귄수영대회,P142,EXACT,서귀포 겨울바다 펭귄수영대회,-8
P151,서귀포은갈치축제,P143,EXACT,서귀포은갈치축제,-8
P152,이중섭거주지,P144,EXACT,이중섭거주지,-8
P154,문섬(서귀포해양도립공원),P145,EXACT,문섬(서귀포해양도립공원),-9
P155,함덕백사장&서우봉,P004,ALIAS,함덕해수욕장,-151
P156,함덕오일장,P147,EXACT,함덕오일장,-9
P157,엉덩물계곡,P148,EXACT,엉덩물계곡,-9
P158,웰니스 숲힐링 축제,P149,EXACT,웰니스 숲힐링 축제,-9
P159,황우럭만화천국사회적협동조합,P150,EXACT,황우럭만화천국사회적협동조합,-9
P160,테디베어뮤지엄 제주,P151,EXACT,테디베어뮤지엄 제주,-9
P161,고씨주택,P152,EXACT,고씨주택,-9
P162,사계항,P153,EXACT,사계항,-9
P164,아라리오뮤지엄탑동시네마,P155,EXACT,아라리오뮤지엄탑동시네마,-9
P165,김영수도서관,P156,EXACT,김영수도서관,-9
P166,삼밭구석&동광리 4.3희생자 위령비,P157,EXACT,삼밭구석&동광리 4.3희생자 위령비,-9
P167,제주목관아,P158,EXACT,제주목관아,-9
P169,탐라문화제,P159,EXACT,탐라문화제,-10
P170,탑동,P160,EXACT,탑동,-10
P171,탑동해변공연장,P161,EXACT,탑동해변공연장,-10
P173,신양섭지해수욕장,P162,EXACT,신양섭지해수욕장,-11
P176,초콜릿랜드,P164,EXACT,초콜릿랜드,-12
P177,표선세화해안도로,P165,EXACT,표선세화해안도로,-12
P178,올레여행자센터,P166,EXACT,올레여행자센터,-12
P179,고성신양해녀의길,P562,EXACT,고성신양해녀의길,383
P180,관덕정,P168,EXACT,관덕정,-12
P181,김만덕기념관,P169,EXACT,김만덕기념관,-12
P182,탐라국 입춘굿놀이,P170,EXACT,탐라국 입춘굿놀이,-12
P183,기독교순례길 2코스(순교의길),P171,EXACT,기독교순례길 2코스(순교의길),-12
P184,제주올레 15-B코스,P172,EXACT,제주올레 15-B코스,-12
P185,당케산물(당케포구),P173,PARTIAL,당케포구,-12
P186,대장금촬영지(제주민속촌),P174,EXACT,대장금촬영지(제주민속촌),-12
P187,제주민속촌 설날맞이 민속행사,P175,EXACT,제주민속촌 설날맞이 민속행사,-12
P188,제주물사랑홍보관,P176,EXACT,제주물사랑홍보관,-12
P189,제주중앙성당,P177,EXACT,제주중앙성당,-12
P190,중문오일장,P178,EXACT,중문오일장,-12
P191,이생진시비공원,P179,EXACT,이생진시비공원,-12
P193,박물관은 살아있다,P180,EXACT,박물관은 살아있다,-13
P194,엑트몬제주,P181,EXACT,엑트몬제주,-13
P195,걸매예술마을,P182,EXACT,걸매예술마을,-13
P196,이덕구산전,P183,EXACT,이덕구산전,-13
P197,선족이오름(알선족이),P184,PARTIAL,선족이오름,-13
P199,김만덕객주,P185,EXACT,김만덕객주,-14
P201,용담 1동 벽화거리,P187,EXACT,용담 1동 벽화거리,-14
P202,고성오일장(입구 교차로),P188,PARTIAL,고성오일장,-14
P203,삼의악트레킹코스,P189,EXACT,삼의악트레킹코스,-14
P204,용연선상음악회,P190,EXACT,용연선상음악회,-14
P205,대수산봉(큰물뫼·물미오름),P191,EXACT,대수산봉(큰물뫼·물미오름),-14
P206,빛의벙커,P192,EXACT,빛의벙커,-14
P207,예술공간 이아,P193,EXACT,예술공간 이아,-14
P208,여미지식물원,P082,EXACT,여미지식물원,-126
P209,제주향교,P194,EXACT,제주향교,-15
P210,한담해변,P195,EXACT,한담해변,-15
P212,용연(용연구름다리),P196,EXACT,용연(용연구름다리),-16
P213,제주농업학교 옛터,P197,EXACT,제주농업학교 옛터,-16
P214,중문리 신사터,P198,EXACT,중문리 신사터,-16
P215,쌍용굴(한림공원),P199,EXACT,쌍용굴(한림공원),-16
P216,협재굴(한림공원),P200,EXACT,협재굴(한림공원),-16
P217,세미오름(샘이오름),P201,EXACT,세미오름(샘이오름),-16
P218,자구리공원,P202,EXACT,자구리공원,-16
P219,서귀포칠십리축제,P203,EXACT,서귀포칠십리축제,-16
P220,보목포구,P204,EXACT,보목포구,-16
P221,용둠범목제계단길,P205,EXACT,용둠범목제계단길,-16
P222,보목자리리돔축제,P206,EXACT,보목자리리돔축제,-16
P223,세미양오름,P207,EXACT,세미양오름,-16
P224,제주국제공항(정뜨르비행장) 1(활주로),P001,PARTIAL,제주국제공항,-223
P224,제주국제공항(정뜨르비행장) 2(활주로),P001,PARTIAL,제주국제공항,-223
P224,제주국제공항(정뜨르비행장) 3(활주로),P001,PARTIAL,제주국제공항,-223
P225,이상한나라의앨리스,P208,EXACT,이상한나라의앨리스,-17
P226,정모시쉼터,P209,EXACT,정모시쉼터,-17
P227,남수각하늘벽화거리,P210,EXACT,남수각하늘벽화거리,-17
P228,오현단,P211,EXACT,오현단,-17
P230,도두오래물축제,P903,PARTIAL,도두오래물,673
P231,산천단 곰솔,P214,EXACT,산천단 곰솔,-17
P232,제주올레 17코스,P215,EXACT,제주올레 17코스,-17
P233,넙게오름,P216,EXACT,넙게오름,-17
P234,선임교,P217,EXACT,선임교,-17
P235,금능포구,P218,EXACT,금능포구,-17
P236,애월 하물,P219,EXACT,애월 하물,-17
P237,애월한담해안산책로,P220,EXACT,애월한담해안산책로,-17
P238,대정현역사자료전시관,P221,EXACT,대정현역사자료전시관,-17
P239,아이리스촬영지(하얀등대),P222,EXACT,아이리스촬영지(하얀등대),-17
P240,영주산,P223,EXACT,영주산,-17
P241,월나봉(도래오름),P224,EXACT,월나봉(도래오름),-17
P242,제주성지 1(제이각 석축),P225,PARTIAL,제주성지,-17
P243,제주시 충혼묘지 4.3추모비(박진경 추도비),P226,EXACT,제주시 충혼묘지 4.3추모비(박진경 추도비),-17
P244,제주올레 1-1코스,P228,EXACT,제주올레 11코스,-16
P245,제주올레 11코스,P228,EXACT,제주올레 11코스,-17
P246,조일구락부 옛터,P229,EXACT,조일구락부 옛터,-17
P247,조천리용천수탐방길 (조천포구),P230,PARTIAL,조천리용천수탐방길,-17
P248,바람모루,P231,EXACT,바람모루,-17
P249,산지천축제,P232,EXACT,산지천축제,-17
P250,서귀포 하영올레 1(정모시 쉼터),P233,PARTIAL,서귀포 하영올레,-17
P251,소남머리,P234,EXACT,소남머리,-17
P252,제주시서문시장,P235,EXACT,제주시서문시장,-17
P253,방일리공원,P236,EXACT,방일리공원,-17
P254,추억애거리,P237,EXACT,추억애거리,-17
P255,도두봉,P238,EXACT,도두봉,-17
P256,도두항,P239,EXACT,도두항,-17
P258,영모원,P241,EXACT,영모원,-17
P259,애월연대,P242,EXACT,애월연대,-17
P261,검멀레동굴,P244,EXACT,검멀레동굴,-17
P262,삼화포구,P245,EXACT,삼화포구,-17
P263,성읍녹차마을,P246,EXACT,성읍녹차마을,-17
P264,월정리해안도로,P247,EXACT,월정리해안도로,-17
P265,칠머리길,P248,EXACT,칠머리길,-17
P266,표선오일장,P249,EXACT,표선오일장,-17
P268,이호테우해수욕장,P250,EXACT,이호테우해수욕장,-18
P269,정주항,P251,EXACT,정주항,-18
P270,하고수동해변,P252,EXACT,하고수동해변,-18
P271,상추자마을길 1(상추자항 인근 해상),P253,PARTIAL,상추자마을길,-18
P271,상추자마을길 2(상추자항 방파제),P253,PARTIAL,상추자마을길,-18
P272,시크릿가든촬영지(씨에스호텔),P254,PARTIAL,시크릿가든촬영지,-18
P273,부대악오름,P255,EXACT,부대악오름,-18
P274,이호테우축제,P256,EXACT,이호테우축제,-18
P276,어리목계곡,P258,EXACT,어리목계곡,-18
P277,톨칸이,P259,EXACT,톨칸이,-18
P278,한라산어리목코스,P260,EXACT,한라산어리목코스,-18
P279,도새기축제,P261,EXACT,도새기축제,-18
P280,삼각봉,P262,EXACT,삼각봉,-18
P281,강병대교회,P263,EXACT,강병대교회,-18
P282,김한미술관&카페,P264,PARTIAL,김한미술관&카페3206,-18
P283,배령연대,P265,EXACT,배령연대,-18
P284,전농로 서사라문화거리,P266,EXACT,전농로 서사라문화거리,-18
P285,제주기독교순례길,P267,EXACT,제주기독교순례길,-18
P286,기독교순례길 1코스(순종의길),P268,EXACT,기독교순례길 1코스(순종의길),-18
P288,드르쿰다in 성산,P269,EXACT,드르쿰다in 성산,-19
P289,쇠와꽃 승마장,P270,EXACT,쇠와꽃 승마장,-19
P290,이랜드뮤지엄,P271,EXACT,이랜드뮤지엄,-19
P293,사계용머리해안,P015,PARTIAL,용머리해안,-278
P294,제주국제평화센터,P273,EXACT,제주국제평화센터,-21
P295,SOS박물관,P274,EXACT,SOS박물관,-21
P297,다끄네포구(용담포구),P276,EXACT,다끄네포구(용담포구),-21
P298,용두암해안도로카페거리,P277,EXACT,용두암해안도로카페거리,-21
P299,맬튼개갯담,P278,EXACT,맬튼개갯담,-21
P300,세화해안도로,P279,EXACT,세화해안도로,-21
P301,우도 봉수대,P280,EXACT,우도 봉수대,-21
P302,신양포구,P281,EXACT,신양포구,-21
P304,우도 비양도,P282,EXACT,우도 비양도,-22
P305,질그랭이센터,P283,EXACT,질그랭이센터,-22
P306,범섬,P284,EXACT,범섬,-22
P307,곤물,P285,EXACT,곤물,-22
P308,서귀포자연휴양림,P286,EXACT,서귀포자연휴양림,-22
P309,화순금모래해수욕장,P287,EXACT,화순금모래해수욕장,-22
P310,화순금모래해수욕장담수수영장,P288,EXACT,화순금모래해수욕장담수수영장,-22
P312,대정오일장,P289,EXACT,대정오일장,-23
P313,중엄리새물,P290,EXACT,중엄리새물,-23
P314,해녀박물관,P291,EXACT,해녀박물관,-23
P315,석부작박물관,P292,EXACT,석부작박물관,-23
P316,숨도,P293,EXACT,숨도,-23
P317,왈종미술관,P294,EXACT,왈종미술관,-23
P318,한림공원 수선화축제,P295,EXACT,한림공원 수선화축제,-23
P319,한림공원 튤립축제,P296,EXACT,한림공원 튤립축제,-23
P320,한림공원국화축제,P297,EXACT,한림공원국화축제,-23
P321,한림공원매화축제,P298,EXACT,한림공원매화축제,-23
P322,해녀의부엌,P299,EXACT,해녀의부엌,-23
P323,해맞이해안도로 1(종달리 해맞이해안로 구간),P300,PARTIAL,해맞이해안도로,-23
P323,해맞이해안도로 2(조천리 조천해안도로 구간),P300,PARTIAL,해맞이해안도로,-23
P325,협자연대,P301,EXACT,협자연대,-24
P326,화순리 유채꽃길,P302,EXACT,화순리 유채꽃길,-24
P327,황금굴(한림공원),P303,EXACT,황금굴(한림공원),-24
P328,애월해안도로,P304,EXACT,애월해안도로,-24
P328,애월해안도로 2(고내리 해안도로·애월항 인근),P304,PARTIAL,애월해안도로,-24
P328,애월해안도로 3(애월항),P304,PARTIAL,애월해안도로,-24
P328,애월해안도로 4(애월항),P304,PARTIAL,애월해안도로,-24
P328,애월해안도로 5(고내리 해안도로),P304,PARTIAL,애월해안도로,-24
P328,애월해안도로 6(구엄리 해안도로),P304,PARTIAL,애월해안도로,-24
P328,애월해안도로 7(애월항 입구),P304,PARTIAL,애월해안도로,-24
P328,애월해안도로 8(애월항),P304,PARTIAL,애월해안도로,-24
P329,제주국제컨벤션센터 icc,P305,EXACT,제주국제컨벤션센터 icc,-24
P330,1112도로,P306,EXACT,1112도로,-24
P332,성읍목장,P308,EXACT,성읍목장,-24
P333,장생의 숲길,P309,EXACT,장생의 숲길,-24
P334,제주곶자왈도립공원,P310,EXACT,제주곶자왈도립공원,-24
P334,제주곶자왈도립공원 2(숲길),P310,PARTIAL,제주곶자왈도립공원,-24
P335,강정천유원지,P311,EXACT,강정천유원지,-24
P336,남원큰엉해변,P312,EXACT,남원큰엉해변,-24
P337,비양도등대,P313,EXACT,비양도등대,-24
P340,도령모루,P314,EXACT,도령모루,-26
P340,도령모루 3(해태동산 인근 공항로),P314,PARTIAL,도령모루,-26
P341,9연대 본부 옛터,P315,EXACT,9연대 본부 옛터,-26
P342,고내봉(고내오름+고니오름+ 망오름),P316,EXACT,고내봉(고내오름+고니오름+ 망오름),-26
P343,용담레포츠공원,P317,EXACT,용담레포츠공원,-26
P344,월령포구,P318,EXACT,월령포구,-26
P345,제주올레 1코스,P319,EXACT,제주올레 1코스,-26
P346,화북환해장성,P320,EXACT,화북환해장성,-26
P347,산방산 용머리해안 지질트레일A코스,P321,EXACT,산방산 용머리해안 지질트레일A코스,-26
P348,새섬,P322,EXACT,새섬,-26
P349,소수산봉(족은물뫼),P323,EXACT,소수산봉(족은물뫼),-26
P350,오조리조개체험어장,P324,EXACT,오조리조개체험어장,-26
P351,제주올레 16코스,P325,EXACT,제주올레 16코스,-26
P352,제주올레 21코스,P326,EXACT,제주올레 21코스,-26
P353,터진목&성산면 4.3희생자 유령비,P327,EXACT,터진목&성산면 4.3희생자 유령비,-26
P354,곽지패총,P328,EXACT,곽지패총,-26
P355,제주올레 5코스,P329,EXACT,제주올레 5코스,-26
P356,천지연기정길,P330,EXACT,천지연기정길,-26
P357,한림항,P331,EXACT,한림항,-26
P358,현사포구,P332,EXACT,현사포구,-26
P359,남두연대,P333,EXACT,남두연대,-26
P360,도두해안도로,P334,EXACT,도두해안도로,-26
P361,모충사,P335,EXACT,모충사,-26
P362,성산오조리해안,P336,EXACT,성산오조리해안,-26
P363,안덕면 사계어촌계,P337,EXACT,안덕면 사계어촌계,-26
P363,안덕면 사계어촌계 2(사계포구 해변),P337,PARTIAL,안덕면 사계어촌계,-26
P364,어영공원,P338,EXACT,어영공원,-26
P365,월령선인장군락지,P339,EXACT,월령선인장군락지,-26
P366,협재포구,P340,EXACT,협재포구,-26
P366,협재포구 5 (마을어장),P340,PARTIAL,협재포구,-26
P367,대정해변(하모해변),P341,EXACT,대정해변(하모해변),-26
P370,삼양검은모래축제,P343,EXACT,삼양검은모래축제,-27
P372,심헌갤러리,P345,EXACT,심헌갤러리,-27
P373,제주교육박물관,P346,EXACT,제주교육박물관,-27
P374,최남단방어축제,P347,EXACT,최남단방어축제,-27
P375,금능석물원,P348,EXACT,금능석물원,-27
P376,송악산,P349,EXACT,송악산,-27
P377,제주불교성지 순례길 절로 가는길 - 지계의 길,P350,EXACT,제주불교성지 순례길 절로 가는길 - 지계의 길,-27
P378,김녕해안도로,P351,EXACT,김녕해안도로,-27
P379,민속자연사박물관,P352,EXACT,민속자연사박물관,-27
P380,용담/용두암해안도로,P353,EXACT,용담/용두암해안도로,-27
P381,제주해녀축제,P354,EXACT,제주해녀축제,-27
P382,중문관광단지,P355,EXACT,중문관광단지,-27
P382,중문관광단지 4(퍼시픽랜드 입구),P355,PARTIAL,중문관광단지,-27
P383,볼레낭길(보목포로),P356,EXACT,볼레낭길(보목포로),-27
P384,서귀포해안,P357,EXACT,서귀포해안,-27
P385,제주올레 7코스,P358,EXACT,제주올레 7코스,-27
P387,황우지해안,P359,EXACT,황우지해안,-28
P387,황우지해안 2(선녀탕),P359,PARTIAL,황우지해안,-28
P387,황우지해안 3(선녀탕),P359,PARTIAL,황우지해안,-28
P387,황우지해안 4(선녀탕 해상),P359,PARTIAL,황우지해안,-28
P388,걸매생태공원,P360,EXACT,걸매생태공원,-28
P389,구엄리돌염전,P361,EXACT,구엄리돌염전,-28
P390,구엄포구,P362,EXACT,구엄포구,-28
P391,그린크루즈(산방산유람선),P363,EXACT,그린크루즈(산방산유람선),-28
P392,미천굴,P364,EXACT,미천굴,-28
P393,서복전시관,P365,EXACT,서복전시관,-28
P394,서영아리오름/용와이오름,P366,EXACT,서영아리오름/용와이오름,-28
P395,신창리포구,P367,EXACT,신창리포구,-28
P396,외돌개,P368,EXACT,외돌개,-28
P397,일출랜드,P369,EXACT,일출랜드,-28
P399,하멜기념비,P371,EXACT,하멜기념비,-28
P400,황우지해안 열두굴,P372,EXACT,황우지해안 열두굴,-28
P401,개오리오름,P373,EXACT,개오리오름,-28
P402,고내리포구,P374,EXACT,고내리포구,-28
P403,금룡사,P569,EXACT,금룡사,166
P404,금룡사 템플스테이,P376,EXACT,금룡사템플스테이,-28
P405,김녕해수욕장야영장,P377,EXACT,김녕해수욕장야영장,-28
P406,남원문화의거리,P378,EXACT,남원문화의거리,-28
P408,산방굴사,P380,EXACT,산방굴사,-28
P409,옹포천,P381,EXACT,옹포천,-28
P410,최영장군사당,P382,EXACT,최영장군사당,-28
P411,추사유배길-1코스 집념의길,P383,EXACT,추사유배길-1코스 집념의길,-28
P412,추사유배길-2코스 인연의길,P384,EXACT,추사유배길-2코스 인연의길,-28
P413,추사유배길-3코스 사색의길,P385,EXACT,추사유배길-3코스 사색의길,-28
P414,통일관,P386,EXACT,통일관,-28
P415,4.3해원방사탑,P387,EXACT,4.3해원방사탑,-28
P416,귀덕연대,P388,EXACT,귀덕연대,-28
P417,그리스신화박물관/트릭아이미술관,P389,EXACT,그리스신화박물관/트릭아이미술관,-28
P418,독자봉,P390,EXACT,독자봉,-28
P419,동알오름,P391,EXACT,동알오름,-28
P420,물메(물미·수산봉),P392,EXACT,물메(물미·수산봉),-28
P421,청수성결교회,P393,EXACT,청수성결교회,-28
P422,대정면 4.3사건 위령비,P394,EXACT,대정면 4.3사건 위령비,-28
P423,제주국제관악제,P395,EXACT,제주국제관악제,-28
P424,제주국제마라톤축제,P396,EXACT,제주국제마라톤축제,-28
P425,제주문예회관,P397,EXACT,제주문예회관,-28
P426,종달리해변,P398,EXACT,종달리해변,-28
P427,기독교순례길 4코스(화해의길),P399,EXACT,기독교순례길 4코스(화해의길),-28
P428,김녕 청굴물,P400,EXACT,김녕 청굴물,-28
P429,신산공원,P401,EXACT,신산공원,-28
P430,온평리 환해장성,P402,EXACT,온평리 환해장성,-28
P431,한모살(표선백사장),P403,EXACT,한모살(표선백사장),-28
P432,사라오름,P404,EXACT,사라오름,-28
P433,연대포구,P405,EXACT,연대포구,-28
P434,이호테우말등대,P406,EXACT,이호테우말등대,-28
P435,입산봉(삿갓오름),P407,EXACT,입산봉(삿갓오름),-28
P437,단산과 방사탑 1(단산·바굼지오름 암벽구간),P741,PARTIAL,단산(바굼지오름),304
P440,사계해안도로,P410,EXACT,사계해안도로,-30
P441,성산.오조 지질트레일,P411,EXACT,성산.오조 지질트레일,-30
P442,소인국테마파크,P412,EXACT,소인국테마파크,-30
P447,우도(해양도립공원),P414,EXACT,우도(해양도립공원),-33
P448,제주올레 14-1코스,P415,EXACT,제주올레 14-1코스,-33
P449,가파도 마라도 정기여객선,P416,EXACT,가파도 마라도 정기여객선,-33
P450,거믄여해안경승지,P417,EXACT,거믄여해안경승지,-33
P451,고내리 다락쉼터,P418,EXACT,고내리 다락쉼터,-33
P452,남원 위미2리 어촌계,P419,EXACT,남원 위미2리 어촌계,-33
P453,영등할망 신화공원,P420,EXACT,영등할망 신화공원,-33
P454,조천비석거리,P421,EXACT,조천비석거리,-33
P456,창고천생태공원,P423,EXACT,창고천생태공원,-33
P457,통오름,P424,EXACT,통오름,-33
P458,1100고지(휴게소),P425,PARTIAL,1100고지,-33
P459,1100고지습지,P743,EXACT,1100고지습지,284
P461,수목원테마파크(야시장&LED공원),P426,EXACT,수목원테마파크(야시장&LED공원),-35
P462,수산저수지,P427,EXACT,수산저수지,-35
P463,아이스뮤지엄,P428,EXACT,아이스뮤지엄,-35
P465,진아영 할머니 집터,P430,EXACT,진아영 할머니 집터,-35
P466,플레이박스 VR,P707,EXACT,플레이박스VR,241
P467,김녕 지질트레일 A코스,P431,EXACT,김녕 지질트레일 A코스,-36
P468,김녕 지질트레일 B코스,P432,EXACT,김녕 지질트레일 B코스,-36
P469,김녕요트투어,P433,EXACT,김녕요트투어,-36
P470,돔베낭골,P434,EXACT,돔베낭골,-36
P472,막숙,P435,EXACT,막숙,-37
P473,민악,P436,EXACT,민악,-37
P475,법환포구,P438,EXACT,법환포구,-37
P476,삼사석,P439,EXACT,삼사석,-37
P477,쇠소깍해변,P440,EXACT,쇠소깍해변,-37
P478,안덕계곡 (샛소다리),P441,PARTIAL,안덕계곡,-37
P479,알작지해변,P442,EXACT,알작지해변,-37
P480,우도등대,P443,EXACT,우도등대,-37
P481,제주추사관,P444,EXACT,제주추사관,-37
P482,추사적거지,P445,EXACT,추사적거지,-37
P483,김녕항,P446,EXACT,김녕항,-37
P484,신비의도로,P447,EXACT,신비의도로,-37
P484,신비의도로 3(도깨비도로 구간),P447,PARTIAL,신비의도로,-37
P485,임문숙 가족 헛묘,P448,EXACT,임문숙 가족 헛묘,-37
P486,제주올레 20코스,P449,EXACT,제주올레 20코스,-37
P487,한남의 숙터,P450,EXACT,한남의 숙터,-37
P488,노형슈퍼마켙,P451,EXACT,노형슈퍼마켙,-37
P489,도너리오름,P452,EXACT,도너리오름,-37
P490,설쿰바당,P453,EXACT,설쿰바당,-37
P491,오백나한,P454,EXACT,오백나한,-37
P492,월라사,P455,EXACT,월라사,-37
P493,제주불교성지 순례길 절로 가는길 - 정진의 길,P456,EXACT,제주불교성지 순례길 절로 가는길 - 정진의 길,-37
P494,존자암지,P457,EXACT,존자암지,-37
P495,종달리해안도로,P458,EXACT,종달리해안도로,-37
P496,중문미로파크,P459,EXACT,중문미로파크,-37
P497,추자등대,P460,EXACT,추자등대,-37
P499,갑자기 히어로즈 벽화길,P462,EXACT,갑자기 히어로즈 벽화길,-37
P500,남문지못,P463,EXACT,남문지못,-37
P501,넥슨컴퓨터박물관,P464,EXACT,넥슨컴퓨터박물관,-37
P502,동귀방파제,P465,EXACT,동귀방파제,-37
P503,병악,P466,EXACT,병악,-37
P504,삼다수숲길 지질트레일 3코스,P467,EXACT,삼다수숲길 지질트레일 3코스,-37
P505,서귀포천문과학문화관,P468,EXACT,서귀포천문과학문화관,-37
P506,송계순집터,P469,EXACT,송계순집터,-37
P507,송죽사터,P470,EXACT,송죽사터,-37
P508,아프리카박물관,P471,EXACT,아프리카박물관,-37
P509,연북정,P472,EXACT,연북정,-37
P511,제주요도자기문화박물관,P473,EXACT,제주요도자기문화박물관,-38
P512,피규어뮤지엄제주,P474,EXACT,피규어뮤지엄제주,-38
P513,한국야구명예전당(야구박물관),P475,EXACT,한국야구명예전당(야구박물관),-38
P514,후포해변,P476,EXACT,후포해변,-38
P515,광령귤나무,P477,EXACT,광령귤나무,-38
P516,금성비단교산책길,P478,EXACT,금성비단교산책길,-38
P517,대평포구,P479,EXACT,대평포구,-38
P518,서귀포항,P480,EXACT,서귀포항,-38
P519,세계조가비박물관,P481,EXACT,세계조가비박물관,-38
P520,소라의성,P482,PARTIAL,소라의성 시민 북카페,-38
P521,소머리오름,P483,EXACT,소머리오름,-38
P522,소천지,P484,EXACT,소천지,-38
P523,엉알해안산책로,P485,EXACT,엉알해안산책로,-38
P524,우도봉,P486,EXACT,우도봉,-38
P525,이호-내도 해안도로,P487,EXACT,이호-내도 해안도로,-38
P526,제주올레 6코스,P488,EXACT,제주올레 6코스,-38
P527,금성포구,P489,EXACT,금성포구,-38
P528,동일리포구,P490,EXACT,동일리포구,-38
P528,동일리포구 2 (갯바위),P490,PARTIAL,동일리포구,-38
P529,베릿네오름,P491,EXACT,베릿네오름,-38
P530,선흘1리,P492,EXACT,선흘1리,-38
P531,신창~차귀해안도로,P493,EXACT,신창~차귀해안도로,-38
P532,싱게물공원,P494,EXACT,싱게물공원,-38
P534,위미항,P495,EXACT,위미항,-39
P535,제주민속오일장,P031,EXACT,제주민속오일장,-504
P536,조안베어뮤지엄,P496,EXACT,조안베어뮤지엄,-40
P537,감수굴 밭담길,P497,EXACT,감수굴 밭담길,-40
P538,금악오름(왕매),P498,EXACT,금악오름(왕매),-40
P539,만세동산,P507,PARTIAL,조천만세동산,-32
P540,명월성지,P499,EXACT,명월성지,-41
P541,서귀포예술의전당,P500,EXACT,서귀포예술의전당,-41
P542,자구내포구,P501,EXACT,자구내포구,-41
P543,제주센트럴파크,P502,EXACT,제주센트럴파크,-41
P544,제주올레 9코스,P503,EXACT,제주올레 9코스,-41
P545,제주옹기굴제,P504,EXACT,제주옹기굴제,-41
P548,제지기오름,P505,EXACT,제지기오름,-43
P550,조천만세동산,P507,EXACT,조천만세동산,-43
P551,차귀도유람선,P508,EXACT,차귀도유람선,-43
P552,태흥포구,P509,EXACT,태흥포구,-43
P553,평대리해변,P910,EXACT,평대리 해변,357
P554,평대해변,P510,EXACT,평대해변,-44
P555,갓전시관[갓전수교육관],P511,EXACT,갓전시관[갓전수교육관],-44
P556,국립제주박물관 설날 한마당,P108,PARTIAL,국립제주박물관,-448
P557,기당미술관,P512,EXACT,기당미술관,-45
P558,사라봉,P513,EXACT,사라봉,-45
P559,성산 유채꽃재배단지,P514,EXACT,성산 유채꽃재배단지,-45
P560,제주고산리유적,P515,EXACT,제주고산리유적,-45
P561,제주불빛정원 테마파크,P516,EXACT,제주불빛정원 테마파크,-45
P562,평화통일 불사리탑,P517,EXACT,평화통일 불사리탑,-45
P564,교래자연휴양림,P519,EXACT,교래자연휴양림,-45
P565,대포포구,P520,EXACT,대포포구,-45
P566,라신동,P521,EXACT,라신동,-45
P567,만장굴,P522,EXACT,만장굴,-45
P568,별도포구 1(화북포구),P523,PARTIAL,별도포구,-45
P568,별도포구 2(화북포구 앞 해상),P523,PARTIAL,별도포구,-45
P568,별도포구 3(화북포구),P523,PARTIAL,별도포구,-45
P569,옥돔마을,P524,EXACT,옥돔마을,-45
P570,원동,P525,EXACT,원동,-45
P571,정의현 일관헌,P526,EXACT,정의현 일관헌,-45
P572,제주대학교 가는길 1(제주대 입구 사거리),P527,PARTIAL,제주대학교 가는길,-45
P572,제주대학교 가는길 2(제주대 정문 서측 도로),P527,PARTIAL,제주대학교 가는길,-45
P572,제주대학교 가는길 3(제주대 입구 사거리),P527,PARTIAL,제주대학교 가는길,-45
P573,제주러브랜드,P528,EXACT,제주러브랜드,-45
P574,제주특별자치도 삼양동 유적(삼양동 선사 유적지),P529,PARTIAL,삼양동선사유적지,-45
P576,제주항일기념관,P530,EXACT,제주항일기념관,-46
P578,공천포,P531,EXACT,공천포,-47
P579,나바론절벽(나바론 하늘길),P532,PARTIAL,나바론절벽,-47
P580,너븐숭이 4.3기념관,P533,EXACT,너븐숭이 4.3기념관,-47
P582,보롬이(하논·하구구),P534,EXACT,보롬이(하논·하구구),-48
P583,본태박물관,P535,EXACT,본태박물관,-48
P584,삼다수숲길 지질트레일 1코스,P536,EXACT,삼다수숲길 지질트레일 1코스,-48
P585,삼양해안도로,P537,EXACT,삼양해안도로,-48
P586,애월환해장성,P538,EXACT,애월환해장성,-48
P587,엉알해안,P539,EXACT,엉알해안,-48
P588,예래생태마을체험축제,P540,EXACT,예래생태마을체험축제,-48
P589,예래해안도로 1(갯깍주상절리대),P541,PARTIAL,예래해안도로,-48
P590,오름터 민속마을,P542,EXACT,오름터 민속마을,-48
P591,한라산둘레길 수악길,P870,EXACT,한라산둘레길 수악길,279
P594,천아계곡,P855,EXACT,천아계곡,261
P595,마라도,P416,PARTIAL,가파도 마라도 정기여객선,-179
P596,용수포구,P893,EXACT,용수포구,297
P598,따라비오름,P749,EXACT,따라비오름,151
P599,큰노꼬메오름,P632,EXACT,큰노꼬메오름,33
P600,수월봉,P745,EXACT,수월봉,145
P601,목장카페 드르쿰다,P995,EXACT,목장카페 드르쿰다,394
P602,붉은오름,P832,PARTIAL,붉은오름자연휴양림,230
P603,궷물오름,P796,EXACT,궷물오름,193
P604,모구리오름,P767,EXACT,모구리오름,163
P607,용연구름다리,P196,PARTIAL,용연(용연구름다리),-411
P608,세화항,P895,EXACT,세화항,287
P609,하도해수욕장,P911,EXACT,하도해수욕장,302
P610,운진항,P896,EXACT,운진항,286
P611,토끼섬,P636,EXACT,토끼섬,25
P612,제주월드컵경기장,P996,EXACT,제주월드컵경기장,384
P613,추자도,P917,EXACT,추자도,304
P614,코난해변,P904,EXACT,코난해변,290
P615,신흥해수욕장,P912,EXACT,신흥해수욕장,297
P617,도리빨해변,P909,EXACT,도리빨해변,292
P619,소금막해변,P908,EXACT,소금막해변,289
P620,한라산 성판악 탐방로,P868,EXACT,한라산 성판악 탐방로,248
P621,다랑쉬오름,P744,PARTIAL,다랑쉬오름(월랑봉),123
P622,백약이오름,P797,EXACT,백약이오름,175
P623,어승생악,P747,EXACT,어승생악,124
P626,서건도,P921,EXACT,서건도,295
P627,제주종합경기장,P997,EXACT,제주종합경기장,370
P628,행원리 남당(해신당),P727,EXACT,행원리 남당(해신당),99
P629,다려도,P925,EXACT,다려도,296
P633,하예포구,P894,EXACT,하예포구,261
P634,남원항,P898,EXACT,남원항,264
P635,신촌포구,P899,EXACT,신촌포구,264
P636,차귀도,P916,EXACT,차귀도,280
P638,제주항,P056,PARTIAL,제주항국제여객선터미널,-582
P639,구두미포구,P897,EXACT,구두미포구,258
P642,용강별숲공원,P673,EXACT,용강별숲공원,31
P648,태웃개,P902,EXACT,태웃개,254
P649,소정방폭포,P037,PARTIAL,정방폭포,-612
P682,서귀포시 중문색달해수욕장 서쪽 해상,P125,PARTIAL,중문색달해수욕장,-557
P683,제주시 구좌읍 행원리 코난해변 앞 해상,P904,PARTIAL,코난해변,221
