placeId,recentAreaTotal,recentAreaTypes,recentAreaPeriod,recentAreaBasis
P012,25,낙상:15;추락:3;동물곤충:3;관통상:2;기타 둔상:1;온열손상:1,"2022-2023,2025",읍면동+장소유형 매칭(개별 귀속 아님·약한 신호)
P022,25,낙상:15;추락:3;동물곤충:3;관통상:2;기타 둔상:1;온열손상:1,"2022-2023,2025",읍면동+장소유형 매칭(개별 귀속 아님·약한 신호)
P049,25,낙상:15;추락:3;동물곤충:3;관통상:2;기타 둔상:1;온열손상:1,"2022-2023,2025",읍면동+장소유형 매칭(개별 귀속 아님·약한 신호)
P104,25,낙상:15;추락:3;동물곤충:3;관통상:2;기타 둔상:1;온열손상:1,"2022-2023,2025",읍면동+장소유형 매칭(개별 귀속 아님·약한 신호)
P195,25,낙상:15;추락:3;동물곤충:3;관통상:2;기타 둔상:1;온열손상:1,"2022-2023,2025",읍면동+장소유형 매칭(개별 귀속 아님·약한 신호)
P219,25,낙상:15;추락:3;동물곤충:3;관통상:2;기타 둔상:1;온열손상:1,"2022-2023,2025",읍면동+장소유형 매칭(개별 귀속 아님·약한 신호)
P220,25,낙상:15;추락:3;동물곤충:3;관통상:2;기타 둔상:1;온열손상:1,"2022-2023,2025",읍면동+장소유형 매칭(개별 귀속 아님·약한 신호)
P267,25,낙상:15;추락:3;동물곤충:3;관통상:2;기타 둔상:1;온열손상:1,"2022-2023,2025",읍면동+장소유형 매칭(개별 귀속 아님·약한 신호)
P268,25,낙상:15;추락:3;동물곤충:3;관통상:2;기타 둔상:1;온열손상:1,"2022-2023,2025",읍면동+장소유형 매칭(개별 귀속 아님·약한 신호)
P290,25,낙상:15;추락:3;동물곤충:3;관통상:2;기타 둔상:1;온열손상:1,"2022-2023,2025",읍면동+장소유형 매칭(개별 귀속 아님·약한 신호)
P304,25,낙상:15;추락:3;동물곤충:3;관통상:2;기타 둔상:1;온열손상:1,"2022-2023,2025",읍면동+장소유형 매칭(개별 귀속 아님·약한 신호)
P316,25,낙상:15;추락:3;동물곤충:3;관통상:2;기타 둔상:1;온열손상:1,"2022-2023,2025",읍면동+장소유형 매칭(개별 귀속 아님·약한 신호)
P325,25,낙상:15;추락:3;동물곤충:3;관통상:2;기타 둔상:1;온열손상:1,"2022-2023,2025",읍면동+장소유형 매칭(개별 귀속 아님·약한 신호)
P361,25,낙상:15;추락:3;동물곤충:3;관통상:2;기타 둔상:1;온열손상:1,"2022-2023,2025",읍면동+장소유형 매칭(개별 귀속 아님·약한 신호)
P362,25,낙상:15;추락:3;동물곤충:3;관통상:2;기타 둔상:1;온열손상:1,"2022-2023,2025",읍면동+장소유형 매칭(개별 귀속 아님·약한 신호)
P374,25,낙상:15;추락:3;동물곤충:3;관통상:2;기타 둔상:1;온열손상:1,"2022-2023,2025",읍면동+장소유형 매칭(개별 귀속 아님·약한 신호)
P392,25,낙상:15;추락:3;동물곤충:3;관통상:2;기타 둔상:1;온열손상:1,"2022-2023,2025",읍면동+장소유형 매칭(개별 귀속 아님·약한 신호)
P418,25,낙상:15;추락:3;동물곤충:3;관통상:2;기타 둔상:1;온열손상:1,"2022-2023,2025",읍면동+장소유형 매칭(개별 귀속 아님·약한 신호)
P427,25,낙상:15;추락:3;동물곤충:3;관통상:2;기타 둔상:1;온열손상:1,"2022-2023,2025",읍면동+장소유형 매칭(개별 귀속 아님·약한 신호)
P465,25,낙상:15;추락:3;동물곤충:3;관통상:2;기타 둔상:1;온열손상:1,"2022-2023,2025",읍면동+장소유형 매칭(개별 귀속 아님·약한 신호)
P477,25,낙상:15;추락:3;동물곤충:3;관통상:2;기타 둔상:1;온열손상:1,"2022-2023,2025",읍면동+장소유형 매칭(개별 귀속 아님·약한 신호)
P478,25,낙상:15;추락:3;동물곤충:3;관통상:2;기타 둔상:1;온열손상:1,"2022-2023,2025",읍면동+장소유형 매칭(개별 귀속 아님·약한 신호)
P489,25,낙상:15;추락:3;동물곤충:3;관통상:2;기타 둔상:1;온열손상:1,"2022-2023,2025",읍면동+장소유형 매칭(개별 귀속 아님·약한 신호)
P538,25,낙상:15;추락:3;동물곤충:3;관통상:2;기타 둔상:1;온열손상:1,"2022-2023,2025",읍면동+장소유형 매칭(개별 귀속 아님·약한 신호)
P579,25,낙상:15;추락:3;동물곤충:3;관통상:2;기타 둔상:1;온열손상:1,"2022-2023,2025",읍면동+장소유형 매칭(개별 귀속 아님·약한 신호)
P602,25,낙상:15;추락:3;동물곤충:3;관통상:2;기타 둔상:1;온열손상:1,"2022-2023,2025",읍면동+장소유형 매칭(개별 귀속 아님·약한 신호)
P606,25,낙상:15;추락:3;동물곤충:3;관통상:2;기타 둔상:1;온열손상:1,"2022-2023,2025",읍면동+장소유형 매칭(개별 귀속 아님·약한 신호)
P628,25,낙상:15;추락:3;동물곤충:3;관통상:2;기타 둔상:1;온열손상:1,"2022-2023,2025",읍면동+장소유형 매칭(개별 귀속 아님·약한 신호)
P632,25,낙상:15;추락:3;동물곤충:3;관통상:2;기타 둔상:1;온열손상:1,"2022-2023,2025",읍면동+장소유형 매칭(개별 귀속 아님·약한 신호)
P633,25,낙상:15;추락:3;동물곤충:3;관통상:2;기타 둔상:1;온열손상:1,"2022-2023,2025",읍면동+장소유형 매칭(개별 귀속 아님·약한 신호)
P752,25,낙상:15;추락:3;동물곤충:3;관통상:2;기타 둔상:1;온열손상:1,"2022-2023,2025",읍면동+장소유형 매칭(개별 귀속 아님·약한 신호)
P764,25,낙상:15;추락:3;동물곤충:3;관통상:2;기타 둔상:1;온열손상:1,"2022-2023,2025",읍면동+장소유형 매칭(개별 귀속 아님·약한 신호)
P782,25,낙상:15;추락:3;동물곤충:3;관통상:2;기타 둔상:1;온열손상:1,"2022-2023,2025",읍면동+장소유형 매칭(개별 귀속 아님·약한 신호)
P783,25,낙상:15;추락:3;동물곤충:3;관통상:2;기타 둔상:1;온열손상:1,"2022-2023,2025",읍면동+장소유형 매칭(개별 귀속 아님·약한 신호)
P787,25,낙상:15;추락:3;동물곤충:3;관통상:2;기타 둔상:1;온열손상:1,"2022-2023,2025",읍면동+장소유형 매칭(개별 귀속 아님·약한 신호)
P788,25,낙상:15;추락:3;동물곤충:3;관통상:2;기타 둔상:1;온열손상:1,"2022-2023,2025",읍면동+장소유형 매칭(개별 귀속 아님·약한 신호)
P796,25,낙상:15;추락:3;동물곤충:3;관통상:2;기타 둔상:1;온열손상:1,"2022-2023,2025",읍면동+장소유형 매칭(개별 귀속 아님·약한 신호)
P808,25,낙상:15;추락:3;동물곤충:3;관통상:2;기타 둔상:1;온열손상:1,"2022-2023,2025",읍면동+장소유형 매칭(개별 귀속 아님·약한 신호)
P822,25,낙상:15;추락:3;동물곤충:3;관통상:2;기타 둔상:1;온열손상:1,"2022-2023,2025",읍면동+장소유형 매칭(개별 귀속 아님·약한 신호)
P854,25,낙상:15;추락:3;동물곤충:3;관통상:2;기타 둔상:1;온열손상:1,"2022-2023,2025",읍면동+장소유형 매칭(개별 귀속 아님·약한 신호)
P855,25,낙상:15;추락:3;동물곤충:3;관통상:2;기타 둔상:1;온열손상:1,"2022-2023,2025",읍면동+장소유형 매칭(개별 귀속 아님·약한 신호)
P907,25,낙상:15;추락:3;동물곤충:3;관통상:2;기타 둔상:1;온열손상:1,"2022-2023,2025",읍면동+장소유형 매칭(개별 귀속 아님·약한 신호)
P737,6,상해:3;낙상:2;열상:1,"2022-2023,2025",읍면동+장소유형 매칭(개별 귀속 아님·약한 신호)
P185,12,낙상:7;기타 둔상:3;열상:1;관통상:1,"2022-2023,2025",읍면동+장소유형 매칭(개별 귀속 아님·약한 신호)
P346,1,열상:1,"2022-2023,2025",읍면동+장소유형 매칭(개별 귀속 아님·약한 신호)
P698,1,열상:1,"2022-2023,2025",읍면동+장소유형 매칭(개별 귀속 아님·약한 신호)
P004,57,낙상:36;추락:8;동물곤충:6;열상:2;기타 둔상:2;온열손상:2;기계:1,"2022-2023,2025",읍면동+장소유형 매칭(개별 귀속 아님·약한 신호)
P013,57,낙상:36;추락:8;동물곤충:6;열상:2;기타 둔상:2;온열손상:2;기계:1,"2022-2023,2025",읍면동+장소유형 매칭(개별 귀속 아님·약한 신호)
P074,57,낙상:36;추락:8;동물곤충:6;열상:2;기타 둔상:2;온열손상:2;기계:1,"2022-2023,2025",읍면동+장소유형 매칭(개별 귀속 아님·약한 신호)
P129,57,낙상:36;추락:8;동물곤충:6;열상:2;기타 둔상:2;온열손상:2;기계:1,"2022-2023,2025",읍면동+장소유형 매칭(개별 귀속 아님·약한 신호)
P146,57,낙상:36;추락:8;동물곤충:6;열상:2;기타 둔상:2;온열손상:2;기계:1,"2022-2023,2025",읍면동+장소유형 매칭(개별 귀속 아님·약한 신호)
P201,57,낙상:36;추락:8;동물곤충:6;열상:2;기타 둔상:2;온열손상:2;기계:1,"2022-2023,2025",읍면동+장소유형 매칭(개별 귀속 아님·약한 신호)
P230,57,낙상:36;추락:8;동물곤충:6;열상:2;기타 둔상:2;온열손상:2;기계:1,"2022-2023,2025",읍면동+장소유형 매칭(개별 귀속 아님·약한 신호)
P240,57,낙상:36;추락:8;동물곤충:6;열상:2;기타 둔상:2;온열손상:2;기계:1,"2022-2023,2025",읍면동+장소유형 매칭(개별 귀속 아님·약한 신호)
P255,57,낙상:36;추락:8;동물곤충:6;열상:2;기타 둔상:2;온열손상:2;기계:1,"2022-2023,2025",읍면동+장소유형 매칭(개별 귀속 아님·약한 신호)
P402,57,낙상:36;추락:8;동물곤충:6;열상:2;기타 둔상:2;온열손상:2;기계:1,"2022-2023,2025",읍면동+장소유형 매칭(개별 귀속 아님·약한 신호)
P429,57,낙상:36;추락:8;동물곤충:6;열상:2;기타 둔상:2;온열손상:2;기계:1,"2022-2023,2025",읍면동+장소유형 매칭(개별 귀속 아님·약한 신호)
P467,57,낙상:36;추락:8;동물곤충:6;열상:2;기타 둔상:2;온열손상:2;기계:1,"2022-2023,2025",읍면동+장소유형 매칭(개별 귀속 아님·약한 신호)
P492,57,낙상:36;추락:8;동물곤충:6;열상:2;기타 둔상:2;온열손상:2;기계:1,"2022-2023,2025",읍면동+장소유형 매칭(개별 귀속 아님·약한 신호)
P519,57,낙상:36;추락:8;동물곤충:6;열상:2;기타 둔상:2;온열손상:2;기계:1,"2022-2023,2025",읍면동+장소유형 매칭(개별 귀속 아님·약한 신호)
P554,57,낙상:36;추락:8;동물곤충:6;열상:2;기타 둔상:2;온열손상:2;기계:1,"2022-2023,2025",읍면동+장소유형 매칭(개별 귀속 아님·약한 신호)
P586,57,낙상:36;추락:8;동물곤충:6;열상:2;기타 둔상:2;온열손상:2;기계:1,"2022-2023,2025",읍면동+장소유형 매칭(개별 귀속 아님·약한 신호)
P594,57,낙상:36;추락:8;동물곤충:6;열상:2;기타 둔상:2;온열손상:2;기계:1,"2022-2023,2025",읍면동+장소유형 매칭(개별 귀속 아님·약한 신호)
P601,57,낙상:36;추락:8;동물곤충:6;열상:2;기타 둔상:2;온열손상:2;기계:1,"2022-2023,2025",읍면동+장소유형 매칭(개별 귀속 아님·약한 신호)
P637,57,낙상:36;추락:8;동물곤충:6;열상:2;기타 둔상:2;온열손상:2;기계:1,"2022-2023,2025",읍면동+장소유형 매칭(개별 귀속 아님·약한 신호)
P756,57,낙상:36;추락:8;동물곤충:6;열상:2;기타 둔상:2;온열손상:2;기계:1,"2022-2023,2025",읍면동+장소유형 매칭(개별 귀속 아님·약한 신호)
P772,57,낙상:36;추락:8;동물곤충:6;열상:2;기타 둔상:2;온열손상:2;기계:1,"2022-2023,2025",읍면동+장소유형 매칭(개별 귀속 아님·약한 신호)
P776,57,낙상:36;추락:8;동물곤충:6;열상:2;기타 둔상:2;온열손상:2;기계:1,"2022-2023,2025",읍면동+장소유형 매칭(개별 귀속 아님·약한 신호)
P786,57,낙상:36;추락:8;동물곤충:6;열상:2;기타 둔상:2;온열손상:2;기계:1,"2022-2023,2025",읍면동+장소유형 매칭(개별 귀속 아님·약한 신호)
P795,57,낙상:36;추락:8;동물곤충:6;열상:2;기타 둔상:2;온열손상:2;기계:1,"2022-2023,2025",읍면동+장소유형 매칭(개별 귀속 아님·약한 신호)
P809,57,낙상:36;추락:8;동물곤충:6;열상:2;기타 둔상:2;온열손상:2;기계:1,"2022-2023,2025",읍면동+장소유형 매칭(개별 귀속 아님·약한 신호)
P810,57,낙상:36;추락:8;동물곤충:6;열상:2;기타 둔상:2;온열손상:2;기계:1,"2022-2023,2025",읍면동+장소유형 매칭(개별 귀속 아님·약한 신호)
P811,57,낙상:36;추락:8;동물곤충:6;열상:2;기타 둔상:2;온열손상:2;기계:1,"2022-2023,2025",읍면동+장소유형 매칭(개별 귀속 아님·약한 신호)
P824,57,낙상:36;추락:8;동물곤충:6;열상:2;기타 둔상:2;온열손상:2;기계:1,"2022-2023,2025",읍면동+장소유형 매칭(개별 귀속 아님·약한 신호)
P862,57,낙상:36;추락:8;동물곤충:6;열상:2;기타 둔상:2;온열손상:2;기계:1,"2022-2023,2025",읍면동+장소유형 매칭(개별 귀속 아님·약한 신호)
P864,57,낙상:36;추락:8;동물곤충:6;열상:2;기타 둔상:2;온열손상:2;기계:1,"2022-2023,2025",읍면동+장소유형 매칭(개별 귀속 아님·약한 신호)
P868,57,낙상:36;추락:8;동물곤충:6;열상:2;기타 둔상:2;온열손상:2;기계:1,"2022-2023,2025",읍면동+장소유형 매칭(개별 귀속 아님·약한 신호)
P881,57,낙상:36;추락:8;동물곤충:6;열상:2;기타 둔상:2;온열손상:2;기계:1,"2022-2023,2025",읍면동+장소유형 매칭(개별 귀속 아님·약한 신호)
P888,57,낙상:36;추락:8;동물곤충:6;열상:2;기타 둔상:2;온열손상:2;기계:1,"2022-2023,2025",읍면동+장소유형 매칭(개별 귀속 아님·약한 신호)
P892,57,낙상:36;추락:8;동물곤충:6;열상:2;기타 둔상:2;온열손상:2;기계:1,"2022-2023,2025",읍면동+장소유형 매칭(개별 귀속 아님·약한 신호)
P899,57,낙상:36;추락:8;동물곤충:6;열상:2;기타 둔상:2;온열손상:2;기계:1,"2022-2023,2025",읍면동+장소유형 매칭(개별 귀속 아님·약한 신호)
P912,57,낙상:36;추락:8;동물곤충:6;열상:2;기타 둔상:2;온열손상:2;기계:1,"2022-2023,2025",읍면동+장소유형 매칭(개별 귀속 아님·약한 신호)
P925,57,낙상:36;추락:8;동물곤충:6;열상:2;기타 둔상:2;온열손상:2;기계:1,"2022-2023,2025",읍면동+장소유형 매칭(개별 귀속 아님·약한 신호)
P067,9,낙상:9,"2022-2023,2025",읍면동+장소유형 매칭(개별 귀속 아님·약한 신호)
P306,9,낙상:9,"2022-2023,2025",읍면동+장소유형 매칭(개별 귀속 아님·약한 신호)
P307,9,낙상:9,"2022-2023,2025",읍면동+장소유형 매칭(개별 귀속 아님·약한 신호)
P309,9,낙상:9,"2022-2023,2025",읍면동+장소유형 매칭(개별 귀속 아님·약한 신호)
P373,9,낙상:9,"2022-2023,2025",읍면동+장소유형 매칭(개별 귀속 아님·약한 신호)
P557,9,낙상:9,"2022-2023,2025",읍면동+장소유형 매칭(개별 귀속 아님·약한 신호)
P613,9,낙상:9,"2022-2023,2025",읍면동+장소유형 매칭(개별 귀속 아님·약한 신호)
P816,9,낙상:9,"2022-2023,2025",읍면동+장소유형 매칭(개별 귀속 아님·약한 신호)
P069,28,낙상:18;기타 둔상:4;추락:3;온열손상:2;열상:1,"2022-2023,2025",읍면동+장소유형 매칭(개별 귀속 아님·약한 신호)
P097,28,낙상:18;기타 둔상:4;추락:3;온열손상:2;열상:1,"2022-2023,2025",읍면동+장소유형 매칭(개별 귀속 아님·약한 신호)
P115,28,낙상:18;기타 둔상:4;추락:3;온열손상:2;열상:1,"2022-2023,2025",읍면동+장소유형 매칭(개별 귀속 아님·약한 신호)
P312,28,낙상:18;기타 둔상:4;추락:3;온열손상:2;열상:1,"2022-2023,2025",읍면동+장소유형 매칭(개별 귀속 아님·약한 신호)
P329,28,낙상:18;기타 둔상:4;추락:3;온열손상:2;열상:1,"2022-2023,2025",읍면동+장소유형 매칭(개별 귀속 아님·약한 신호)
P379,28,낙상:18;기타 둔상:4;추락:3;온열손상:2;열상:1,"2022-2023,2025",읍면동+장소유형 매칭(개별 귀속 아님·약한 신호)
P404,28,낙상:18;기타 둔상:4;추락:3;온열손상:2;열상:1,"2022-2023,2025",읍면동+장소유형 매칭(개별 귀속 아님·약한 신호)
P419,28,낙상:18;기타 둔상:4;추락:3;온열손상:2;열상:1,"2022-2023,2025",읍면동+장소유형 매칭(개별 귀속 아님·약한 신호)
P509,28,낙상:18;기타 둔상:4;추락:3;온열손상:2;열상:1,"2022-2023,2025",읍면동+장소유형 매칭(개별 귀속 아님·약한 신호)
P531,28,낙상:18;기타 둔상:4;추락:3;온열손상:2;열상:1,"2022-2023,2025",읍면동+장소유형 매칭(개별 귀속 아님·약한 신호)
P548,28,낙상:18;기타 둔상:4;추락:3;온열손상:2;열상:1,"2022-2023,2025",읍면동+장소유형 매칭(개별 귀속 아님·약한 신호)
P561,28,낙상:18;기타 둔상:4;추락:3;온열손상:2;열상:1,"2022-2023,2025",읍면동+장소유형 매칭(개별 귀속 아님·약한 신호)
P578,28,낙상:18;기타 둔상:4;추락:3;온열손상:2;열상:1,"2022-2023,2025",읍면동+장소유형 매칭(개별 귀속 아님·약한 신호)
P580,28,낙상:18;기타 둔상:4;추락:3;온열손상:2;열상:1,"2022-2023,2025",읍면동+장소유형 매칭(개별 귀속 아님·약한 신호)
P595,28,낙상:18;기타 둔상:4;추락:3;온열손상:2;열상:1,"2022-2023,2025",읍면동+장소유형 매칭(개별 귀속 아님·약한 신호)
P596,28,낙상:18;기타 둔상:4;추락:3;온열손상:2;열상:1,"2022-2023,2025",읍면동+장소유형 매칭(개별 귀속 아님·약한 신호)
P610,28,낙상:18;기타 둔상:4;추락:3;온열손상:2;열상:1,"2022-2023,2025",읍면동+장소유형 매칭(개별 귀속 아님·약한 신호)
P611,28,낙상:18;기타 둔상:4;추락:3;온열손상:2;열상:1,"2022-2023,2025",읍면동+장소유형 매칭(개별 귀속 아님·약한 신호)
P624,28,낙상:18;기타 둔상:4;추락:3;온열손상:2;열상:1,"2022-2023,2025",읍면동+장소유형 매칭(개별 귀속 아님·약한 신호)
P748,28,낙상:18;기타 둔상:4;추락:3;온열손상:2;열상:1,"2022-2023,2025",읍면동+장소유형 매칭(개별 귀속 아님·약한 신호)
P755,28,낙상:18;기타 둔상:4;추락:3;온열손상:2;열상:1,"2022-2023,2025",읍면동+장소유형 매칭(개별 귀속 아님·약한 신호)
P791,28,낙상:18;기타 둔상:4;추락:3;온열손상:2;열상:1,"2022-2023,2025",읍면동+장소유형 매칭(개별 귀속 아님·약한 신호)
P812,28,낙상:18;기타 둔상:4;추락:3;온열손상:2;열상:1,"2022-2023,2025",읍면동+장소유형 매칭(개별 귀속 아님·약한 신호)
P813,28,낙상:18;기타 둔상:4;추락:3;온열손상:2;열상:1,"2022-2023,2025",읍면동+장소유형 매칭(개별 귀속 아님·약한 신호)
P814,28,낙상:18;기타 둔상:4;추락:3;온열손상:2;열상:1,"2022-2023,2025",읍면동+장소유형 매칭(개별 귀속 아님·약한 신호)
P840,28,낙상:18;기타 둔상:4;추락:3;온열손상:2;열상:1,"2022-2023,2025",읍면동+장소유형 매칭(개별 귀속 아님·약한 신호)
P860,28,낙상:18;기타 둔상:4;추락:3;온열손상:2;열상:1,"2022-2023,2025",읍면동+장소유형 매칭(개별 귀속 아님·약한 신호)
P866,28,낙상:18;기타 둔상:4;추락:3;온열손상:2;열상:1,"2022-2023,2025",읍면동+장소유형 매칭(개별 귀속 아님·약한 신호)
P867,28,낙상:18;기타 둔상:4;추락:3;온열손상:2;열상:1,"2022-2023,2025",읍면동+장소유형 매칭(개별 귀속 아님·약한 신호)
P870,28,낙상:18;기타 둔상:4;추락:3;온열손상:2;열상:1,"2022-2023,2025",읍면동+장소유형 매칭(개별 귀속 아님·약한 신호)
P898,28,낙상:18;기타 둔상:4;추락:3;온열손상:2;열상:1,"2022-2023,2025",읍면동+장소유형 매칭(개별 귀속 아님·약한 신호)
P902,28,낙상:18;기타 둔상:4;추락:3;온열손상:2;열상:1,"2022-2023,2025",읍면동+장소유형 매칭(개별 귀속 아님·약한 신호)
P906,28,낙상:18;기타 둔상:4;추락:3;온열손상:2;열상:1,"2022-2023,2025",읍면동+장소유형 매칭(개별 귀속 아님·약한 신호)
P513,9,낙상:6;추락:3,"2022-2023,2025",읍면동+장소유형 매칭(개별 귀속 아님·약한 신호)
P826,9,낙상:6;추락:3,"2022-2023,2025",읍면동+장소유형 매칭(개별 귀속 아님·약한 신호)
P852,9,낙상:6;추락:3,"2022-2023,2025",읍면동+장소유형 매칭(개별 귀속 아님·약한 신호)
P317,3,열상:1;추락:1;낙상:1,"2022-2023,2025",읍면동+장소유형 매칭(개별 귀속 아님·약한 신호)
P338,3,열상:1;추락:1;낙상:1,"2022-2023,2025",읍면동+장소유형 매칭(개별 귀속 아님·약한 신호)
P190,9,낙상:6;상해:1;기타 둔상:1;추락:1,"2022-2023,2025",읍면동+장소유형 매칭(개별 귀속 아님·약한 신호)
P314,9,낙상:6;상해:1;기타 둔상:1;추락:1,"2022-2023,2025",읍면동+장소유형 매칭(개별 귀속 아님·약한 신호)
P235,4,낙상:2;추락:1;관통상:1,"2022-2023,2025",읍면동+장소유형 매칭(개별 귀속 아님·약한 신호)
P046,2,낙상:2,"2022-2023,2025",읍면동+장소유형 매칭(개별 귀속 아님·약한 신호)
P196,2,낙상:2,"2022-2023,2025",읍면동+장소유형 매칭(개별 귀속 아님·약한 신호)
P276,2,낙상:2,"2022-2023,2025",읍면동+장소유형 매칭(개별 귀속 아님·약한 신호)
P353,2,낙상:2,"2022-2023,2025",읍면동+장소유형 매칭(개별 귀속 아님·약한 신호)
P876,2,낙상:2,"2022-2023,2025",읍면동+장소유형 매칭(개별 귀속 아님·약한 신호)
P122,71,낙상:35;상해:12;기타 둔상:11;열상:7;관통상:4;추락:2,"2022-2023,2025",읍면동+장소유형 매칭(개별 귀속 아님·약한 신호)
P426,71,낙상:35;상해:12;기타 둔상:11;열상:7;관통상:4;추락:2,"2022-2023,2025",읍면동+장소유형 매칭(개별 귀속 아님·약한 신호)
P160,2,추락:2,"2022-2023,2025",읍면동+장소유형 매칭(개별 귀속 아님·약한 신호)
P031,22,낙상:14;상해:2;열상:2;기타 둔상:2;추락:1;관통상:1,"2022-2023,2025",읍면동+장소유형 매칭(개별 귀속 아님·약한 신호)
P237,22,낙상:14;상해:2;열상:2;기타 둔상:2;추락:1;관통상:1,"2022-2023,2025",읍면동+장소유형 매칭(개별 귀속 아님·약한 신호)
P205,10,낙상:5;기타 둔상:2;관통상:2;온열손상:1,"2022-2023,2025",읍면동+장소유형 매칭(개별 귀속 아님·약한 신호)
P272,10,낙상:5;기타 둔상:2;관통상:2;온열손상:1,"2022-2023,2025",읍면동+장소유형 매칭(개별 귀속 아님·약한 신호)
P460,10,낙상:5;기타 둔상:2;관통상:2;온열손상:1,"2022-2023,2025",읍면동+장소유형 매칭(개별 귀속 아님·약한 신호)
P476,10,낙상:5;기타 둔상:2;관통상:2;온열손상:1,"2022-2023,2025",읍면동+장소유형 매칭(개별 귀속 아님·약한 신호)
P532,10,낙상:5;기타 둔상:2;관통상:2;온열손상:1,"2022-2023,2025",읍면동+장소유형 매칭(개별 귀속 아님·약한 신호)
P630,10,낙상:5;기타 둔상:2;관통상:2;온열손상:1,"2022-2023,2025",읍면동+장소유형 매칭(개별 귀속 아님·약한 신호)
P631,10,낙상:5;기타 둔상:2;관통상:2;온열손상:1,"2022-2023,2025",읍면동+장소유형 매칭(개별 귀속 아님·약한 신호)
P742,10,낙상:5;기타 둔상:2;관통상:2;온열손상:1,"2022-2023,2025",읍면동+장소유형 매칭(개별 귀속 아님·약한 신호)
P883,10,낙상:5;기타 둔상:2;관통상:2;온열손상:1,"2022-2023,2025",읍면동+장소유형 매칭(개별 귀속 아님·약한 신호)
P901,10,낙상:5;기타 둔상:2;관통상:2;온열손상:1,"2022-2023,2025",읍면동+장소유형 매칭(개별 귀속 아님·약한 신호)
P917,10,낙상:5;기타 둔상:2;관통상:2;온열손상:1,"2022-2023,2025",읍면동+장소유형 매칭(개별 귀속 아님·약한 신호)
P969,6,기타 둔상:4;낙상:1;추락:1,"2022-2023,2025",읍면동+장소유형 매칭(개별 귀속 아님·약한 신호)
P997,6,기타 둔상:4;낙상:1;추락:1,"2022-2023,2025",읍면동+장소유형 매칭(개별 귀속 아님·약한 신호)
P428,6,낙상:5;열상:1,"2022-2023,2025",읍면동+장소유형 매칭(개별 귀속 아님·약한 신호)
P528,6,낙상:5;열상:1,"2022-2023,2025",읍면동+장소유형 매칭(개별 귀속 아님·약한 신호)
P625,6,낙상:5;열상:1,"2022-2023,2025",읍면동+장소유형 매칭(개별 귀속 아님·약한 신호)
P707,6,낙상:5;열상:1,"2022-2023,2025",읍면동+장소유형 매칭(개별 귀속 아님·약한 신호)
P953,6,낙상:5;열상:1,"2022-2023,2025",읍면동+장소유형 매칭(개별 귀속 아님·약한 신호)
P1003,6,낙상:5;열상:1,"2022-2023,2025",읍면동+장소유형 매칭(개별 귀속 아님·약한 신호)
P454,7,낙상:5;추락:1;동물곤충:1,"2022-2023,2025",읍면동+장소유형 매칭(개별 귀속 아님·약한 신호)
P456,7,낙상:5;추락:1;동물곤충:1,"2022-2023,2025",읍면동+장소유형 매칭(개별 귀속 아님·약한 신호)
P845,7,낙상:5;추락:1;동물곤충:1,"2022-2023,2025",읍면동+장소유형 매칭(개별 귀속 아님·약한 신호)
P859,7,낙상:5;추락:1;동물곤충:1,"2022-2023,2025",읍면동+장소유형 매칭(개별 귀속 아님·약한 신호)
P008,6,기타 둔상:2;동물곤충:1;낙상:1;추락:1;관통상:1,"2022-2023,2025",읍면동+장소유형 매칭(개별 귀속 아님·약한 신호)
P250,6,기타 둔상:2;동물곤충:1;낙상:1;추락:1;관통상:1,"2022-2023,2025",읍면동+장소유형 매칭(개별 귀속 아님·약한 신호)
P406,6,기타 둔상:2;동물곤충:1;낙상:1;추락:1;관통상:1,"2022-2023,2025",읍면동+장소유형 매칭(개별 귀속 아님·약한 신호)
P063,2,낙상:1;열상:1,"2022-2023,2025",읍면동+장소유형 매칭(개별 귀속 아님·약한 신호)
P350,2,낙상:1;열상:1,"2022-2023,2025",읍면동+장소유형 매칭(개별 귀속 아님·약한 신호)
P577,2,낙상:1;열상:1,"2022-2023,2025",읍면동+장소유형 매칭(개별 귀속 아님·약한 신호)
P830,2,낙상:1;열상:1,"2022-2023,2025",읍면동+장소유형 매칭(개별 귀속 아님·약한 신호)
P258,11,낙상:9;기타 둔상:2,"2022-2023,2025",읍면동+장소유형 매칭(개별 귀속 아님·약한 신호)
P260,11,낙상:9;기타 둔상:2,"2022-2023,2025",읍면동+장소유형 매칭(개별 귀속 아님·약한 신호)
P262,11,낙상:9;기타 둔상:2,"2022-2023,2025",읍면동+장소유형 매칭(개별 귀속 아님·약한 신호)
P739,11,낙상:9;기타 둔상:2,"2022-2023,2025",읍면동+장소유형 매칭(개별 귀속 아님·약한 신호)
P747,11,낙상:9;기타 둔상:2,"2022-2023,2025",읍면동+장소유형 매칭(개별 귀속 아님·약한 신호)
P140,1,열상:1,"2022-2023,2025",읍면동+장소유형 매칭(개별 귀속 아님·약한 신호)
P211,1,열상:1,"2022-2023,2025",읍면동+장소유형 매칭(개별 귀속 아님·약한 신호)
P225,1,열상:1,"2022-2023,2025",읍면동+장소유형 매칭(개별 귀속 아님·약한 신호)
P147,89,낙상:53;기타 둔상:11;추락:10;열상:7;동물곤충:4;상해:2;물:1;관통상:1,"2022-2023,2025",읍면동+장소유형 매칭(개별 귀속 아님·약한 신호)
P275,1,낙상:1,"2022-2023,2025",읍면동+장소유형 매칭(개별 귀속 아님·약한 신호)
P352,1,낙상:1,"2022-2023,2025",읍면동+장소유형 매칭(개별 귀속 아님·약한 신호)
P386,1,낙상:1,"2022-2023,2025",읍면동+장소유형 매칭(개별 귀속 아님·약한 신호)
P395,1,낙상:1,"2022-2023,2025",읍면동+장소유형 매칭(개별 귀속 아님·약한 신호)
P397,1,낙상:1,"2022-2023,2025",읍면동+장소유형 매칭(개별 귀속 아님·약한 신호)
P523,1,낙상:1,"2022-2023,2025",읍면동+장소유형 매칭(개별 귀속 아님·약한 신호)
P759,1,낙상:1,"2022-2023,2025",읍면동+장소유형 매칭(개별 귀속 아님·약한 신호)
P805,1,동물곤충:1,"2022-2023,2025",읍면동+장소유형 매칭(개별 귀속 아님·약한 신호)
P299,71,낙상:39;기타 둔상:9;열상:8;동물곤충:5;추락:4;상해:2;화염:2;기계:1;물:1,"2022-2023,2025",읍면동+장소유형 매칭(개별 귀속 아님·약한 신호)
P731,71,낙상:39;기타 둔상:9;열상:8;동물곤충:5;추락:4;상해:2;화염:2;기계:1;물:1,"2022-2023,2025",읍면동+장소유형 매칭(개별 귀속 아님·약한 신호)
P011,46,낙상:26;동물곤충:8;기타 둔상:6;추락:4;온열손상:1;열상:1,"2022-2023,2025",읍면동+장소유형 매칭(개별 귀속 아님·약한 신호)
P016,46,낙상:26;동물곤충:8;기타 둔상:6;추락:4;온열손상:1;열상:1,"2022-2023,2025",읍면동+장소유형 매칭(개별 귀속 아님·약한 신호)
P053,46,낙상:26;동물곤충:8;기타 둔상:6;추락:4;온열손상:1;열상:1,"2022-2023,2025",읍면동+장소유형 매칭(개별 귀속 아님·약한 신호)
P061,46,낙상:26;동물곤충:8;기타 둔상:6;추락:4;온열손상:1;열상:1,"2022-2023,2025",읍면동+장소유형 매칭(개별 귀속 아님·약한 신호)
P085,46,낙상:26;동물곤충:8;기타 둔상:6;추락:4;온열손상:1;열상:1,"2022-2023,2025",읍면동+장소유형 매칭(개별 귀속 아님·약한 신호)
P094,46,낙상:26;동물곤충:8;기타 둔상:6;추락:4;온열손상:1;열상:1,"2022-2023,2025",읍면동+장소유형 매칭(개별 귀속 아님·약한 신호)
P184,46,낙상:26;동물곤충:8;기타 둔상:6;추락:4;온열손상:1;열상:1,"2022-2023,2025",읍면동+장소유형 매칭(개별 귀속 아님·약한 신호)
P247,46,낙상:26;동물곤충:8;기타 둔상:6;추락:4;온열손상:1;열상:1,"2022-2023,2025",읍면동+장소유형 매칭(개별 귀속 아님·약한 신호)
P278,46,낙상:26;동물곤충:8;기타 둔상:6;추락:4;온열손상:1;열상:1,"2022-2023,2025",읍면동+장소유형 매칭(개별 귀속 아님·약한 신호)
P279,46,낙상:26;동물곤충:8;기타 둔상:6;추락:4;온열손상:1;열상:1,"2022-2023,2025",읍면동+장소유형 매칭(개별 귀속 아님·약한 신호)
P300,46,낙상:26;동물곤충:8;기타 둔상:6;추락:4;온열손상:1;열상:1,"2022-2023,2025",읍면동+장소유형 매칭(개별 귀속 아님·약한 신호)
P326,46,낙상:26;동물곤충:8;기타 둔상:6;추락:4;온열손상:1;열상:1,"2022-2023,2025",읍면동+장소유형 매칭(개별 귀속 아님·약한 신호)
P351,46,낙상:26;동물곤충:8;기타 둔상:6;추락:4;온열손상:1;열상:1,"2022-2023,2025",읍면동+장소유형 매칭(개별 귀속 아님·약한 신호)
P398,46,낙상:26;동물곤충:8;기타 둔상:6;추락:4;온열손상:1;열상:1,"2022-2023,2025",읍면동+장소유형 매칭(개별 귀속 아님·약한 신호)
P400,46,낙상:26;동물곤충:8;기타 둔상:6;추락:4;온열손상:1;열상:1,"2022-2023,2025",읍면동+장소유형 매칭(개별 귀속 아님·약한 신호)
P407,46,낙상:26;동물곤충:8;기타 둔상:6;추락:4;온열손상:1;열상:1,"2022-2023,2025",읍면동+장소유형 매칭(개별 귀속 아님·약한 신호)
P431,46,낙상:26;동물곤충:8;기타 둔상:6;추락:4;온열손상:1;열상:1,"2022-2023,2025",읍면동+장소유형 매칭(개별 귀속 아님·약한 신호)
P432,46,낙상:26;동물곤충:8;기타 둔상:6;추락:4;온열손상:1;열상:1,"2022-2023,2025",읍면동+장소유형 매칭(개별 귀속 아님·약한 신호)
P436,46,낙상:26;동물곤충:8;기타 둔상:6;추락:4;온열손상:1;열상:1,"2022-2023,2025",읍면동+장소유형 매칭(개별 귀속 아님·약한 신호)
P449,46,낙상:26;동물곤충:8;기타 둔상:6;추락:4;온열손상:1;열상:1,"2022-2023,2025",읍면동+장소유형 매칭(개별 귀속 아님·약한 신호)
P458,46,낙상:26;동물곤충:8;기타 둔상:6;추락:4;온열손상:1;열상:1,"2022-2023,2025",읍면동+장소유형 매칭(개별 귀속 아님·약한 신호)
P497,46,낙상:26;동물곤충:8;기타 둔상:6;추락:4;온열손상:1;열상:1,"2022-2023,2025",읍면동+장소유형 매칭(개별 귀속 아님·약한 신호)
P510,46,낙상:26;동물곤충:8;기타 둔상:6;추락:4;온열손상:1;열상:1,"2022-2023,2025",읍면동+장소유형 매칭(개별 귀속 아님·약한 신호)
P522,46,낙상:26;동물곤충:8;기타 둔상:6;추락:4;온열손상:1;열상:1,"2022-2023,2025",읍면동+장소유형 매칭(개별 귀속 아님·약한 신호)
P555,46,낙상:26;동물곤충:8;기타 둔상:6;추락:4;온열손상:1;열상:1,"2022-2023,2025",읍면동+장소유형 매칭(개별 귀속 아님·약한 신호)
P567,46,낙상:26;동물곤충:8;기타 둔상:6;추락:4;온열손상:1;열상:1,"2022-2023,2025",읍면동+장소유형 매칭(개별 귀속 아님·약한 신호)
P572,46,낙상:26;동물곤충:8;기타 둔상:6;추락:4;온열손상:1;열상:1,"2022-2023,2025",읍면동+장소유형 매칭(개별 귀속 아님·약한 신호)
P599,46,낙상:26;동물곤충:8;기타 둔상:6;추락:4;온열손상:1;열상:1,"2022-2023,2025",읍면동+장소유형 매칭(개별 귀속 아님·약한 신호)
P626,46,낙상:26;동물곤충:8;기타 둔상:6;추락:4;온열손상:1;열상:1,"2022-2023,2025",읍면동+장소유형 매칭(개별 귀속 아님·약한 신호)
P627,46,낙상:26;동물곤충:8;기타 둔상:6;추락:4;온열손상:1;열상:1,"2022-2023,2025",읍면동+장소유형 매칭(개별 귀속 아님·약한 신호)
P636,46,낙상:26;동물곤충:8;기타 둔상:6;추락:4;온열손상:1;열상:1,"2022-2023,2025",읍면동+장소유형 매칭(개별 귀속 아님·약한 신호)
P744,46,낙상:26;동물곤충:8;기타 둔상:6;추락:4;온열손상:1;열상:1,"2022-2023,2025",읍면동+장소유형 매칭(개별 귀속 아님·약한 신호)
P746,46,낙상:26;동물곤충:8;기타 둔상:6;추락:4;온열손상:1;열상:1,"2022-2023,2025",읍면동+장소유형 매칭(개별 귀속 아님·약한 신호)
P750,46,낙상:26;동물곤충:8;기타 둔상:6;추락:4;온열손상:1;열상:1,"2022-2023,2025",읍면동+장소유형 매칭(개별 귀속 아님·약한 신호)
P751,46,낙상:26;동물곤충:8;기타 둔상:6;추락:4;온열손상:1;열상:1,"2022-2023,2025",읍면동+장소유형 매칭(개별 귀속 아님·약한 신호)
P762,46,낙상:26;동물곤충:8;기타 둔상:6;추락:4;온열손상:1;열상:1,"2022-2023,2025",읍면동+장소유형 매칭(개별 귀속 아님·약한 신호)
P765,46,낙상:26;동물곤충:8;기타 둔상:6;추락:4;온열손상:1;열상:1,"2022-2023,2025",읍면동+장소유형 매칭(개별 귀속 아님·약한 신호)
P766,46,낙상:26;동물곤충:8;기타 둔상:6;추락:4;온열손상:1;열상:1,"2022-2023,2025",읍면동+장소유형 매칭(개별 귀속 아님·약한 신호)
P771,46,낙상:26;동물곤충:8;기타 둔상:6;추락:4;온열손상:1;열상:1,"2022-2023,2025",읍면동+장소유형 매칭(개별 귀속 아님·약한 신호)
P777,46,낙상:26;동물곤충:8;기타 둔상:6;추락:4;온열손상:1;열상:1,"2022-2023,2025",읍면동+장소유형 매칭(개별 귀속 아님·약한 신호)
P778,46,낙상:26;동물곤충:8;기타 둔상:6;추락:4;온열손상:1;열상:1,"2022-2023,2025",읍면동+장소유형 매칭(개별 귀속 아님·약한 신호)
P780,46,낙상:26;동물곤충:8;기타 둔상:6;추락:4;온열손상:1;열상:1,"2022-2023,2025",읍면동+장소유형 매칭(개별 귀속 아님·약한 신호)
P785,46,낙상:26;동물곤충:8;기타 둔상:6;추락:4;온열손상:1;열상:1,"2022-2023,2025",읍면동+장소유형 매칭(개별 귀속 아님·약한 신호)
P798,46,낙상:26;동물곤충:8;기타 둔상:6;추락:4;온열손상:1;열상:1,"2022-2023,2025",읍면동+장소유형 매칭(개별 귀속 아님·약한 신호)
P802,46,낙상:26;동물곤충:8;기타 둔상:6;추락:4;온열손상:1;열상:1,"2022-2023,2025",읍면동+장소유형 매칭(개별 귀속 아님·약한 신호)
P806,46,낙상:26;동물곤충:8;기타 둔상:6;추락:4;온열손상:1;열상:1,"2022-2023,2025",읍면동+장소유형 매칭(개별 귀속 아님·약한 신호)
P817,46,낙상:26;동물곤충:8;기타 둔상:6;추락:4;온열손상:1;열상:1,"2022-2023,2025",읍면동+장소유형 매칭(개별 귀속 아님·약한 신호)
P857,46,낙상:26;동물곤충:8;기타 둔상:6;추락:4;온열손상:1;열상:1,"2022-2023,2025",읍면동+장소유형 매칭(개별 귀속 아님·약한 신호)
P871,46,낙상:26;동물곤충:8;기타 둔상:6;추락:4;온열손상:1;열상:1,"2022-2023,2025",읍면동+장소유형 매칭(개별 귀속 아님·약한 신호)
P895,46,낙상:26;동물곤충:8;기타 둔상:6;추락:4;온열손상:1;열상:1,"2022-2023,2025",읍면동+장소유형 매칭(개별 귀속 아님·약한 신호)
P904,46,낙상:26;동물곤충:8;기타 둔상:6;추락:4;온열손상:1;열상:1,"2022-2023,2025",읍면동+장소유형 매칭(개별 귀속 아님·약한 신호)
P905,46,낙상:26;동물곤충:8;기타 둔상:6;추락:4;온열손상:1;열상:1,"2022-2023,2025",읍면동+장소유형 매칭(개별 귀속 아님·약한 신호)
P910,46,낙상:26;동물곤충:8;기타 둔상:6;추락:4;온열손상:1;열상:1,"2022-2023,2025",읍면동+장소유형 매칭(개별 귀속 아님·약한 신호)
P911,46,낙상:26;동물곤충:8;기타 둔상:6;추락:4;온열손상:1;열상:1,"2022-2023,2025",읍면동+장소유형 매칭(개별 귀속 아님·약한 신호)
P042,15,낙상:10;기타 둔상:2;추락:2;동물곤충:1,"2022-2023,2025",읍면동+장소유형 매칭(개별 귀속 아님·약한 신호)
P045,15,낙상:10;기타 둔상:2;추락:2;동물곤충:1,"2022-2023,2025",읍면동+장소유형 매칭(개별 귀속 아님·약한 신호)
P100,15,낙상:10;기타 둔상:2;추락:2;동물곤충:1,"2022-2023,2025",읍면동+장소유형 매칭(개별 귀속 아님·약한 신호)
P283,11,낙상:9;기타 둔상:1;추락:1,"2022-2023,2025",읍면동+장소유형 매칭(개별 귀속 아님·약한 신호)
P291,11,낙상:9;기타 둔상:1;추락:1,"2022-2023,2025",읍면동+장소유형 매칭(개별 귀속 아님·약한 신호)
P354,11,낙상:9;기타 둔상:1;추락:1,"2022-2023,2025",읍면동+장소유형 매칭(개별 귀속 아님·약한 신호)
P375,11,낙상:9;기타 둔상:1;추락:1,"2022-2023,2025",읍면동+장소유형 매칭(개별 귀속 아님·약한 신호)
P376,15,낙상:10;기타 둔상:2;추락:2;동물곤충:1,"2022-2023,2025",읍면동+장소유형 매칭(개별 귀속 아님·약한 신호)
P396,11,낙상:9;기타 둔상:1;추락:1,"2022-2023,2025",읍면동+장소유형 매칭(개별 귀속 아님·약한 신호)
P413,11,낙상:9;기타 둔상:1;추락:1,"2022-2023,2025",읍면동+장소유형 매칭(개별 귀속 아님·약한 신호)
P433,15,낙상:10;기타 둔상:2;추락:2;동물곤충:1,"2022-2023,2025",읍면동+장소유형 매칭(개별 귀속 아님·약한 신호)
P569,11,낙상:9;기타 둔상:1;추락:1,"2022-2023,2025",읍면동+장소유형 매칭(개별 귀속 아님·약한 신호)
P570,11,낙상:9;기타 둔상:1;추락:1,"2022-2023,2025",읍면동+장소유형 매칭(개별 귀속 아님·약한 신호)
P573,11,낙상:9;기타 둔상:1;추락:1,"2022-2023,2025",읍면동+장소유형 매칭(개별 귀속 아님·약한 신호)
P574,11,낙상:9;기타 둔상:1;추락:1,"2022-2023,2025",읍면동+장소유형 매칭(개별 귀속 아님·약한 신호)
P593,11,낙상:9;기타 둔상:1;추락:1,"2022-2023,2025",읍면동+장소유형 매칭(개별 귀속 아님·약한 신호)
P650,11,낙상:9;기타 둔상:1;추락:1,"2022-2023,2025",읍면동+장소유형 매칭(개별 귀속 아님·약한 신호)
P656,11,낙상:9;기타 둔상:1;추락:1,"2022-2023,2025",읍면동+장소유형 매칭(개별 귀속 아님·약한 신호)
P659,11,낙상:9;기타 둔상:1;추락:1,"2022-2023,2025",읍면동+장소유형 매칭(개별 귀속 아님·약한 신호)
P666,11,낙상:9;기타 둔상:1;추락:1,"2022-2023,2025",읍면동+장소유형 매칭(개별 귀속 아님·약한 신호)
P689,11,낙상:9;기타 둔상:1;추락:1,"2022-2023,2025",읍면동+장소유형 매칭(개별 귀속 아님·약한 신호)
P697,11,낙상:9;기타 둔상:1;추락:1,"2022-2023,2025",읍면동+장소유형 매칭(개별 귀속 아님·약한 신호)
P726,11,낙상:9;기타 둔상:1;추락:1,"2022-2023,2025",읍면동+장소유형 매칭(개별 귀속 아님·약한 신호)
P727,11,낙상:9;기타 둔상:1;추락:1,"2022-2023,2025",읍면동+장소유형 매칭(개별 귀속 아님·약한 신호)
P944,15,낙상:10;기타 둔상:2;추락:2;동물곤충:1,"2022-2023,2025",읍면동+장소유형 매칭(개별 귀속 아님·약한 신호)
P946,15,낙상:10;기타 둔상:2;추락:2;동물곤충:1,"2022-2023,2025",읍면동+장소유형 매칭(개별 귀속 아님·약한 신호)
P948,15,낙상:10;기타 둔상:2;추락:2;동물곤충:1,"2022-2023,2025",읍면동+장소유형 매칭(개별 귀속 아님·약한 신호)
P955,15,낙상:10;기타 둔상:2;추락:2;동물곤충:1,"2022-2023,2025",읍면동+장소유형 매칭(개별 귀속 아님·약한 신호)
P970,15,낙상:10;기타 둔상:2;추락:2;동물곤충:1,"2022-2023,2025",읍면동+장소유형 매칭(개별 귀속 아님·약한 신호)
P982,15,낙상:10;기타 둔상:2;추락:2;동물곤충:1,"2022-2023,2025",읍면동+장소유형 매칭(개별 귀속 아님·약한 신호)
P1009,15,낙상:10;기타 둔상:2;추락:2;동물곤충:1,"2022-2023,2025",읍면동+장소유형 매칭(개별 귀속 아님·약한 신호)
P1010,15,낙상:10;기타 둔상:2;추락:2;동물곤충:1,"2022-2023,2025",읍면동+장소유형 매칭(개별 귀속 아님·약한 신호)
P167,78,낙상:47;기타 둔상:11;물:5;열상:5;추락:4;고온체:3;동물곤충:3,"2022-2023,2025",읍면동+장소유형 매칭(개별 귀속 아님·약한 신호)
P188,78,낙상:47;기타 둔상:11;물:5;열상:5;추락:4;고온체:3;동물곤충:3,"2022-2023,2025",읍면동+장소유형 매칭(개별 귀속 아님·약한 신호)
P212,78,낙상:47;기타 둔상:11;물:5;열상:5;추락:4;고온체:3;동물곤충:3,"2022-2023,2025",읍면동+장소유형 매칭(개별 귀속 아님·약한 신호)
P377,1,낙상:1,"2022-2023,2025",읍면동+장소유형 매칭(개별 귀속 아님·약한 신호)
P028,26,낙상:16;동물곤충:7;열상:1;추락:1;관통상:1,"2022-2023,2025",읍면동+장소유형 매칭(개별 귀속 아님·약한 신호)
P165,26,낙상:16;동물곤충:7;열상:1;추락:1;관통상:1,"2022-2023,2025",읍면동+장소유형 매칭(개별 귀속 아님·약한 신호)
P173,26,낙상:16;동물곤충:7;열상:1;추락:1;관통상:1,"2022-2023,2025",읍면동+장소유형 매칭(개별 귀속 아님·약한 신호)
P223,26,낙상:16;동물곤충:7;열상:1;추락:1;관통상:1,"2022-2023,2025",읍면동+장소유형 매칭(개별 귀속 아님·약한 신호)
P246,26,낙상:16;동물곤충:7;열상:1;추락:1;관통상:1,"2022-2023,2025",읍면동+장소유형 매칭(개별 귀속 아님·약한 신호)
P308,26,낙상:16;동물곤충:7;열상:1;추락:1;관통상:1,"2022-2023,2025",읍면동+장소유형 매칭(개별 귀속 아님·약한 신호)
P549,26,낙상:16;동물곤충:7;열상:1;추락:1;관통상:1,"2022-2023,2025",읍면동+장소유형 매칭(개별 귀속 아님·약한 신호)
P552,26,낙상:16;동물곤충:7;열상:1;추락:1;관통상:1,"2022-2023,2025",읍면동+장소유형 매칭(개별 귀속 아님·약한 신호)
P623,26,낙상:16;동물곤충:7;열상:1;추락:1;관통상:1,"2022-2023,2025",읍면동+장소유형 매칭(개별 귀속 아님·약한 신호)
P634,26,낙상:16;동물곤충:7;열상:1;추락:1;관통상:1,"2022-2023,2025",읍면동+장소유형 매칭(개별 귀속 아님·약한 신호)
P749,26,낙상:16;동물곤충:7;열상:1;추락:1;관통상:1,"2022-2023,2025",읍면동+장소유형 매칭(개별 귀속 아님·약한 신호)
P754,26,낙상:16;동물곤충:7;열상:1;추락:1;관통상:1,"2022-2023,2025",읍면동+장소유형 매칭(개별 귀속 아님·약한 신호)
P768,26,낙상:16;동물곤충:7;열상:1;추락:1;관통상:1,"2022-2023,2025",읍면동+장소유형 매칭(개별 귀속 아님·약한 신호)
P770,26,낙상:16;동물곤충:7;열상:1;추락:1;관통상:1,"2022-2023,2025",읍면동+장소유형 매칭(개별 귀속 아님·약한 신호)
P779,26,낙상:16;동물곤충:7;열상:1;추락:1;관통상:1,"2022-2023,2025",읍면동+장소유형 매칭(개별 귀속 아님·약한 신호)
P789,26,낙상:16;동물곤충:7;열상:1;추락:1;관통상:1,"2022-2023,2025",읍면동+장소유형 매칭(개별 귀속 아님·약한 신호)
P790,26,낙상:16;동물곤충:7;열상:1;추락:1;관통상:1,"2022-2023,2025",읍면동+장소유형 매칭(개별 귀속 아님·약한 신호)
P797,26,낙상:16;동물곤충:7;열상:1;추락:1;관통상:1,"2022-2023,2025",읍면동+장소유형 매칭(개별 귀속 아님·약한 신호)
P803,26,낙상:16;동물곤충:7;열상:1;추락:1;관통상:1,"2022-2023,2025",읍면동+장소유형 매칭(개별 귀속 아님·약한 신호)
P804,26,낙상:16;동물곤충:7;열상:1;추락:1;관통상:1,"2022-2023,2025",읍면동+장소유형 매칭(개별 귀속 아님·약한 신호)
P821,26,낙상:16;동물곤충:7;열상:1;추락:1;관통상:1,"2022-2023,2025",읍면동+장소유형 매칭(개별 귀속 아님·약한 신호)
P832,26,낙상:16;동물곤충:7;열상:1;추락:1;관통상:1,"2022-2023,2025",읍면동+장소유형 매칭(개별 귀속 아님·약한 신호)
P835,26,낙상:16;동물곤충:7;열상:1;추락:1;관통상:1,"2022-2023,2025",읍면동+장소유형 매칭(개별 귀속 아님·약한 신호)
P847,26,낙상:16;동물곤충:7;열상:1;추락:1;관통상:1,"2022-2023,2025",읍면동+장소유형 매칭(개별 귀속 아님·약한 신호)
P908,26,낙상:16;동물곤충:7;열상:1;추락:1;관통상:1,"2022-2023,2025",읍면동+장소유형 매칭(개별 귀속 아님·약한 신호)
P029,15,낙상:7;기타 둔상:2;추락:2;물:1;고온체:1;동물곤충:1;관통상:1,"2022-2023,2025",읍면동+장소유형 매칭(개별 귀속 아님·약한 신호)
P502,15,낙상:7;기타 둔상:2;추락:2;물:1;고온체:1;동물곤충:1;관통상:1,"2022-2023,2025",읍면동+장소유형 매칭(개별 귀속 아님·약한 신호)
P738,15,낙상:7;기타 둔상:2;추락:2;물:1;고온체:1;동물곤충:1;관통상:1,"2022-2023,2025",읍면동+장소유형 매칭(개별 귀속 아님·약한 신호)
P945,15,낙상:7;기타 둔상:2;추락:2;물:1;고온체:1;동물곤충:1;관통상:1,"2022-2023,2025",읍면동+장소유형 매칭(개별 귀속 아님·약한 신호)
P961,15,낙상:7;기타 둔상:2;추락:2;물:1;고온체:1;동물곤충:1;관통상:1,"2022-2023,2025",읍면동+장소유형 매칭(개별 귀속 아님·약한 신호)
P964,15,낙상:7;기타 둔상:2;추락:2;물:1;고온체:1;동물곤충:1;관통상:1,"2022-2023,2025",읍면동+장소유형 매칭(개별 귀속 아님·약한 신호)
P968,15,낙상:7;기타 둔상:2;추락:2;물:1;고온체:1;동물곤충:1;관통상:1,"2022-2023,2025",읍면동+장소유형 매칭(개별 귀속 아님·약한 신호)
P984,15,낙상:7;기타 둔상:2;추락:2;물:1;고온체:1;동물곤충:1;관통상:1,"2022-2023,2025",읍면동+장소유형 매칭(개별 귀속 아님·약한 신호)
P986,15,낙상:7;기타 둔상:2;추락:2;물:1;고온체:1;동물곤충:1;관통상:1,"2022-2023,2025",읍면동+장소유형 매칭(개별 귀속 아님·약한 신호)
P989,15,낙상:7;기타 둔상:2;추락:2;물:1;고온체:1;동물곤충:1;관통상:1,"2022-2023,2025",읍면동+장소유형 매칭(개별 귀속 아님·약한 신호)
P1005,15,낙상:7;기타 둔상:2;추락:2;물:1;고온체:1;동물곤충:1;관통상:1,"2022-2023,2025",읍면동+장소유형 매칭(개별 귀속 아님·약한 신호)
P1007,15,낙상:7;기타 둔상:2;추락:2;물:1;고온체:1;동물곤충:1;관통상:1,"2022-2023,2025",읍면동+장소유형 매칭(개별 귀속 아님·약한 신호)
P1011,15,낙상:7;기타 둔상:2;추락:2;물:1;고온체:1;동물곤충:1;관통상:1,"2022-2023,2025",읍면동+장소유형 매칭(개별 귀속 아님·약한 신호)
P1016,15,낙상:7;기타 둔상:2;추락:2;물:1;고온체:1;동물곤충:1;관통상:1,"2022-2023,2025",읍면동+장소유형 매칭(개별 귀속 아님·약한 신호)
P1022,15,낙상:7;기타 둔상:2;추락:2;물:1;고온체:1;동물곤충:1;관통상:1,"2022-2023,2025",읍면동+장소유형 매칭(개별 귀속 아님·약한 신호)
P062,13,낙상:7;물:1;고온체:1;기타 둔상:1;동물곤충:1;추락:1;관통상:1,"2022-2023,2025",읍면동+장소유형 매칭(개별 귀속 아님·약한 신호)
P183,13,낙상:7;물:1;고온체:1;기타 둔상:1;동물곤충:1;추락:1;관통상:1,"2022-2023,2025",읍면동+장소유형 매칭(개별 귀속 아님·약한 신호)
P421,13,낙상:7;물:1;고온체:1;기타 둔상:1;동물곤충:1;추락:1;관통상:1,"2022-2023,2025",읍면동+장소유형 매칭(개별 귀속 아님·약한 신호)
P422,13,낙상:7;물:1;고온체:1;기타 둔상:1;동물곤충:1;추락:1;관통상:1,"2022-2023,2025",읍면동+장소유형 매칭(개별 귀속 아님·약한 신호)
P472,13,낙상:7;물:1;고온체:1;기타 둔상:1;동물곤충:1;추락:1;관통상:1,"2022-2023,2025",읍면동+장소유형 매칭(개별 귀속 아님·약한 신호)
P507,13,낙상:7;물:1;고온체:1;기타 둔상:1;동물곤충:1;추락:1;관통상:1,"2022-2023,2025",읍면동+장소유형 매칭(개별 귀속 아님·약한 신호)
P511,13,낙상:7;물:1;고온체:1;기타 둔상:1;동물곤충:1;추락:1;관통상:1,"2022-2023,2025",읍면동+장소유형 매칭(개별 귀속 아님·약한 신호)
P517,13,낙상:7;물:1;고온체:1;기타 둔상:1;동물곤충:1;추락:1;관통상:1,"2022-2023,2025",읍면동+장소유형 매칭(개별 귀속 아님·약한 신호)
P530,13,낙상:7;물:1;고온체:1;기타 둔상:1;동물곤충:1;추락:1;관통상:1,"2022-2023,2025",읍면동+장소유형 매칭(개별 귀속 아님·약한 신호)
P533,13,낙상:7;물:1;고온체:1;기타 둔상:1;동물곤충:1;추락:1;관통상:1,"2022-2023,2025",읍면동+장소유형 매칭(개별 귀속 아님·약한 신호)
P543,13,낙상:7;물:1;고온체:1;기타 둔상:1;동물곤충:1;추락:1;관통상:1,"2022-2023,2025",읍면동+장소유형 매칭(개별 귀속 아님·약한 신호)
P576,13,낙상:7;물:1;고온체:1;기타 둔상:1;동물곤충:1;추락:1;관통상:1,"2022-2023,2025",읍면동+장소유형 매칭(개별 귀속 아님·약한 신호)
P663,13,낙상:7;물:1;고온체:1;기타 둔상:1;동물곤충:1;추락:1;관통상:1,"2022-2023,2025",읍면동+장소유형 매칭(개별 귀속 아님·약한 신호)
P670,13,낙상:7;물:1;고온체:1;기타 둔상:1;동물곤충:1;추락:1;관통상:1,"2022-2023,2025",읍면동+장소유형 매칭(개별 귀속 아님·약한 신호)
P672,13,낙상:7;물:1;고온체:1;기타 둔상:1;동물곤충:1;추락:1;관통상:1,"2022-2023,2025",읍면동+장소유형 매칭(개별 귀속 아님·약한 신호)
P695,13,낙상:7;물:1;고온체:1;기타 둔상:1;동물곤충:1;추락:1;관통상:1,"2022-2023,2025",읍면동+장소유형 매칭(개별 귀속 아님·약한 신호)
P717,13,낙상:7;물:1;고온체:1;기타 둔상:1;동물곤충:1;추락:1;관통상:1,"2022-2023,2025",읍면동+장소유형 매칭(개별 귀속 아님·약한 신호)
P722,13,낙상:7;물:1;고온체:1;기타 둔상:1;동물곤충:1;추락:1;관통상:1,"2022-2023,2025",읍면동+장소유형 매칭(개별 귀속 아님·약한 신호)
P933,4,낙상:3;추락:1,"2022-2023,2025",읍면동+장소유형 매칭(개별 귀속 아님·약한 신호)
P055,2,추락:1;낙상:1,"2022-2023,2025",읍면동+장소유형 매칭(개별 귀속 아님·약한 신호)
P238,2,추락:1;낙상:1,"2022-2023,2025",읍면동+장소유형 매칭(개별 귀속 아님·약한 신호)
P903,2,추락:1;낙상:1,"2022-2023,2025",읍면동+장소유형 매칭(개별 귀속 아님·약한 신호)
P226,3,낙상:2;추락:1,"2022-2023,2025",읍면동+장소유형 매칭(개별 귀속 아님·약한 신호)
P464,3,낙상:2;추락:1,"2022-2023,2025",읍면동+장소유형 매칭(개별 귀속 아님·약한 신호)
P677,3,낙상:2;추락:1,"2022-2023,2025",읍면동+장소유형 매칭(개별 귀속 아님·약한 신호)
P701,3,낙상:2;추락:1,"2022-2023,2025",읍면동+장소유형 매칭(개별 귀속 아님·약한 신호)
P719,3,낙상:2;추락:1,"2022-2023,2025",읍면동+장소유형 매칭(개별 귀속 아님·약한 신호)
P730,120,낙상:66;기타 둔상:20;동물곤충:14;상해:6;열상:4;관통상:4;추락:2;물:2;화염:1;기계:1,"2022-2023,2025",읍면동+장소유형 매칭(개별 귀속 아님·약한 신호)
P605,2,낙상:2,"2022-2023,2025",읍면동+장소유형 매칭(개별 귀속 아님·약한 신호)
P879,2,낙상:2,"2022-2023,2025",읍면동+장소유형 매칭(개별 귀속 아님·약한 신호)
P869,16,낙상:12;동물곤충:3;화염:1,"2022-2023,2025",읍면동+장소유형 매칭(개별 귀속 아님·약한 신호)
P437,2,낙상:2,"2022-2023,2025",읍면동+장소유형 매칭(개별 귀속 아님·약한 신호)
P545,2,낙상:2,"2022-2023,2025",읍면동+장소유형 매칭(개별 귀속 아님·약한 신호)
P654,4,낙상:4,"2022-2023,2025",읍면동+장소유형 매칭(개별 귀속 아님·약한 신호)
P708,4,낙상:4,"2022-2023,2025",읍면동+장소유형 매칭(개별 귀속 아님·약한 신호)
P647,1,기타 둔상:1,"2022-2023,2025",읍면동+장소유형 매칭(개별 귀속 아님·약한 신호)
P711,1,기타 둔상:1,"2022-2023,2025",읍면동+장소유형 매칭(개별 귀속 아님·약한 신호)
P102,14,낙상:9;동물곤충:2;열상:2;기타 둔상:1,"2022-2023,2025",읍면동+장소유형 매칭(개별 귀속 아님·약한 신호)
P118,14,낙상:9;동물곤충:2;열상:2;기타 둔상:1,"2022-2023,2025",읍면동+장소유형 매칭(개별 귀속 아님·약한 신호)
P126,14,낙상:9;동물곤충:2;열상:2;기타 둔상:1,"2022-2023,2025",읍면동+장소유형 매칭(개별 귀속 아님·약한 신호)
P227,14,낙상:9;동물곤충:2;열상:2;기타 둔상:1,"2022-2023,2025",읍면동+장소유형 매칭(개별 귀속 아님·약한 신호)
P244,14,낙상:9;동물곤충:2;열상:2;기타 둔상:1,"2022-2023,2025",읍면동+장소유형 매칭(개별 귀속 아님·약한 신호)
P252,14,낙상:9;동물곤충:2;열상:2;기타 둔상:1,"2022-2023,2025",읍면동+장소유형 매칭(개별 귀속 아님·약한 신호)
P257,14,낙상:9;동물곤충:2;열상:2;기타 둔상:1,"2022-2023,2025",읍면동+장소유형 매칭(개별 귀속 아님·약한 신호)
P259,14,낙상:9;동물곤충:2;열상:2;기타 둔상:1,"2022-2023,2025",읍면동+장소유형 매칭(개별 귀속 아님·약한 신호)
P282,14,낙상:9;동물곤충:2;열상:2;기타 둔상:1,"2022-2023,2025",읍면동+장소유형 매칭(개별 귀속 아님·약한 신호)
P313,14,낙상:9;동물곤충:2;열상:2;기타 둔상:1,"2022-2023,2025",읍면동+장소유형 매칭(개별 귀속 아님·약한 신호)
P414,14,낙상:9;동물곤충:2;열상:2;기타 둔상:1,"2022-2023,2025",읍면동+장소유형 매칭(개별 귀속 아님·약한 신호)
P443,14,낙상:9;동물곤충:2;열상:2;기타 둔상:1,"2022-2023,2025",읍면동+장소유형 매칭(개별 귀속 아님·약한 신호)
P483,14,낙상:9;동물곤충:2;열상:2;기타 둔상:1,"2022-2023,2025",읍면동+장소유형 매칭(개별 귀속 아님·약한 신호)
P486,14,낙상:9;동물곤충:2;열상:2;기타 둔상:1,"2022-2023,2025",읍면동+장소유형 매칭(개별 귀속 아님·약한 신호)
P846,14,낙상:9;동물곤충:2;열상:2;기타 둔상:1,"2022-2023,2025",읍면동+장소유형 매칭(개별 귀속 아님·약한 신호)
P145,8,기타 둔상:3;추락:2;낙상:2;상해:1,"2022-2023,2025",읍면동+장소유형 매칭(개별 귀속 아님·약한 신호)
P202,8,기타 둔상:3;추락:2;낙상:2;상해:1,"2022-2023,2025",읍면동+장소유형 매칭(개별 귀속 아님·약한 신호)
P207,8,기타 둔상:3;추락:2;낙상:2;상해:1,"2022-2023,2025",읍면동+장소유형 매칭(개별 귀속 아님·약한 신호)
P209,8,기타 둔상:3;추락:2;낙상:2;상해:1,"2022-2023,2025",읍면동+장소유형 매칭(개별 귀속 아님·약한 신호)
P234,8,기타 둔상:3;추락:2;낙상:2;상해:1,"2022-2023,2025",읍면동+장소유형 매칭(개별 귀속 아님·약한 신호)
P330,8,기타 둔상:3;추락:2;낙상:2;상해:1,"2022-2023,2025",읍면동+장소유형 매칭(개별 귀속 아님·약한 신호)
P002,39,낙상:17;기타 둔상:8;상해:6;열상:3;추락:3;물:1;화염:1,"2022-2023,2025",읍면동+장소유형 매칭(개별 귀속 아님·약한 신호)
P113,39,낙상:17;기타 둔상:8;상해:6;열상:3;추락:3;물:1;화염:1,"2022-2023,2025",읍면동+장소유형 매칭(개별 귀속 아님·약한 신호)
P166,39,낙상:17;기타 둔상:8;상해:6;열상:3;추락:3;물:1;화염:1,"2022-2023,2025",읍면동+장소유형 매칭(개별 귀속 아님·약한 신호)
P182,3,낙상:3,"2022-2023,2025",읍면동+장소유형 매칭(개별 귀속 아님·약한 신호)
P481,3,낙상:3,"2022-2023,2025",읍면동+장소유형 매칭(개별 귀속 아님·약한 신호)
P500,3,낙상:3,"2022-2023,2025",읍면동+장소유형 매칭(개별 귀속 아님·약한 신호)
P512,3,낙상:3,"2022-2023,2025",읍면동+장소유형 매칭(개별 귀속 아님·약한 신호)
P943,5,낙상:3;기타 둔상:2,"2022-2023,2025",읍면동+장소유형 매칭(개별 귀속 아님·약한 신호)
P949,5,낙상:3;기타 둔상:2,"2022-2023,2025",읍면동+장소유형 매칭(개별 귀속 아님·약한 신호)
P482,3,낙상:2;추락:1,"2022-2023,2025",읍면동+장소유형 매칭(개별 귀속 아님·약한 신호)
P732,3,낙상:2;추락:1,"2022-2023,2025",읍면동+장소유형 매칭(개별 귀속 아님·약한 신호)
P139,4,동물곤충:2;기계:1;낙상:1,"2022-2023,2025",읍면동+장소유형 매칭(개별 귀속 아님·약한 신호)
P233,4,동물곤충:2;기계:1;낙상:1,"2022-2023,2025",읍면동+장소유형 매칭(개별 귀속 아님·약한 신호)
P322,4,동물곤충:2;기계:1;낙상:1,"2022-2023,2025",읍면동+장소유형 매칭(개별 귀속 아님·약한 신호)
P358,4,동물곤충:2;기계:1;낙상:1,"2022-2023,2025",읍면동+장소유형 매칭(개별 귀속 아님·약한 신호)
P359,4,동물곤충:2;기계:1;낙상:1,"2022-2023,2025",읍면동+장소유형 매칭(개별 귀속 아님·약한 신호)
P360,4,동물곤충:2;기계:1;낙상:1,"2022-2023,2025",읍면동+장소유형 매칭(개별 귀속 아님·약한 신호)
P368,4,동물곤충:2;기계:1;낙상:1,"2022-2023,2025",읍면동+장소유형 매칭(개별 귀속 아님·약한 신호)
P372,4,동물곤충:2;기계:1;낙상:1,"2022-2023,2025",읍면동+장소유형 매칭(개별 귀속 아님·약한 신호)
P534,4,동물곤충:2;기계:1;낙상:1,"2022-2023,2025",읍면동+장소유형 매칭(개별 귀속 아님·약한 신호)
P825,4,동물곤충:2;기계:1;낙상:1,"2022-2023,2025",읍면동+장소유형 매칭(개별 귀속 아님·약한 신호)
P827,4,동물곤충:2;기계:1;낙상:1,"2022-2023,2025",읍면동+장소유형 매칭(개별 귀속 아님·약한 신호)
P849,4,동물곤충:2;기계:1;낙상:1,"2022-2023,2025",읍면동+장소유형 매칭(개별 귀속 아님·약한 신호)
P856,4,동물곤충:2;기계:1;낙상:1,"2022-2023,2025",읍면동+장소유형 매칭(개별 귀속 아님·약한 신호)
P865,4,동물곤충:2;기계:1;낙상:1,"2022-2023,2025",읍면동+장소유형 매칭(개별 귀속 아님·약한 신호)
P036,4,낙상:3;추락:1,"2022-2023,2025",읍면동+장소유형 매칭(개별 귀속 아님·약한 신호)
P037,4,낙상:3;추락:1,"2022-2023,2025",읍면동+장소유형 매칭(개별 귀속 아님·약한 신호)
P769,4,낙상:3;추락:1,"2022-2023,2025",읍면동+장소유형 매칭(개별 귀속 아님·약한 신호)
P134,1,낙상:1,"2022-2023,2025",읍면동+장소유형 매칭(개별 귀속 아님·약한 신호)
P136,1,낙상:1,"2022-2023,2025",읍면동+장소유형 매칭(개별 귀속 아님·약한 신호)
P138,1,낙상:1,"2022-2023,2025",읍면동+장소유형 매칭(개별 귀속 아님·약한 신호)
P143,1,낙상:1,"2022-2023,2025",읍면동+장소유형 매칭(개별 귀속 아님·약한 신호)
P144,1,낙상:1,"2022-2023,2025",읍면동+장소유형 매칭(개별 귀속 아님·약한 신호)
P154,1,낙상:1,"2022-2023,2025",읍면동+장소유형 매칭(개별 귀속 아님·약한 신호)
P203,1,낙상:1,"2022-2023,2025",읍면동+장소유형 매칭(개별 귀속 아님·약한 신호)
P365,1,낙상:1,"2022-2023,2025",읍면동+장소유형 매칭(개별 귀속 아님·약한 신호)
P965,6,낙상:2;기타 둔상:2;동물곤충:1;온열손상:1,"2022-2023,2025",읍면동+장소유형 매칭(개별 귀속 아님·약한 신호)
P417,4,낙상:2;동물곤충:1;온열손상:1,"2022-2023,2025",읍면동+장소유형 매칭(개별 귀속 아님·약한 신호)
P848,4,낙상:2;동물곤충:1;온열손상:1,"2022-2023,2025",읍면동+장소유형 매칭(개별 귀속 아님·약한 신호)
P736,1,낙상:1,"2022-2023,2025",읍면동+장소유형 매칭(개별 귀속 아님·약한 신호)
P204,3,낙상:3,"2022-2023,2025",읍면동+장소유형 매칭(개별 귀속 아님·약한 신호)
P356,3,낙상:3,"2022-2023,2025",읍면동+장소유형 매칭(개별 귀속 아님·약한 신호)
P484,3,낙상:3,"2022-2023,2025",읍면동+장소유형 매칭(개별 귀속 아님·약한 신호)
P488,3,낙상:3,"2022-2023,2025",읍면동+장소유형 매칭(개별 귀속 아님·약한 신호)
P505,3,낙상:3,"2022-2023,2025",읍면동+장소유형 매칭(개별 귀속 아님·약한 신호)
P897,3,낙상:3,"2022-2023,2025",읍면동+장소유형 매칭(개별 귀속 아님·약한 신호)
P922,3,낙상:3,"2022-2023,2025",읍면동+장소유형 매칭(개별 귀속 아님·약한 신호)
P294,1,기타 둔상:1,"2022-2023,2025",읍면동+장소유형 매칭(개별 귀속 아님·약한 신호)
P344,1,기타 둔상:1,"2022-2023,2025",읍면동+장소유형 매칭(개별 귀속 아님·약한 신호)
P652,1,기타 둔상:1,"2022-2023,2025",읍면동+장소유형 매칭(개별 귀속 아님·약한 신호)
P293,9,낙상:7;물:1;기타 둔상:1,"2022-2023,2025",읍면동+장소유형 매칭(개별 귀속 아님·약한 신호)
P072,30,낙상:18;상해:5;기타 둔상:4;열상:2;동물곤충:1,"2022-2023,2025",읍면동+장소유형 매칭(개별 귀속 아님·약한 신호)
P178,30,낙상:18;상해:5;기타 둔상:4;열상:2;동물곤충:1,"2022-2023,2025",읍면동+장소유형 매칭(개별 귀속 아님·약한 신호)
P163,6,낙상:4;상해:1;관통상:1,"2022-2023,2025",읍면동+장소유형 매칭(개별 귀속 아님·약한 신호)
P198,6,낙상:4;상해:1;관통상:1,"2022-2023,2025",읍면동+장소유형 매칭(개별 귀속 아님·약한 신호)
P254,6,낙상:4;상해:1;관통상:1,"2022-2023,2025",읍면동+장소유형 매칭(개별 귀속 아님·약한 신호)
P273,6,낙상:4;상해:1;관통상:1,"2022-2023,2025",읍면동+장소유형 매칭(개별 귀속 아님·약한 신호)
P305,6,낙상:4;상해:1;관통상:1,"2022-2023,2025",읍면동+장소유형 매칭(개별 귀속 아님·약한 신호)
P678,6,낙상:4;상해:1;관통상:1,"2022-2023,2025",읍면동+장소유형 매칭(개별 귀속 아님·약한 신호)
P967,6,낙상:4;상해:1;관통상:1,"2022-2023,2025",읍면동+장소유형 매칭(개별 귀속 아님·약한 신호)
P121,84,낙상:47;열상:13;기타 둔상:13;관통상:6;동물곤충:3;물:1;상해:1,"2022-2023,2025",읍면동+장소유형 매칭(개별 귀속 아님·약한 신호)
P132,84,낙상:47;열상:13;기타 둔상:13;관통상:6;동물곤충:3;물:1;상해:1,"2022-2023,2025",읍면동+장소유형 매칭(개별 귀속 아님·약한 신호)
P082,22,낙상:10;동물곤충:7;기타 둔상:4;열상:1,"2022-2023,2025",읍면동+장소유형 매칭(개별 귀속 아님·약한 신호)
P125,22,낙상:10;동물곤충:7;기타 둔상:4;열상:1,"2022-2023,2025",읍면동+장소유형 매칭(개별 귀속 아님·약한 신호)
P425,22,낙상:10;동물곤충:7;기타 둔상:4;열상:1,"2022-2023,2025",읍면동+장소유형 매칭(개별 귀속 아님·약한 신호)
P618,22,낙상:10;동물곤충:7;기타 둔상:4;열상:1,"2022-2023,2025",읍면동+장소유형 매칭(개별 귀속 아님·약한 신호)
P740,22,낙상:10;동물곤충:7;기타 둔상:4;열상:1,"2022-2023,2025",읍면동+장소유형 매칭(개별 귀속 아님·약한 신호)
P743,22,낙상:10;동물곤충:7;기타 둔상:4;열상:1,"2022-2023,2025",읍면동+장소유형 매칭(개별 귀속 아님·약한 신호)
P837,22,낙상:10;동물곤충:7;기타 둔상:4;열상:1,"2022-2023,2025",읍면동+장소유형 매칭(개별 귀속 아님·약한 신호)
P842,22,낙상:10;동물곤충:7;기타 둔상:4;열상:1,"2022-2023,2025",읍면동+장소유형 매칭(개별 귀속 아님·약한 신호)
P920,22,낙상:10;동물곤충:7;기타 둔상:4;열상:1,"2022-2023,2025",읍면동+장소유형 매칭(개별 귀속 아님·약한 신호)
P142,4,기타 둔상:2;낙상:1;동물곤충:1,"2022-2023,2025",읍면동+장소유형 매칭(개별 귀속 아님·약한 신호)
P151,4,기타 둔상:2;낙상:1;동물곤충:1,"2022-2023,2025",읍면동+장소유형 매칭(개별 귀속 아님·약한 신호)
P164,5,기타 둔상:2;낙상:1;관통상:1;동물곤충:1,"2022-2023,2025",읍면동+장소유형 매칭(개별 귀속 아님·약한 신호)
P180,4,기타 둔상:2;낙상:1;동물곤충:1,"2022-2023,2025",읍면동+장소유형 매칭(개별 귀속 아님·약한 신호)
P186,5,기타 둔상:2;낙상:1;관통상:1;동물곤충:1,"2022-2023,2025",읍면동+장소유형 매칭(개별 귀속 아님·약한 신호)
P217,4,기타 둔상:2;낙상:1;동물곤충:1,"2022-2023,2025",읍면동+장소유형 매칭(개별 귀속 아님·약한 신호)
P243,5,기타 둔상:2;낙상:1;관통상:1;동물곤충:1,"2022-2023,2025",읍면동+장소유형 매칭(개별 귀속 아님·약한 신호)
P692,4,기타 둔상:2;낙상:1;동물곤충:1,"2022-2023,2025",읍면동+장소유형 매칭(개별 귀속 아님·약한 신호)
P704,4,기타 둔상:2;낙상:1;동물곤충:1,"2022-2023,2025",읍면동+장소유형 매칭(개별 귀속 아님·약한 신호)
P994,5,기타 둔상:2;낙상:1;관통상:1;동물곤충:1,"2022-2023,2025",읍면동+장소유형 매칭(개별 귀속 아님·약한 신호)
P1017,5,기타 둔상:2;낙상:1;관통상:1;동물곤충:1,"2022-2023,2025",읍면동+장소유형 매칭(개별 귀속 아님·약한 신호)
P1023,5,기타 둔상:2;낙상:1;관통상:1;동물곤충:1,"2022-2023,2025",읍면동+장소유형 매칭(개별 귀속 아님·약한 신호)
P015,32,낙상:19;기타 둔상:5;동물곤충:2;농기계:2;온열손상:1;추락:1;열상:1;물:1,"2022-2023,2025",읍면동+장소유형 매칭(개별 귀속 아님·약한 신호)
P017,32,낙상:19;기타 둔상:5;동물곤충:2;농기계:2;온열손상:1;추락:1;열상:1;물:1,"2022-2023,2025",읍면동+장소유형 매칭(개별 귀속 아님·약한 신호)
P038,32,낙상:19;기타 둔상:5;동물곤충:2;농기계:2;온열손상:1;추락:1;열상:1;물:1,"2022-2023,2025",읍면동+장소유형 매칭(개별 귀속 아님·약한 신호)
P066,32,낙상:19;기타 둔상:5;동물곤충:2;농기계:2;온열손상:1;추락:1;열상:1;물:1,"2022-2023,2025",읍면동+장소유형 매칭(개별 귀속 아님·약한 신호)
P127,32,낙상:19;기타 둔상:5;동물곤충:2;농기계:2;온열손상:1;추락:1;열상:1;물:1,"2022-2023,2025",읍면동+장소유형 매칭(개별 귀속 아님·약한 신호)
P130,32,낙상:19;기타 둔상:5;동물곤충:2;농기계:2;온열손상:1;추락:1;열상:1;물:1,"2022-2023,2025",읍면동+장소유형 매칭(개별 귀속 아님·약한 신호)
P216,32,낙상:19;기타 둔상:5;동물곤충:2;농기계:2;온열손상:1;추락:1;열상:1;물:1,"2022-2023,2025",읍면동+장소유형 매칭(개별 귀속 아님·약한 신호)
P224,32,낙상:19;기타 둔상:5;동물곤충:2;농기계:2;온열손상:1;추락:1;열상:1;물:1,"2022-2023,2025",읍면동+장소유형 매칭(개별 귀속 아님·약한 신호)
P285,32,낙상:19;기타 둔상:5;동물곤충:2;농기계:2;온열손상:1;추락:1;열상:1;물:1,"2022-2023,2025",읍면동+장소유형 매칭(개별 귀속 아님·약한 신호)
P287,32,낙상:19;기타 둔상:5;동물곤충:2;농기계:2;온열손상:1;추락:1;열상:1;물:1,"2022-2023,2025",읍면동+장소유형 매칭(개별 귀속 아님·약한 신호)
P302,32,낙상:19;기타 둔상:5;동물곤충:2;농기계:2;온열손상:1;추락:1;열상:1;물:1,"2022-2023,2025",읍면동+장소유형 매칭(개별 귀속 아님·약한 신호)
P321,32,낙상:19;기타 둔상:5;동물곤충:2;농기계:2;온열손상:1;추락:1;열상:1;물:1,"2022-2023,2025",읍면동+장소유형 매칭(개별 귀속 아님·약한 신호)
P337,32,낙상:19;기타 둔상:5;동물곤충:2;농기계:2;온열손상:1;추락:1;열상:1;물:1,"2022-2023,2025",읍면동+장소유형 매칭(개별 귀속 아님·약한 신호)
P366,32,낙상:19;기타 둔상:5;동물곤충:2;농기계:2;온열손상:1;추락:1;열상:1;물:1,"2022-2023,2025",읍면동+장소유형 매칭(개별 귀속 아님·약한 신호)
P409,32,낙상:19;기타 둔상:5;동물곤충:2;농기계:2;온열손상:1;추락:1;열상:1;물:1,"2022-2023,2025",읍면동+장소유형 매칭(개별 귀속 아님·약한 신호)
P410,32,낙상:19;기타 둔상:5;동물곤충:2;농기계:2;온열손상:1;추락:1;열상:1;물:1,"2022-2023,2025",읍면동+장소유형 매칭(개별 귀속 아님·약한 신호)
P415,32,낙상:19;기타 둔상:5;동물곤충:2;농기계:2;온열손상:1;추락:1;열상:1;물:1,"2022-2023,2025",읍면동+장소유형 매칭(개별 귀속 아님·약한 신호)
P423,32,낙상:19;기타 둔상:5;동물곤충:2;농기계:2;온열손상:1;추락:1;열상:1;물:1,"2022-2023,2025",읍면동+장소유형 매칭(개별 귀속 아님·약한 신호)
P441,32,낙상:19;기타 둔상:5;동물곤충:2;농기계:2;온열손상:1;추락:1;열상:1;물:1,"2022-2023,2025",읍면동+장소유형 매칭(개별 귀속 아님·약한 신호)
P452,32,낙상:19;기타 둔상:5;동물곤충:2;농기계:2;온열손상:1;추락:1;열상:1;물:1,"2022-2023,2025",읍면동+장소유형 매칭(개별 귀속 아님·약한 신호)
P453,32,낙상:19;기타 둔상:5;동물곤충:2;농기계:2;온열손상:1;추락:1;열상:1;물:1,"2022-2023,2025",읍면동+장소유형 매칭(개별 귀속 아님·약한 신호)
P466,32,낙상:19;기타 둔상:5;동물곤충:2;농기계:2;온열손상:1;추락:1;열상:1;물:1,"2022-2023,2025",읍면동+장소유형 매칭(개별 귀속 아님·약한 신호)
P479,32,낙상:19;기타 둔상:5;동물곤충:2;농기계:2;온열손상:1;추락:1;열상:1;물:1,"2022-2023,2025",읍면동+장소유형 매칭(개별 귀속 아님·약한 신호)
P503,32,낙상:19;기타 둔상:5;동물곤충:2;농기계:2;온열손상:1;추락:1;열상:1;물:1,"2022-2023,2025",읍면동+장소유형 매칭(개별 귀속 아님·약한 신호)
P506,32,낙상:19;기타 둔상:5;동물곤충:2;농기계:2;온열손상:1;추락:1;열상:1;물:1,"2022-2023,2025",읍면동+장소유형 매칭(개별 귀속 아님·약한 신호)
P566,32,낙상:19;기타 둔상:5;동물곤충:2;농기계:2;온열손상:1;추락:1;열상:1;물:1,"2022-2023,2025",읍면동+장소유형 매칭(개별 귀속 아님·약한 신호)
P600,32,낙상:19;기타 둔상:5;동물곤충:2;농기계:2;온열손상:1;추락:1;열상:1;물:1,"2022-2023,2025",읍면동+장소유형 매칭(개별 귀속 아님·약한 신호)
P741,32,낙상:19;기타 둔상:5;동물곤충:2;농기계:2;온열손상:1;추락:1;열상:1;물:1,"2022-2023,2025",읍면동+장소유형 매칭(개별 귀속 아님·약한 신호)
P774,32,낙상:19;기타 둔상:5;동물곤충:2;농기계:2;온열손상:1;추락:1;열상:1;물:1,"2022-2023,2025",읍면동+장소유형 매칭(개별 귀속 아님·약한 신호)
P793,32,낙상:19;기타 둔상:5;동물곤충:2;농기계:2;온열손상:1;추락:1;열상:1;물:1,"2022-2023,2025",읍면동+장소유형 매칭(개별 귀속 아님·약한 신호)
P799,32,낙상:19;기타 둔상:5;동물곤충:2;농기계:2;온열손상:1;추락:1;열상:1;물:1,"2022-2023,2025",읍면동+장소유형 매칭(개별 귀속 아님·약한 신호)
P801,32,낙상:19;기타 둔상:5;동물곤충:2;농기계:2;온열손상:1;추락:1;열상:1;물:1,"2022-2023,2025",읍면동+장소유형 매칭(개별 귀속 아님·약한 신호)
P843,32,낙상:19;기타 둔상:5;동물곤충:2;농기계:2;온열손상:1;추락:1;열상:1;물:1,"2022-2023,2025",읍면동+장소유형 매칭(개별 귀속 아님·약한 신호)
P878,32,낙상:19;기타 둔상:5;동물곤충:2;농기계:2;온열손상:1;추락:1;열상:1;물:1,"2022-2023,2025",읍면동+장소유형 매칭(개별 귀속 아님·약한 신호)
P918,32,낙상:19;기타 둔상:5;동물곤충:2;농기계:2;온열손상:1;추락:1;열상:1;물:1,"2022-2023,2025",읍면동+장소유형 매칭(개별 귀속 아님·약한 신호)
P919,32,낙상:19;기타 둔상:5;동물곤충:2;농기계:2;온열손상:1;추락:1;열상:1;물:1,"2022-2023,2025",읍면동+장소유형 매칭(개별 귀속 아님·약한 신호)
P927,32,낙상:19;기타 둔상:5;동물곤충:2;농기계:2;온열손상:1;추락:1;열상:1;물:1,"2022-2023,2025",읍면동+장소유형 매칭(개별 귀속 아님·약한 신호)
P021,3,낙상:3,"2022-2023,2025",읍면동+장소유형 매칭(개별 귀속 아님·약한 신호)
P077,3,낙상:3,"2022-2023,2025",읍면동+장소유형 매칭(개별 귀속 아님·약한 신호)
P148,3,낙상:3,"2022-2023,2025",읍면동+장소유형 매칭(개별 귀속 아님·약한 신호)
P355,3,낙상:3,"2022-2023,2025",읍면동+장소유형 매칭(개별 귀속 아님·약한 신호)
P491,3,낙상:3,"2022-2023,2025",읍면동+장소유형 매칭(개별 귀속 아님·약한 신호)
P228,29,낙상:20;추락:4;동물곤충:2;상해:1;열상:1;기타 둔상:1,"2022-2023,2025",읍면동+장소유형 매칭(개별 귀속 아님·약한 신호)
P310,29,낙상:20;추락:4;동물곤충:2;상해:1;열상:1;기타 둔상:1,"2022-2023,2025",읍면동+장소유형 매칭(개별 귀속 아님·약한 신호)
P341,29,낙상:20;추락:4;동물곤충:2;상해:1;열상:1;기타 둔상:1,"2022-2023,2025",읍면동+장소유형 매칭(개별 귀속 아님·약한 신호)
P349,29,낙상:20;추락:4;동물곤충:2;상해:1;열상:1;기타 둔상:1,"2022-2023,2025",읍면동+장소유형 매칭(개별 귀속 아님·약한 신호)
P391,29,낙상:20;추락:4;동물곤충:2;상해:1;열상:1;기타 둔상:1,"2022-2023,2025",읍면동+장소유형 매칭(개별 귀속 아님·약한 신호)
P399,29,낙상:20;추락:4;동물곤충:2;상해:1;열상:1;기타 둔상:1,"2022-2023,2025",읍면동+장소유형 매칭(개별 귀속 아님·약한 신호)
P490,29,낙상:20;추락:4;동물곤충:2;상해:1;열상:1;기타 둔상:1,"2022-2023,2025",읍면동+장소유형 매칭(개별 귀속 아님·약한 신호)
P560,29,낙상:20;추락:4;동물곤충:2;상해:1;열상:1;기타 둔상:1,"2022-2023,2025",읍면동+장소유형 매칭(개별 귀속 아님·약한 신호)
P581,29,낙상:20;추락:4;동물곤충:2;상해:1;열상:1;기타 둔상:1,"2022-2023,2025",읍면동+장소유형 매칭(개별 귀속 아님·약한 신호)
P619,29,낙상:20;추락:4;동물곤충:2;상해:1;열상:1;기타 둔상:1,"2022-2023,2025",읍면동+장소유형 매칭(개별 귀속 아님·약한 신호)
P753,29,낙상:20;추락:4;동물곤충:2;상해:1;열상:1;기타 둔상:1,"2022-2023,2025",읍면동+장소유형 매칭(개별 귀속 아님·약한 신호)
P800,29,낙상:20;추락:4;동물곤충:2;상해:1;열상:1;기타 둔상:1,"2022-2023,2025",읍면동+장소유형 매칭(개별 귀속 아님·약한 신호)
P828,29,낙상:20;추락:4;동물곤충:2;상해:1;열상:1;기타 둔상:1,"2022-2023,2025",읍면동+장소유형 매칭(개별 귀속 아님·약한 신호)
P836,29,낙상:20;추락:4;동물곤충:2;상해:1;열상:1;기타 둔상:1,"2022-2023,2025",읍면동+장소유형 매칭(개별 귀속 아님·약한 신호)
P858,29,낙상:20;추락:4;동물곤충:2;상해:1;열상:1;기타 둔상:1,"2022-2023,2025",읍면동+장소유형 매칭(개별 귀속 아님·약한 신호)
P872,29,낙상:20;추락:4;동물곤충:2;상해:1;열상:1;기타 둔상:1,"2022-2023,2025",읍면동+장소유형 매칭(개별 귀속 아님·약한 신호)
P884,29,낙상:20;추락:4;동물곤충:2;상해:1;열상:1;기타 둔상:1,"2022-2023,2025",읍면동+장소유형 매칭(개별 귀속 아님·약한 신호)
P887,29,낙상:20;추락:4;동물곤충:2;상해:1;열상:1;기타 둔상:1,"2022-2023,2025",읍면동+장소유형 매칭(개별 귀속 아님·약한 신호)
P890,29,낙상:20;추락:4;동물곤충:2;상해:1;열상:1;기타 둔상:1,"2022-2023,2025",읍면동+장소유형 매칭(개별 귀속 아님·약한 신호)
P896,29,낙상:20;추락:4;동물곤충:2;상해:1;열상:1;기타 둔상:1,"2022-2023,2025",읍면동+장소유형 매칭(개별 귀속 아님·약한 신호)
P914,29,낙상:20;추락:4;동물곤충:2;상해:1;열상:1;기타 둔상:1,"2022-2023,2025",읍면동+장소유형 매칭(개별 귀속 아님·약한 신호)
P915,29,낙상:20;추락:4;동물곤충:2;상해:1;열상:1;기타 둔상:1,"2022-2023,2025",읍면동+장소유형 매칭(개별 귀속 아님·약한 신호)
P924,29,낙상:20;추락:4;동물곤충:2;상해:1;열상:1;기타 둔상:1,"2022-2023,2025",읍면동+장소유형 매칭(개별 귀속 아님·약한 신호)
P286,5,낙상:3;기타 둔상:2,"2022-2023,2025",읍면동+장소유형 매칭(개별 귀속 아님·약한 신호)
P520,5,낙상:3;기타 둔상:2,"2022-2023,2025",읍면동+장소유형 매칭(개별 귀속 아님·약한 신호)
P794,5,낙상:3;기타 둔상:2,"2022-2023,2025",읍면동+장소유형 매칭(개별 귀속 아님·약한 신호)
P909,5,낙상:3;기타 둔상:2,"2022-2023,2025",읍면동+장소유형 매칭(개별 귀속 아님·약한 신호)
P009,12,낙상:9;동물곤충:1;기타 둔상:1;물:1,"2022-2023,2025",읍면동+장소유형 매칭(개별 귀속 아님·약한 신호)
P114,12,낙상:9;동물곤충:1;기타 둔상:1;물:1,"2022-2023,2025",읍면동+장소유형 매칭(개별 귀속 아님·약한 신호)
P192,11,낙상:9;동물곤충:1;물:1,"2022-2023,2025",읍면동+장소유형 매칭(개별 귀속 아님·약한 신호)
P269,12,낙상:9;동물곤충:1;기타 둔상:1;물:1,"2022-2023,2025",읍면동+장소유형 매칭(개별 귀속 아님·약한 신호)
P270,12,낙상:9;동물곤충:1;기타 둔상:1;물:1,"2022-2023,2025",읍면동+장소유형 매칭(개별 귀속 아님·약한 신호)
P301,11,낙상:9;동물곤충:1;물:1,"2022-2023,2025",읍면동+장소유형 매칭(개별 귀속 아님·약한 신호)
P324,12,낙상:9;동물곤충:1;기타 둔상:1;물:1,"2022-2023,2025",읍면동+장소유형 매칭(개별 귀속 아님·약한 신호)
P327,11,낙상:9;동물곤충:1;물:1,"2022-2023,2025",읍면동+장소유형 매칭(개별 귀속 아님·약한 신호)
P369,12,낙상:9;동물곤충:1;기타 둔상:1;물:1,"2022-2023,2025",읍면동+장소유형 매칭(개별 귀속 아님·약한 신호)
P563,11,낙상:9;동물곤충:1;물:1,"2022-2023,2025",읍면동+장소유형 매칭(개별 귀속 아님·약한 신호)
P575,11,낙상:9;동물곤충:1;물:1,"2022-2023,2025",읍면동+장소유형 매칭(개별 귀속 아님·약한 신호)
P641,11,낙상:9;동물곤충:1;물:1,"2022-2023,2025",읍면동+장소유형 매칭(개별 귀속 아님·약한 신호)
P648,11,낙상:9;동물곤충:1;물:1,"2022-2023,2025",읍면동+장소유형 매칭(개별 귀속 아님·약한 신호)
P681,11,낙상:9;동물곤충:1;물:1,"2022-2023,2025",읍면동+장소유형 매칭(개별 귀속 아님·약한 신호)
P682,11,낙상:9;동물곤충:1;물:1,"2022-2023,2025",읍면동+장소유형 매칭(개별 귀속 아님·약한 신호)
P931,12,낙상:9;동물곤충:1;기타 둔상:1;물:1,"2022-2023,2025",읍면동+장소유형 매칭(개별 귀속 아님·약한 신호)
P971,12,낙상:9;동물곤충:1;기타 둔상:1;물:1,"2022-2023,2025",읍면동+장소유형 매칭(개별 귀속 아님·약한 신호)
P1000,12,낙상:9;동물곤충:1;기타 둔상:1;물:1,"2022-2023,2025",읍면동+장소유형 매칭(개별 귀속 아님·약한 신호)
P1012,12,낙상:9;동물곤충:1;기타 둔상:1;물:1,"2022-2023,2025",읍면동+장소유형 매칭(개별 귀속 아님·약한 신호)
P005,45,낙상:34;추락:3;동물곤충:2;온열손상:2;열상:1;기타 둔상:1;기계:1;화염:1,"2022-2023,2025",읍면동+장소유형 매칭(개별 귀속 아님·약한 신호)
P010,45,낙상:34;추락:3;동물곤충:2;온열손상:2;열상:1;기타 둔상:1;기계:1;화염:1,"2022-2023,2025",읍면동+장소유형 매칭(개별 귀속 아님·약한 신호)
P099,45,낙상:34;추락:3;동물곤충:2;온열손상:2;열상:1;기타 둔상:1;기계:1;화염:1,"2022-2023,2025",읍면동+장소유형 매칭(개별 귀속 아님·약한 신호)
P162,45,낙상:34;추락:3;동물곤충:2;온열손상:2;열상:1;기타 둔상:1;기계:1;화염:1,"2022-2023,2025",읍면동+장소유형 매칭(개별 귀속 아님·약한 신호)
P179,45,낙상:34;추락:3;동물곤충:2;온열손상:2;열상:1;기타 둔상:1;기계:1;화염:1,"2022-2023,2025",읍면동+장소유형 매칭(개별 귀속 아님·약한 신호)
P191,45,낙상:34;추락:3;동물곤충:2;온열손상:2;열상:1;기타 둔상:1;기계:1;화염:1,"2022-2023,2025",읍면동+장소유형 매칭(개별 귀속 아님·약한 신호)
P281,45,낙상:34;추락:3;동물곤충:2;온열손상:2;열상:1;기타 둔상:1;기계:1;화염:1,"2022-2023,2025",읍면동+장소유형 매칭(개별 귀속 아님·약한 신호)
P319,45,낙상:34;추락:3;동물곤충:2;온열손상:2;열상:1;기타 둔상:1;기계:1;화염:1,"2022-2023,2025",읍면동+장소유형 매칭(개별 귀속 아님·약한 신호)
P323,45,낙상:34;추락:3;동물곤충:2;온열손상:2;열상:1;기타 둔상:1;기계:1;화염:1,"2022-2023,2025",읍면동+장소유형 매칭(개별 귀속 아님·약한 신호)
P336,45,낙상:34;추락:3;동물곤충:2;온열손상:2;열상:1;기타 둔상:1;기계:1;화염:1,"2022-2023,2025",읍면동+장소유형 매칭(개별 귀속 아님·약한 신호)
P364,45,낙상:34;추락:3;동물곤충:2;온열손상:2;열상:1;기타 둔상:1;기계:1;화염:1,"2022-2023,2025",읍면동+장소유형 매칭(개별 귀속 아님·약한 신호)
P390,45,낙상:34;추락:3;동물곤충:2;온열손상:2;열상:1;기타 둔상:1;기계:1;화염:1,"2022-2023,2025",읍면동+장소유형 매칭(개별 귀속 아님·약한 신호)
P411,45,낙상:34;추락:3;동물곤충:2;온열손상:2;열상:1;기타 둔상:1;기계:1;화염:1,"2022-2023,2025",읍면동+장소유형 매칭(개별 귀속 아님·약한 신호)
P424,45,낙상:34;추락:3;동물곤충:2;온열손상:2;열상:1;기타 둔상:1;기계:1;화염:1,"2022-2023,2025",읍면동+장소유형 매칭(개별 귀속 아님·약한 신호)
P514,45,낙상:34;추락:3;동물곤충:2;온열손상:2;열상:1;기타 둔상:1;기계:1;화염:1,"2022-2023,2025",읍면동+장소유형 매칭(개별 귀속 아님·약한 신호)
P562,45,낙상:34;추락:3;동물곤충:2;온열손상:2;열상:1;기타 둔상:1;기계:1;화염:1,"2022-2023,2025",읍면동+장소유형 매칭(개별 귀속 아님·약한 신호)
P568,45,낙상:34;추락:3;동물곤충:2;온열손상:2;열상:1;기타 둔상:1;기계:1;화염:1,"2022-2023,2025",읍면동+장소유형 매칭(개별 귀속 아님·약한 신호)
P583,45,낙상:34;추락:3;동물곤충:2;온열손상:2;열상:1;기타 둔상:1;기계:1;화염:1,"2022-2023,2025",읍면동+장소유형 매칭(개별 귀속 아님·약한 신호)
P607,45,낙상:34;추락:3;동물곤충:2;온열손상:2;열상:1;기타 둔상:1;기계:1;화염:1,"2022-2023,2025",읍면동+장소유형 매칭(개별 귀속 아님·약한 신호)
P608,45,낙상:34;추락:3;동물곤충:2;온열손상:2;열상:1;기타 둔상:1;기계:1;화염:1,"2022-2023,2025",읍면동+장소유형 매칭(개별 귀속 아님·약한 신호)
P609,45,낙상:34;추락:3;동물곤충:2;온열손상:2;열상:1;기타 둔상:1;기계:1;화염:1,"2022-2023,2025",읍면동+장소유형 매칭(개별 귀속 아님·약한 신호)
P622,45,낙상:34;추락:3;동물곤충:2;온열손상:2;열상:1;기타 둔상:1;기계:1;화염:1,"2022-2023,2025",읍면동+장소유형 매칭(개별 귀속 아님·약한 신호)
P761,45,낙상:34;추락:3;동물곤충:2;온열손상:2;열상:1;기타 둔상:1;기계:1;화염:1,"2022-2023,2025",읍면동+장소유형 매칭(개별 귀속 아님·약한 신호)
P763,45,낙상:34;추락:3;동물곤충:2;온열손상:2;열상:1;기타 둔상:1;기계:1;화염:1,"2022-2023,2025",읍면동+장소유형 매칭(개별 귀속 아님·약한 신호)
P767,45,낙상:34;추락:3;동물곤충:2;온열손상:2;열상:1;기타 둔상:1;기계:1;화염:1,"2022-2023,2025",읍면동+장소유형 매칭(개별 귀속 아님·약한 신호)
P784,45,낙상:34;추락:3;동물곤충:2;온열손상:2;열상:1;기타 둔상:1;기계:1;화염:1,"2022-2023,2025",읍면동+장소유형 매칭(개별 귀속 아님·약한 신호)
P792,45,낙상:34;추락:3;동물곤충:2;온열손상:2;열상:1;기타 둔상:1;기계:1;화염:1,"2022-2023,2025",읍면동+장소유형 매칭(개별 귀속 아님·약한 신호)
P818,45,낙상:34;추락:3;동물곤충:2;온열손상:2;열상:1;기타 둔상:1;기계:1;화염:1,"2022-2023,2025",읍면동+장소유형 매칭(개별 귀속 아님·약한 신호)
P823,45,낙상:34;추락:3;동물곤충:2;온열손상:2;열상:1;기타 둔상:1;기계:1;화염:1,"2022-2023,2025",읍면동+장소유형 매칭(개별 귀속 아님·약한 신호)
P841,45,낙상:34;추락:3;동물곤충:2;온열손상:2;열상:1;기타 둔상:1;기계:1;화염:1,"2022-2023,2025",읍면동+장소유형 매칭(개별 귀속 아님·약한 신호)
P874,45,낙상:34;추락:3;동물곤충:2;온열손상:2;열상:1;기타 둔상:1;기계:1;화염:1,"2022-2023,2025",읍면동+장소유형 매칭(개별 귀속 아님·약한 신호)
P089,8,낙상:4;관통상:2;기타 둔상:1;추락:1,"2022-2023,2025",읍면동+장소유형 매칭(개별 귀속 아님·약한 신호)
P101,7,낙상:4;기타 둔상:1;관통상:1;추락:1,"2022-2023,2025",읍면동+장소유형 매칭(개별 귀속 아님·약한 신호)
P106,7,낙상:4;기타 둔상:1;관통상:1;추락:1,"2022-2023,2025",읍면동+장소유형 매칭(개별 귀속 아님·약한 신호)
P109,8,낙상:4;관통상:2;기타 둔상:1;추락:1,"2022-2023,2025",읍면동+장소유형 매칭(개별 귀속 아님·약한 신호)
P174,7,낙상:4;기타 둔상:1;관통상:1;추락:1,"2022-2023,2025",읍면동+장소유형 매칭(개별 귀속 아님·약한 신호)
P175,7,낙상:4;기타 둔상:1;관통상:1;추락:1,"2022-2023,2025",읍면동+장소유형 매칭(개별 귀속 아님·약한 신호)
P222,7,낙상:4;기타 둔상:1;관통상:1;추락:1,"2022-2023,2025",읍면동+장소유형 매칭(개별 귀속 아님·약한 신호)
P403,7,낙상:4;기타 둔상:1;관통상:1;추락:1,"2022-2023,2025",읍면동+장소유형 매칭(개별 귀속 아님·약한 신호)
P526,7,낙상:4;기타 둔상:1;관통상:1;추락:1,"2022-2023,2025",읍면동+장소유형 매칭(개별 귀속 아님·약한 신호)
P529,7,낙상:4;기타 둔상:1;관통상:1;추락:1,"2022-2023,2025",읍면동+장소유형 매칭(개별 귀속 아님·약한 신호)
P542,7,낙상:4;기타 둔상:1;관통상:1;추락:1,"2022-2023,2025",읍면동+장소유형 매칭(개별 귀속 아님·약한 신호)
P617,7,낙상:4;기타 둔상:1;관통상:1;추락:1,"2022-2023,2025",읍면동+장소유형 매칭(개별 귀속 아님·약한 신호)
P646,7,낙상:4;기타 둔상:1;관통상:1;추락:1,"2022-2023,2025",읍면동+장소유형 매칭(개별 귀속 아님·약한 신호)
P668,7,낙상:4;기타 둔상:1;관통상:1;추락:1,"2022-2023,2025",읍면동+장소유형 매칭(개별 귀속 아님·약한 신호)
P676,7,낙상:4;기타 둔상:1;관통상:1;추락:1,"2022-2023,2025",읍면동+장소유형 매칭(개별 귀속 아님·약한 신호)
P684,7,낙상:4;기타 둔상:1;관통상:1;추락:1,"2022-2023,2025",읍면동+장소유형 매칭(개별 귀속 아님·약한 신호)
P696,7,낙상:4;기타 둔상:1;관통상:1;추락:1,"2022-2023,2025",읍면동+장소유형 매칭(개별 귀속 아님·약한 신호)
P939,8,낙상:4;관통상:2;기타 둔상:1;추락:1,"2022-2023,2025",읍면동+장소유형 매칭(개별 귀속 아님·약한 신호)
P978,8,낙상:4;관통상:2;기타 둔상:1;추락:1,"2022-2023,2025",읍면동+장소유형 매칭(개별 귀속 아님·약한 신호)
P980,8,낙상:4;관통상:2;기타 둔상:1;추락:1,"2022-2023,2025",읍면동+장소유형 매칭(개별 귀속 아님·약한 신호)
P988,8,낙상:4;관통상:2;기타 둔상:1;추락:1,"2022-2023,2025",읍면동+장소유형 매칭(개별 귀속 아님·약한 신호)
P995,8,낙상:4;관통상:2;기타 둔상:1;추락:1,"2022-2023,2025",읍면동+장소유형 매칭(개별 귀속 아님·약한 신호)
P1013,8,낙상:4;관통상:2;기타 둔상:1;추락:1,"2022-2023,2025",읍면동+장소유형 매칭(개별 귀속 아님·약한 신호)
P249,65,낙상:34;기타 둔상:10;관통상:6;추락:5;열상:3;물:3;상해:2;동물곤충:1;고온체:1,"2022-2023,2025",읍면동+장소유형 매칭(개별 귀속 아님·약한 신호)
P378,35,낙상:24;열상:4;기타 둔상:4;추락:1;상해:1;농기계:1,"2022-2023,2025",읍면동+장소유형 매칭(개별 귀속 아님·약한 신호)
P141,16,기타 둔상:7;낙상:4;열상:3;동물곤충:1;온열손상:1,"2022-2023,2025",읍면동+장소유형 매칭(개별 귀속 아님·약한 신호)
P524,16,기타 둔상:7;낙상:4;열상:3;동물곤충:1;온열손상:1,"2022-2023,2025",읍면동+장소유형 매칭(개별 귀속 아님·약한 신호)
P640,8,열상:3;기타 둔상:2;동물곤충:1;낙상:1;온열손상:1,"2022-2023,2025",읍면동+장소유형 매칭(개별 귀속 아님·약한 신호)
P702,8,열상:3;기타 둔상:2;동물곤충:1;낙상:1;온열손상:1,"2022-2023,2025",읍면동+장소유형 매칭(개별 귀속 아님·약한 신호)
P720,8,열상:3;기타 둔상:2;동물곤충:1;낙상:1;온열손상:1,"2022-2023,2025",읍면동+장소유형 매칭(개별 귀속 아님·약한 신호)
P938,16,기타 둔상:7;낙상:4;열상:3;동물곤충:1;온열손상:1,"2022-2023,2025",읍면동+장소유형 매칭(개별 귀속 아님·약한 신호)
P985,16,기타 둔상:7;낙상:4;열상:3;동물곤충:1;온열손상:1,"2022-2023,2025",읍면동+장소유형 매칭(개별 귀속 아님·약한 신호)
P536,8,낙상:5;동물곤충:2;추락:1,"2022-2023,2025",읍면동+장소유형 매칭(개별 귀속 아님·약한 신호)
P775,8,낙상:5;동물곤충:2;추락:1,"2022-2023,2025",읍면동+장소유형 매칭(개별 귀속 아님·약한 신호)
P819,8,낙상:5;동물곤충:2;추락:1,"2022-2023,2025",읍면동+장소유형 매칭(개별 귀속 아님·약한 신호)
P839,8,낙상:5;동물곤충:2;추락:1,"2022-2023,2025",읍면동+장소유형 매칭(개별 귀속 아님·약한 신호)
P850,8,낙상:5;동물곤충:2;추락:1,"2022-2023,2025",읍면동+장소유형 매칭(개별 귀속 아님·약한 신호)
P851,8,낙상:5;동물곤충:2;추락:1,"2022-2023,2025",읍면동+장소유형 매칭(개별 귀속 아님·약한 신호)
P889,8,낙상:5;동물곤충:2;추락:1,"2022-2023,2025",읍면동+장소유형 매칭(개별 귀속 아님·약한 신호)
P105,2,낙상:1;기타 둔상:1,"2022-2023,2025",읍면동+장소유형 매칭(개별 귀속 아님·약한 신호)
P991,2,낙상:1;기타 둔상:1,"2022-2023,2025",읍면동+장소유형 매칭(개별 귀속 아님·약한 신호)
P079,5,낙상:4;열상:1,"2022-2023,2025",읍면동+장소유형 매칭(개별 귀속 아님·약한 신호)
P471,5,낙상:4;열상:1,"2022-2023,2025",읍면동+장소유형 매칭(개별 귀속 아님·약한 신호)
P496,5,낙상:4;열상:1,"2022-2023,2025",읍면동+장소유형 매칭(개별 귀속 아님·약한 신호)
P957,5,낙상:4;열상:1,"2022-2023,2025",읍면동+장소유형 매칭(개별 귀속 아님·약한 신호)
P434,4,낙상:3;추락:1,"2022-2023,2025",읍면동+장소유형 매칭(개별 귀속 아님·약한 신호)
P773,4,낙상:3;추락:1,"2022-2023,2025",읍면동+장소유형 매칭(개별 귀속 아님·약한 신호)
P831,4,낙상:3;추락:1,"2022-2023,2025",읍면동+장소유형 매칭(개별 귀속 아님·약한 신호)
P231,3,낙상:3,"2022-2023,2025",읍면동+장소유형 매칭(개별 귀속 아님·약한 신호)
P559,3,낙상:3,"2022-2023,2025",읍면동+장소유형 매칭(개별 귀속 아님·약한 신호)
P829,3,낙상:3,"2022-2023,2025",읍면동+장소유형 매칭(개별 귀속 아님·약한 신호)
P475,1,동물곤충:1,"2022-2023,2025",읍면동+장소유형 매칭(개별 귀속 아님·약한 신호)
P119,1,기타 둔상:1,"2022-2023,2025",읍면동+장소유형 매칭(개별 귀속 아님·약한 신호)
P274,1,기타 둔상:1,"2022-2023,2025",읍면동+장소유형 매칭(개별 귀속 아님·약한 신호)
P951,1,기타 둔상:1,"2022-2023,2025",읍면동+장소유형 매칭(개별 귀속 아님·약한 신호)
P963,1,기타 둔상:1,"2022-2023,2025",읍면동+장소유형 매칭(개별 귀속 아님·약한 신호)
P973,1,기타 둔상:1,"2022-2023,2025",읍면동+장소유형 매칭(개별 귀속 아님·약한 신호)
P996,1,기타 둔상:1,"2022-2023,2025",읍면동+장소유형 매칭(개별 귀속 아님·약한 신호)
P284,3,추락:1;낙상:1;동물곤충:1,"2022-2023,2025",읍면동+장소유형 매칭(개별 귀속 아님·약한 신호)
P357,3,추락:1;낙상:1;동물곤충:1,"2022-2023,2025",읍면동+장소유형 매칭(개별 귀속 아님·약한 신호)
P435,3,추락:1;낙상:1;동물곤충:1,"2022-2023,2025",읍면동+장소유형 매칭(개별 귀속 아님·약한 신호)
P438,3,추락:1;낙상:1;동물곤충:1,"2022-2023,2025",읍면동+장소유형 매칭(개별 귀속 아님·약한 신호)
P873,3,추락:1;낙상:1;동물곤충:1,"2022-2023,2025",읍면동+장소유형 매칭(개별 귀속 아님·약한 신호)
P882,3,추락:1;낙상:1;동물곤충:1,"2022-2023,2025",읍면동+장소유형 매칭(개별 귀속 아님·약한 신호)
P006,38,낙상:23;동물곤충:8;관통상:3;기타 둔상:1;추락:1;익수:1;고온체:1,"2022-2023,2025",읍면동+장소유형 매칭(개별 귀속 아님·약한 신호)
P026,38,낙상:23;동물곤충:8;관통상:3;기타 둔상:1;추락:1;익수:1;고온체:1,"2022-2023,2025",읍면동+장소유형 매칭(개별 귀속 아님·약한 신호)
P030,38,낙상:23;동물곤충:8;관통상:3;기타 둔상:1;추락:1;익수:1;고온체:1,"2022-2023,2025",읍면동+장소유형 매칭(개별 귀속 아님·약한 신호)
P084,38,낙상:23;동물곤충:8;관통상:3;기타 둔상:1;추락:1;익수:1;고온체:1,"2022-2023,2025",읍면동+장소유형 매칭(개별 귀속 아님·약한 신호)
P171,38,낙상:23;동물곤충:8;관통상:3;기타 둔상:1;추락:1;익수:1;고온체:1,"2022-2023,2025",읍면동+장소유형 매칭(개별 귀속 아님·약한 신호)
P172,38,낙상:23;동물곤충:8;관통상:3;기타 둔상:1;추락:1;익수:1;고온체:1,"2022-2023,2025",읍면동+장소유형 매칭(개별 귀속 아님·약한 신호)
P199,38,낙상:23;동물곤충:8;관통상:3;기타 둔상:1;추락:1;익수:1;고온체:1,"2022-2023,2025",읍면동+장소유형 매칭(개별 귀속 아님·약한 신호)
P200,38,낙상:23;동물곤충:8;관통상:3;기타 둔상:1;추락:1;익수:1;고온체:1,"2022-2023,2025",읍면동+장소유형 매칭(개별 귀속 아님·약한 신호)
P218,38,낙상:23;동물곤충:8;관통상:3;기타 둔상:1;추락:1;익수:1;고온체:1,"2022-2023,2025",읍면동+장소유형 매칭(개별 귀속 아님·약한 신호)
P303,38,낙상:23;동물곤충:8;관통상:3;기타 둔상:1;추락:1;익수:1;고온체:1,"2022-2023,2025",읍면동+장소유형 매칭(개별 귀속 아님·약한 신호)
P318,38,낙상:23;동물곤충:8;관통상:3;기타 둔상:1;추락:1;익수:1;고온체:1,"2022-2023,2025",읍면동+장소유형 매칭(개별 귀속 아님·약한 신호)
P339,38,낙상:23;동물곤충:8;관통상:3;기타 둔상:1;추락:1;익수:1;고온체:1,"2022-2023,2025",읍면동+장소유형 매칭(개별 귀속 아님·약한 신호)
P340,38,낙상:23;동물곤충:8;관통상:3;기타 둔상:1;추락:1;익수:1;고온체:1,"2022-2023,2025",읍면동+장소유형 매칭(개별 귀속 아님·약한 신호)
P381,38,낙상:23;동물곤충:8;관통상:3;기타 둔상:1;추락:1;익수:1;고온체:1,"2022-2023,2025",읍면동+장소유형 매칭(개별 귀속 아님·약한 신호)
P498,38,낙상:23;동물곤충:8;관통상:3;기타 둔상:1;추락:1;익수:1;고온체:1,"2022-2023,2025",읍면동+장소유형 매칭(개별 귀속 아님·약한 신호)
P584,38,낙상:23;동물곤충:8;관통상:3;기타 둔상:1;추락:1;익수:1;고온체:1,"2022-2023,2025",읍면동+장소유형 매칭(개별 귀속 아님·약한 신호)
P615,38,낙상:23;동물곤충:8;관통상:3;기타 둔상:1;추락:1;익수:1;고온체:1,"2022-2023,2025",읍면동+장소유형 매칭(개별 귀속 아님·약한 신호)
P616,38,낙상:23;동물곤충:8;관통상:3;기타 둔상:1;추락:1;익수:1;고온체:1,"2022-2023,2025",읍면동+장소유형 매칭(개별 귀속 아님·약한 신호)
P621,38,낙상:23;동물곤충:8;관통상:3;기타 둔상:1;추락:1;익수:1;고온체:1,"2022-2023,2025",읍면동+장소유형 매칭(개별 귀속 아님·약한 신호)
P758,38,낙상:23;동물곤충:8;관통상:3;기타 둔상:1;추락:1;익수:1;고온체:1,"2022-2023,2025",읍면동+장소유형 매칭(개별 귀속 아님·약한 신호)
P781,38,낙상:23;동물곤충:8;관통상:3;기타 둔상:1;추락:1;익수:1;고온체:1,"2022-2023,2025",읍면동+장소유형 매칭(개별 귀속 아님·약한 신호)
P815,38,낙상:23;동물곤충:8;관통상:3;기타 둔상:1;추락:1;익수:1;고온체:1,"2022-2023,2025",읍면동+장소유형 매칭(개별 귀속 아님·약한 신호)
P861,38,낙상:23;동물곤충:8;관통상:3;기타 둔상:1;추락:1;익수:1;고온체:1,"2022-2023,2025",읍면동+장소유형 매칭(개별 귀속 아님·약한 신호)
P913,38,낙상:23;동물곤충:8;관통상:3;기타 둔상:1;추락:1;익수:1;고온체:1,"2022-2023,2025",읍면동+장소유형 매칭(개별 귀속 아님·약한 신호)
P926,38,낙상:23;동물곤충:8;관통상:3;기타 둔상:1;추락:1;익수:1;고온체:1,"2022-2023,2025",읍면동+장소유형 매칭(개별 귀속 아님·약한 신호)
P054,6,낙상:3;기타 둔상:2;물:1,"2022-2023,2025",읍면동+장소유형 매칭(개별 귀속 아님·약한 신호)
P107,6,낙상:3;기타 둔상:2;물:1,"2022-2023,2025",읍면동+장소유형 매칭(개별 귀속 아님·약한 신호)
P265,5,낙상:3;기타 둔상:1;물:1,"2022-2023,2025",읍면동+장소유형 매칭(개별 귀속 아님·약한 신호)
P271,5,낙상:3;기타 둔상:1;물:1,"2022-2023,2025",읍면동+장소유형 매칭(개별 귀속 아님·약한 신호)
P295,5,낙상:3;기타 둔상:1;물:1,"2022-2023,2025",읍면동+장소유형 매칭(개별 귀속 아님·약한 신호)
P296,5,낙상:3;기타 둔상:1;물:1,"2022-2023,2025",읍면동+장소유형 매칭(개별 귀속 아님·약한 신호)
P297,5,낙상:3;기타 둔상:1;물:1,"2022-2023,2025",읍면동+장소유형 매칭(개별 귀속 아님·약한 신호)
P298,5,낙상:3;기타 둔상:1;물:1,"2022-2023,2025",읍면동+장소유형 매칭(개별 귀속 아님·약한 신호)
P348,5,낙상:3;기타 둔상:1;물:1,"2022-2023,2025",읍면동+장소유형 매칭(개별 귀속 아님·약한 신호)
P388,5,낙상:3;기타 둔상:1;물:1,"2022-2023,2025",읍면동+장소유형 매칭(개별 귀속 아님·약한 신호)
P389,5,낙상:3;기타 둔상:1;물:1,"2022-2023,2025",읍면동+장소유형 매칭(개별 귀속 아님·약한 신호)
P420,5,낙상:3;기타 둔상:1;물:1,"2022-2023,2025",읍면동+장소유형 매칭(개별 귀속 아님·약한 신호)
P430,5,낙상:3;기타 둔상:1;물:1,"2022-2023,2025",읍면동+장소유형 매칭(개별 귀속 아님·약한 신호)
P499,5,낙상:3;기타 둔상:1;물:1,"2022-2023,2025",읍면동+장소유형 매칭(개별 귀속 아님·약한 신호)
P521,5,낙상:3;기타 둔상:1;물:1,"2022-2023,2025",읍면동+장소유형 매칭(개별 귀속 아님·약한 신호)
P635,5,낙상:3;기타 둔상:1;물:1,"2022-2023,2025",읍면동+장소유형 매칭(개별 귀속 아님·약한 신호)
P644,5,낙상:3;기타 둔상:1;물:1,"2022-2023,2025",읍면동+장소유형 매칭(개별 귀속 아님·약한 신호)
P649,5,낙상:3;기타 둔상:1;물:1,"2022-2023,2025",읍면동+장소유형 매칭(개별 귀속 아님·약한 신호)
P657,5,낙상:3;기타 둔상:1;물:1,"2022-2023,2025",읍면동+장소유형 매칭(개별 귀속 아님·약한 신호)
P706,5,낙상:3;기타 둔상:1;물:1,"2022-2023,2025",읍면동+장소유형 매칭(개별 귀속 아님·약한 신호)
P725,5,낙상:3;기타 둔상:1;물:1,"2022-2023,2025",읍면동+장소유형 매칭(개별 귀속 아님·약한 신호)
P728,5,낙상:3;기타 둔상:1;물:1,"2022-2023,2025",읍면동+장소유형 매칭(개별 귀속 아님·약한 신호)
P954,6,낙상:3;기타 둔상:2;물:1,"2022-2023,2025",읍면동+장소유형 매칭(개별 귀속 아님·약한 신호)
P958,6,낙상:3;기타 둔상:2;물:1,"2022-2023,2025",읍면동+장소유형 매칭(개별 귀속 아님·약한 신호)
P966,6,낙상:3;기타 둔상:2;물:1,"2022-2023,2025",읍면동+장소유형 매칭(개별 귀속 아님·약한 신호)
P990,6,낙상:3;기타 둔상:2;물:1,"2022-2023,2025",읍면동+장소유형 매칭(개별 귀속 아님·약한 신호)
P1015,6,낙상:3;기타 둔상:2;물:1,"2022-2023,2025",읍면동+장소유형 매칭(개별 귀속 아님·약한 신호)
P150,70,낙상:42;열상:6;동물곤충:6;기타 둔상:6;추락:4;상해:4;물:1;관통상:1,"2022-2023,2025",읍면동+장소유형 매칭(개별 귀속 아님·약한 신호)
P264,70,낙상:42;열상:6;동물곤충:6;기타 둔상:6;추락:4;상해:4;물:1;관통상:1,"2022-2023,2025",읍면동+장소유형 매칭(개별 귀속 아님·약한 신호)
P544,70,낙상:42;열상:6;동물곤충:6;기타 둔상:6;추락:4;상해:4;물:1;관통상:1,"2022-2023,2025",읍면동+장소유형 매칭(개별 귀속 아님·약한 신호)
P638,70,낙상:42;열상:6;동물곤충:6;기타 둔상:6;추락:4;상해:4;물:1;관통상:1,"2022-2023,2025",읍면동+장소유형 매칭(개별 귀속 아님·약한 신호)
P734,70,낙상:42;열상:6;동물곤충:6;기타 둔상:6;추락:4;상해:4;물:1;관통상:1,"2022-2023,2025",읍면동+장소유형 매칭(개별 귀속 아님·약한 신호)
P041,11,상해:4;기타 둔상:3;낙상:2;추락:1;물:1,"2022-2023,2025",읍면동+장소유형 매칭(개별 귀속 아님·약한 신호)
P043,14,기타 둔상:6;상해:4;낙상:2;추락:1;물:1,"2022-2023,2025",읍면동+장소유형 매칭(개별 귀속 아님·약한 신호)
P064,14,기타 둔상:6;상해:4;낙상:2;추락:1;물:1,"2022-2023,2025",읍면동+장소유형 매칭(개별 귀속 아님·약한 신호)
P090,14,기타 둔상:6;상해:4;낙상:2;추락:1;물:1,"2022-2023,2025",읍면동+장소유형 매칭(개별 귀속 아님·약한 신호)
P093,14,기타 둔상:6;상해:4;낙상:2;추락:1;물:1,"2022-2023,2025",읍면동+장소유형 매칭(개별 귀속 아님·약한 신호)
P241,11,상해:4;기타 둔상:3;낙상:2;추락:1;물:1,"2022-2023,2025",읍면동+장소유형 매칭(개별 귀속 아님·약한 신호)
P242,11,상해:4;기타 둔상:3;낙상:2;추락:1;물:1,"2022-2023,2025",읍면동+장소유형 매칭(개별 귀속 아님·약한 신호)
P261,11,상해:4;기타 둔상:3;낙상:2;추락:1;물:1,"2022-2023,2025",읍면동+장소유형 매칭(개별 귀속 아님·약한 신호)
P328,11,상해:4;기타 둔상:3;낙상:2;추락:1;물:1,"2022-2023,2025",읍면동+장소유형 매칭(개별 귀속 아님·약한 신호)
P333,11,상해:4;기타 둔상:3;낙상:2;추락:1;물:1,"2022-2023,2025",읍면동+장소유형 매칭(개별 귀속 아님·약한 신호)
P370,14,기타 둔상:6;상해:4;낙상:2;추락:1;물:1,"2022-2023,2025",읍면동+장소유형 매칭(개별 귀속 아님·약한 신호)
P462,11,상해:4;기타 둔상:3;낙상:2;추락:1;물:1,"2022-2023,2025",읍면동+장소유형 매칭(개별 귀속 아님·약한 신호)
P473,11,상해:4;기타 둔상:3;낙상:2;추락:1;물:1,"2022-2023,2025",읍면동+장소유형 매칭(개별 귀속 아님·약한 신호)
P516,14,기타 둔상:6;상해:4;낙상:2;추락:1;물:1,"2022-2023,2025",읍면동+장소유형 매칭(개별 귀속 아님·약한 신호)
P525,11,상해:4;기타 둔상:3;낙상:2;추락:1;물:1,"2022-2023,2025",읍면동+장소유형 매칭(개별 귀속 아님·약한 신호)
P639,11,상해:4;기타 둔상:3;낙상:2;추락:1;물:1,"2022-2023,2025",읍면동+장소유형 매칭(개별 귀속 아님·약한 신호)
P675,11,상해:4;기타 둔상:3;낙상:2;추락:1;물:1,"2022-2023,2025",읍면동+장소유형 매칭(개별 귀속 아님·약한 신호)
P710,11,상해:4;기타 둔상:3;낙상:2;추락:1;물:1,"2022-2023,2025",읍면동+장소유형 매칭(개별 귀속 아님·약한 신호)
P928,14,기타 둔상:6;상해:4;낙상:2;추락:1;물:1,"2022-2023,2025",읍면동+장소유형 매칭(개별 귀속 아님·약한 신호)
P929,14,기타 둔상:6;상해:4;낙상:2;추락:1;물:1,"2022-2023,2025",읍면동+장소유형 매칭(개별 귀속 아님·약한 신호)
P930,14,기타 둔상:6;상해:4;낙상:2;추락:1;물:1,"2022-2023,2025",읍면동+장소유형 매칭(개별 귀속 아님·약한 신호)
P934,14,기타 둔상:6;상해:4;낙상:2;추락:1;물:1,"2022-2023,2025",읍면동+장소유형 매칭(개별 귀속 아님·약한 신호)
P952,14,기타 둔상:6;상해:4;낙상:2;추락:1;물:1,"2022-2023,2025",읍면동+장소유형 매칭(개별 귀속 아님·약한 신호)
P972,14,기타 둔상:6;상해:4;낙상:2;추락:1;물:1,"2022-2023,2025",읍면동+장소유형 매칭(개별 귀속 아님·약한 신호)
P975,14,기타 둔상:6;상해:4;낙상:2;추락:1;물:1,"2022-2023,2025",읍면동+장소유형 매칭(개별 귀속 아님·약한 신호)
P979,14,기타 둔상:6;상해:4;낙상:2;추락:1;물:1,"2022-2023,2025",읍면동+장소유형 매칭(개별 귀속 아님·약한 신호)
P1008,14,기타 둔상:6;상해:4;낙상:2;추락:1;물:1,"2022-2023,2025",읍면동+장소유형 매칭(개별 귀속 아님·약한 신호)
P1014,14,기타 둔상:6;상해:4;낙상:2;추락:1;물:1,"2022-2023,2025",읍면동+장소유형 매칭(개별 귀속 아님·약한 신호)
P1018,14,기타 둔상:6;상해:4;낙상:2;추락:1;물:1,"2022-2023,2025",읍면동+장소유형 매칭(개별 귀속 아님·약한 신호)
P1021,14,기타 둔상:6;상해:4;낙상:2;추락:1;물:1,"2022-2023,2025",읍면동+장소유형 매칭(개별 귀속 아님·약한 신호)
P1024,11,상해:4;기타 둔상:3;낙상:2;추락:1;물:1,"2022-2023,2025",읍면동+장소유형 매칭(개별 귀속 아님·약한 신호)
P035,13,낙상:8;추락:3;기타 둔상:1;관통상:1,"2022-2023,2025",읍면동+장소유형 매칭(개별 귀속 아님·약한 신호)
P060,13,낙상:8;추락:3;기타 둔상:1;관통상:1,"2022-2023,2025",읍면동+장소유형 매칭(개별 귀속 아님·약한 신호)
P075,13,낙상:8;추락:3;기타 둔상:1;관통상:1,"2022-2023,2025",읍면동+장소유형 매칭(개별 귀속 아님·약한 신호)
P367,13,낙상:8;추락:3;기타 둔상:1;관통상:1,"2022-2023,2025",읍면동+장소유형 매칭(개별 귀속 아님·약한 신호)
P485,13,낙상:8;추락:3;기타 둔상:1;관통상:1,"2022-2023,2025",읍면동+장소유형 매칭(개별 귀속 아님·약한 신호)
P493,13,낙상:8;추락:3;기타 둔상:1;관통상:1,"2022-2023,2025",읍면동+장소유형 매칭(개별 귀속 아님·약한 신호)
P494,13,낙상:8;추락:3;기타 둔상:1;관통상:1,"2022-2023,2025",읍면동+장소유형 매칭(개별 귀속 아님·약한 신호)
P501,13,낙상:8;추락:3;기타 둔상:1;관통상:1,"2022-2023,2025",읍면동+장소유형 매칭(개별 귀속 아님·약한 신호)
P539,13,낙상:8;추락:3;기타 둔상:1;관통상:1,"2022-2023,2025",읍면동+장소유형 매칭(개별 귀속 아님·약한 신호)
P546,13,낙상:8;추락:3;기타 둔상:1;관통상:1,"2022-2023,2025",읍면동+장소유형 매칭(개별 귀속 아님·약한 신호)
P612,13,낙상:8;추락:3;기타 둔상:1;관통상:1,"2022-2023,2025",읍면동+장소유형 매칭(개별 귀속 아님·약한 신호)
P614,13,낙상:8;추락:3;기타 둔상:1;관통상:1,"2022-2023,2025",읍면동+장소유형 매칭(개별 귀속 아님·약한 신호)
P620,13,낙상:8;추락:3;기타 둔상:1;관통상:1,"2022-2023,2025",읍면동+장소유형 매칭(개별 귀속 아님·약한 신호)
P629,13,낙상:8;추락:3;기타 둔상:1;관통상:1,"2022-2023,2025",읍면동+장소유형 매칭(개별 귀속 아님·약한 신호)
P642,13,낙상:8;추락:3;기타 둔상:1;관통상:1,"2022-2023,2025",읍면동+장소유형 매칭(개별 귀속 아님·약한 신호)
P745,13,낙상:8;추락:3;기타 둔상:1;관통상:1,"2022-2023,2025",읍면동+장소유형 매칭(개별 귀속 아님·약한 신호)
P757,13,낙상:8;추락:3;기타 둔상:1;관통상:1,"2022-2023,2025",읍면동+장소유형 매칭(개별 귀속 아님·약한 신호)
P820,13,낙상:8;추락:3;기타 둔상:1;관통상:1,"2022-2023,2025",읍면동+장소유형 매칭(개별 귀속 아님·약한 신호)
P834,13,낙상:8;추락:3;기타 둔상:1;관통상:1,"2022-2023,2025",읍면동+장소유형 매칭(개별 귀속 아님·약한 신호)
P844,13,낙상:8;추락:3;기타 둔상:1;관통상:1,"2022-2023,2025",읍면동+장소유형 매칭(개별 귀속 아님·약한 신호)
P877,13,낙상:8;추락:3;기타 둔상:1;관통상:1,"2022-2023,2025",읍면동+장소유형 매칭(개별 귀속 아님·약한 신호)
P885,13,낙상:8;추락:3;기타 둔상:1;관통상:1,"2022-2023,2025",읍면동+장소유형 매칭(개별 귀속 아님·약한 신호)
P886,13,낙상:8;추락:3;기타 둔상:1;관통상:1,"2022-2023,2025",읍면동+장소유형 매칭(개별 귀속 아님·약한 신호)
P891,13,낙상:8;추락:3;기타 둔상:1;관통상:1,"2022-2023,2025",읍면동+장소유형 매칭(개별 귀속 아님·약한 신호)
P893,13,낙상:8;추락:3;기타 둔상:1;관통상:1,"2022-2023,2025",읍면동+장소유형 매칭(개별 귀속 아님·약한 신호)
P916,13,낙상:8;추락:3;기타 둔상:1;관통상:1,"2022-2023,2025",읍면동+장소유형 매칭(개별 귀속 아님·약한 신호)
P923,13,낙상:8;추락:3;기타 둔상:1;관통상:1,"2022-2023,2025",읍면동+장소유형 매칭(개별 귀속 아님·약한 신호)
P289,26,낙상:11;기타 둔상:6;열상:3;동물곤충:3;상해:2;물:1,"2022-2023,2025",읍면동+장소유형 매칭(개별 귀속 아님·약한 신호)
P735,26,낙상:11;기타 둔상:6;열상:3;동물곤충:3;상해:2;물:1,"2022-2023,2025",읍면동+장소유형 매칭(개별 귀속 아님·약한 신호)
P007,17,낙상:9;동물곤충:3;상해:2;기타 둔상:1;관통상:1;추락:1,"2022-2023,2025",읍면동+장소유형 매칭(개별 귀속 아님·약한 신호)
P018,20,낙상:10;동물곤충:3;기타 둔상:3;상해:2;관통상:1;추락:1,"2022-2023,2025",읍면동+장소유형 매칭(개별 귀속 아님·약한 신호)
P040,20,낙상:10;동물곤충:3;기타 둔상:3;상해:2;관통상:1;추락:1,"2022-2023,2025",읍면동+장소유형 매칭(개별 귀속 아님·약한 신호)
P058,20,낙상:10;동물곤충:3;기타 둔상:3;상해:2;관통상:1;추락:1,"2022-2023,2025",읍면동+장소유형 매칭(개별 귀속 아님·약한 신호)
P065,17,낙상:9;동물곤충:3;상해:2;기타 둔상:1;관통상:1;추락:1,"2022-2023,2025",읍면동+장소유형 매칭(개별 귀속 아님·약한 신호)
P078,20,낙상:10;동물곤충:3;기타 둔상:3;상해:2;관통상:1;추락:1,"2022-2023,2025",읍면동+장소유형 매칭(개별 귀속 아님·약한 신호)
P091,20,낙상:10;동물곤충:3;기타 둔상:3;상해:2;관통상:1;추락:1,"2022-2023,2025",읍면동+장소유형 매칭(개별 귀속 아님·약한 신호)
P095,20,낙상:10;동물곤충:3;기타 둔상:3;상해:2;관통상:1;추락:1,"2022-2023,2025",읍면동+장소유형 매칭(개별 귀속 아님·약한 신호)
P098,20,낙상:10;동물곤충:3;기타 둔상:3;상해:2;관통상:1;추락:1,"2022-2023,2025",읍면동+장소유형 매칭(개별 귀속 아님·약한 신호)
P110,17,낙상:9;동물곤충:3;상해:2;기타 둔상:1;관통상:1;추락:1,"2022-2023,2025",읍면동+장소유형 매칭(개별 귀속 아님·약한 신호)
P116,17,낙상:9;동물곤충:3;상해:2;기타 둔상:1;관통상:1;추락:1,"2022-2023,2025",읍면동+장소유형 매칭(개별 귀속 아님·약한 신호)
P157,17,낙상:9;동물곤충:3;상해:2;기타 둔상:1;관통상:1;추락:1,"2022-2023,2025",읍면동+장소유형 매칭(개별 귀속 아님·약한 신호)
P208,20,낙상:10;동물곤충:3;기타 둔상:3;상해:2;관통상:1;추락:1,"2022-2023,2025",읍면동+장소유형 매칭(개별 귀속 아님·약한 신호)
P288,20,낙상:10;동물곤충:3;기타 둔상:3;상해:2;관통상:1;추락:1,"2022-2023,2025",읍면동+장소유형 매칭(개별 귀속 아님·약한 신호)
P363,20,낙상:10;동물곤충:3;기타 둔상:3;상해:2;관통상:1;추락:1,"2022-2023,2025",읍면동+장소유형 매칭(개별 귀속 아님·약한 신호)
P371,17,낙상:9;동물곤충:3;상해:2;기타 둔상:1;관통상:1;추락:1,"2022-2023,2025",읍면동+장소유형 매칭(개별 귀속 아님·약한 신호)
P380,17,낙상:9;동물곤충:3;상해:2;기타 둔상:1;관통상:1;추락:1,"2022-2023,2025",읍면동+장소유형 매칭(개별 귀속 아님·약한 신호)
P385,17,낙상:9;동물곤충:3;상해:2;기타 둔상:1;관통상:1;추락:1,"2022-2023,2025",읍면동+장소유형 매칭(개별 귀속 아님·약한 신호)
P408,17,낙상:9;동물곤충:3;상해:2;기타 둔상:1;관통상:1;추락:1,"2022-2023,2025",읍면동+장소유형 매칭(개별 귀속 아님·약한 신호)
P412,20,낙상:10;동물곤충:3;기타 둔상:3;상해:2;관통상:1;추락:1,"2022-2023,2025",읍면동+장소유형 매칭(개별 귀속 아님·약한 신호)
P448,17,낙상:9;동물곤충:3;상해:2;기타 둔상:1;관통상:1;추락:1,"2022-2023,2025",읍면동+장소유형 매칭(개별 귀속 아님·약한 신호)
P461,20,낙상:10;동물곤충:3;기타 둔상:3;상해:2;관통상:1;추락:1,"2022-2023,2025",읍면동+장소유형 매칭(개별 귀속 아님·약한 신호)
P474,17,낙상:9;동물곤충:3;상해:2;기타 둔상:1;관통상:1;추락:1,"2022-2023,2025",읍면동+장소유형 매칭(개별 귀속 아님·약한 신호)
P535,17,낙상:9;동물곤충:3;상해:2;기타 둔상:1;관통상:1;추락:1,"2022-2023,2025",읍면동+장소유형 매칭(개별 귀속 아님·약한 신호)
P585,17,낙상:9;동물곤충:3;상해:2;기타 둔상:1;관통상:1;추락:1,"2022-2023,2025",읍면동+장소유형 매칭(개별 귀속 아님·약한 신호)
P587,17,낙상:9;동물곤충:3;상해:2;기타 둔상:1;관통상:1;추락:1,"2022-2023,2025",읍면동+장소유형 매칭(개별 귀속 아님·약한 신호)
P643,17,낙상:9;동물곤충:3;상해:2;기타 둔상:1;관통상:1;추락:1,"2022-2023,2025",읍면동+장소유형 매칭(개별 귀속 아님·약한 신호)
P664,17,낙상:9;동물곤충:3;상해:2;기타 둔상:1;관통상:1;추락:1,"2022-2023,2025",읍면동+장소유형 매칭(개별 귀속 아님·약한 신호)
P669,17,낙상:9;동물곤충:3;상해:2;기타 둔상:1;관통상:1;추락:1,"2022-2023,2025",읍면동+장소유형 매칭(개별 귀속 아님·약한 신호)
P674,17,낙상:9;동물곤충:3;상해:2;기타 둔상:1;관통상:1;추락:1,"2022-2023,2025",읍면동+장소유형 매칭(개별 귀속 아님·약한 신호)
P680,17,낙상:9;동물곤충:3;상해:2;기타 둔상:1;관통상:1;추락:1,"2022-2023,2025",읍면동+장소유형 매칭(개별 귀속 아님·약한 신호)
P693,17,낙상:9;동물곤충:3;상해:2;기타 둔상:1;관통상:1;추락:1,"2022-2023,2025",읍면동+장소유형 매칭(개별 귀속 아님·약한 신호)
P700,17,낙상:9;동물곤충:3;상해:2;기타 둔상:1;관통상:1;추락:1,"2022-2023,2025",읍면동+장소유형 매칭(개별 귀속 아님·약한 신호)
P712,17,낙상:9;동물곤충:3;상해:2;기타 둔상:1;관통상:1;추락:1,"2022-2023,2025",읍면동+장소유형 매칭(개별 귀속 아님·약한 신호)
P713,17,낙상:9;동물곤충:3;상해:2;기타 둔상:1;관통상:1;추락:1,"2022-2023,2025",읍면동+장소유형 매칭(개별 귀속 아님·약한 신호)
P715,17,낙상:9;동물곤충:3;상해:2;기타 둔상:1;관통상:1;추락:1,"2022-2023,2025",읍면동+장소유형 매칭(개별 귀속 아님·약한 신호)
P932,20,낙상:10;동물곤충:3;기타 둔상:3;상해:2;관통상:1;추락:1,"2022-2023,2025",읍면동+장소유형 매칭(개별 귀속 아님·약한 신호)
P950,20,낙상:10;동물곤충:3;기타 둔상:3;상해:2;관통상:1;추락:1,"2022-2023,2025",읍면동+장소유형 매칭(개별 귀속 아님·약한 신호)
P981,20,낙상:10;동물곤충:3;기타 둔상:3;상해:2;관통상:1;추락:1,"2022-2023,2025",읍면동+장소유형 매칭(개별 귀속 아님·약한 신호)
P987,20,낙상:10;동물곤충:3;기타 둔상:3;상해:2;관통상:1;추락:1,"2022-2023,2025",읍면동+장소유형 매칭(개별 귀속 아님·약한 신호)
P1001,20,낙상:10;동물곤충:3;기타 둔상:3;상해:2;관통상:1;추락:1,"2022-2023,2025",읍면동+장소유형 매칭(개별 귀속 아님·약한 신호)
P1002,20,낙상:10;동물곤충:3;기타 둔상:3;상해:2;관통상:1;추락:1,"2022-2023,2025",읍면동+장소유형 매칭(개별 귀속 아님·약한 신호)
P1004,20,낙상:10;동물곤충:3;기타 둔상:3;상해:2;관통상:1;추락:1,"2022-2023,2025",읍면동+장소유형 매칭(개별 귀속 아님·약한 신호)
P1019,20,낙상:10;동물곤충:3;기타 둔상:3;상해:2;관통상:1;추락:1,"2022-2023,2025",읍면동+장소유형 매칭(개별 귀속 아님·약한 신호)
P1020,20,낙상:10;동물곤충:3;기타 둔상:3;상해:2;관통상:1;추락:1,"2022-2023,2025",읍면동+장소유형 매칭(개별 귀속 아님·약한 신호)
P1025,17,낙상:9;동물곤충:3;상해:2;기타 둔상:1;관통상:1;추락:1,"2022-2023,2025",읍면동+장소유형 매칭(개별 귀속 아님·약한 신호)
P221,5,낙상:3;기타 둔상:1;열상:1,"2022-2023,2025",읍면동+장소유형 매칭(개별 귀속 아님·약한 신호)
P263,5,낙상:3;기타 둔상:1;열상:1,"2022-2023,2025",읍면동+장소유형 매칭(개별 귀속 아님·약한 신호)
P315,5,낙상:3;기타 둔상:1;열상:1,"2022-2023,2025",읍면동+장소유형 매칭(개별 귀속 아님·약한 신호)
P347,5,낙상:3;기타 둔상:1;열상:1,"2022-2023,2025",읍면동+장소유형 매칭(개별 귀속 아님·약한 신호)
P383,5,낙상:3;기타 둔상:1;열상:1,"2022-2023,2025",읍면동+장소유형 매칭(개별 귀속 아님·약한 신호)
P394,5,낙상:3;기타 둔상:1;열상:1,"2022-2023,2025",읍면동+장소유형 매칭(개별 귀속 아님·약한 신호)
P416,6,낙상:4;기타 둔상:1;열상:1,"2022-2023,2025",읍면동+장소유형 매칭(개별 귀속 아님·약한 신호)
P444,5,낙상:3;기타 둔상:1;열상:1,"2022-2023,2025",읍면동+장소유형 매칭(개별 귀속 아님·약한 신호)
P445,5,낙상:3;기타 둔상:1;열상:1,"2022-2023,2025",읍면동+장소유형 매칭(개별 귀속 아님·약한 신호)
P450,5,낙상:3;기타 둔상:1;열상:1,"2022-2023,2025",읍면동+장소유형 매칭(개별 귀속 아님·약한 신호)
P463,5,낙상:3;기타 둔상:1;열상:1,"2022-2023,2025",읍면동+장소유형 매칭(개별 귀속 아님·약한 신호)
P469,5,낙상:3;기타 둔상:1;열상:1,"2022-2023,2025",읍면동+장소유형 매칭(개별 귀속 아님·약한 신호)
P470,5,낙상:3;기타 둔상:1;열상:1,"2022-2023,2025",읍면동+장소유형 매칭(개별 귀속 아님·약한 신호)
P504,5,낙상:3;기타 둔상:1;열상:1,"2022-2023,2025",읍면동+장소유형 매칭(개별 귀속 아님·약한 신호)
P589,5,낙상:3;기타 둔상:1;열상:1,"2022-2023,2025",읍면동+장소유형 매칭(개별 귀속 아님·약한 신호)
P590,5,낙상:3;기타 둔상:1;열상:1,"2022-2023,2025",읍면동+장소유형 매칭(개별 귀속 아님·약한 신호)
P597,5,낙상:3;기타 둔상:1;열상:1,"2022-2023,2025",읍면동+장소유형 매칭(개별 귀속 아님·약한 신호)
P651,5,낙상:3;기타 둔상:1;열상:1,"2022-2023,2025",읍면동+장소유형 매칭(개별 귀속 아님·약한 신호)
P655,5,낙상:3;기타 둔상:1;열상:1,"2022-2023,2025",읍면동+장소유형 매칭(개별 귀속 아님·약한 신호)
P658,5,낙상:3;기타 둔상:1;열상:1,"2022-2023,2025",읍면동+장소유형 매칭(개별 귀속 아님·약한 신호)
P660,5,낙상:3;기타 둔상:1;열상:1,"2022-2023,2025",읍면동+장소유형 매칭(개별 귀속 아님·약한 신호)
P665,5,낙상:3;기타 둔상:1;열상:1,"2022-2023,2025",읍면동+장소유형 매칭(개별 귀속 아님·약한 신호)
P671,5,낙상:3;기타 둔상:1;열상:1,"2022-2023,2025",읍면동+장소유형 매칭(개별 귀속 아님·약한 신호)
P679,5,낙상:3;기타 둔상:1;열상:1,"2022-2023,2025",읍면동+장소유형 매칭(개별 귀속 아님·약한 신호)
P691,5,낙상:3;기타 둔상:1;열상:1,"2022-2023,2025",읍면동+장소유형 매칭(개별 귀속 아님·약한 신호)
P723,5,낙상:3;기타 둔상:1;열상:1,"2022-2023,2025",읍면동+장소유형 매칭(개별 귀속 아님·약한 신호)
P724,5,낙상:3;기타 둔상:1;열상:1,"2022-2023,2025",읍면동+장소유형 매칭(개별 귀속 아님·약한 신호)
P729,5,낙상:3;기타 둔상:1;열상:1,"2022-2023,2025",읍면동+장소유형 매칭(개별 귀속 아님·약한 신호)
P956,6,낙상:4;기타 둔상:1;열상:1,"2022-2023,2025",읍면동+장소유형 매칭(개별 귀속 아님·약한 신호)
P974,6,낙상:4;기타 둔상:1;열상:1,"2022-2023,2025",읍면동+장소유형 매칭(개별 귀속 아님·약한 신호)
P976,6,낙상:4;기타 둔상:1;열상:1,"2022-2023,2025",읍면동+장소유형 매칭(개별 귀속 아님·약한 신호)
P977,6,낙상:4;기타 둔상:1;열상:1,"2022-2023,2025",읍면동+장소유형 매칭(개별 귀속 아님·약한 신호)
P993,6,낙상:4;기타 둔상:1;열상:1,"2022-2023,2025",읍면동+장소유형 매칭(개별 귀속 아님·약한 신호)
P833,3,동물곤충:3,"2022-2023,2025",읍면동+장소유형 매칭(개별 귀속 아님·약한 신호)
P863,3,동물곤충:3,"2022-2023,2025",읍면동+장소유형 매칭(개별 귀속 아님·약한 신호)
P721,1,낙상:1,"2022-2023,2025",읍면동+장소유형 매칭(개별 귀속 아님·약한 신호)
P068,1,기타 둔상:1,"2022-2023,2025",읍면동+장소유형 매칭(개별 귀속 아님·약한 신호)
P123,1,기타 둔상:1,"2022-2023,2025",읍면동+장소유형 매칭(개별 귀속 아님·약한 신호)
P320,1,낙상:1,"2022-2023,2025",읍면동+장소유형 매칭(개별 귀속 아님·약한 신호)
P439,1,낙상:1,"2022-2023,2025",읍면동+장소유형 매칭(개별 귀속 아님·약한 신호)
P662,1,낙상:1,"2022-2023,2025",읍면동+장소유형 매칭(개별 귀속 아님·약한 신호)
P206,1,낙상:1,"2022-2023,2025",읍면동+장소유형 매칭(개별 귀속 아님·약한 신호)
P003,2,기타 둔상:1;낙상:1,"2022-2023,2025",읍면동+장소유형 매칭(개별 귀속 아님·약한 신호)
P733,2,기타 둔상:1;낙상:1,"2022-2023,2025",읍면동+장소유형 매칭(개별 귀속 아님·약한 신호)
P541,3,기타 둔상:1;낙상:1;관통상:1,"2022-2023,2025",읍면동+장소유형 매칭(개별 귀속 아님·약한 신호)
P582,3,기타 둔상:1;낙상:1;관통상:1,"2022-2023,2025",읍면동+장소유형 매칭(개별 귀속 아님·약한 신호)
P894,3,기타 둔상:1;낙상:1;관통상:1,"2022-2023,2025",읍면동+장소유형 매칭(개별 귀속 아님·약한 신호)
P900,3,기타 둔상:1;낙상:1;관통상:1,"2022-2023,2025",읍면동+장소유형 매칭(개별 귀속 아님·약한 신호)
P384,1,낙상:1,"2022-2023,2025",읍면동+장소유형 매칭(개별 귀속 아님·약한 신호)
P393,1,낙상:1,"2022-2023,2025",읍면동+장소유형 매칭(개별 귀속 아님·약한 신호)
P508,2,낙상:1;기타 둔상:1,"2022-2023,2025",읍면동+장소유형 매칭(개별 귀속 아님·약한 신호)
P515,1,낙상:1,"2022-2023,2025",읍면동+장소유형 매칭(개별 귀속 아님·약한 신호)
P547,1,낙상:1,"2022-2023,2025",읍면동+장소유형 매칭(개별 귀속 아님·약한 신호)
P571,1,낙상:1,"2022-2023,2025",읍면동+장소유형 매칭(개별 귀속 아님·약한 신호)
P653,1,낙상:1,"2022-2023,2025",읍면동+장소유형 매칭(개별 귀속 아님·약한 신호)
P661,1,낙상:1,"2022-2023,2025",읍면동+장소유형 매칭(개별 귀속 아님·약한 신호)
P690,1,낙상:1,"2022-2023,2025",읍면동+장소유형 매칭(개별 귀속 아님·약한 신호)
P694,1,낙상:1,"2022-2023,2025",읍면동+장소유형 매칭(개별 귀속 아님·약한 신호)
P716,1,낙상:1,"2022-2023,2025",읍면동+장소유형 매칭(개별 귀속 아님·약한 신호)
P718,1,낙상:1,"2022-2023,2025",읍면동+장소유형 매칭(개별 귀속 아님·약한 신호)
P937,2,낙상:1;기타 둔상:1,"2022-2023,2025",읍면동+장소유형 매칭(개별 귀속 아님·약한 신호)
P947,2,낙상:1;기타 둔상:1,"2022-2023,2025",읍면동+장소유형 매칭(개별 귀속 아님·약한 신호)
P959,2,낙상:1;기타 둔상:1,"2022-2023,2025",읍면동+장소유형 매칭(개별 귀속 아님·약한 신호)
P1006,2,낙상:1;기타 둔상:1,"2022-2023,2025",읍면동+장소유형 매칭(개별 귀속 아님·약한 신호)
P131,2,낙상:2,"2022-2023,2025",읍면동+장소유형 매칭(개별 귀속 아님·약한 신호)
P334,1,낙상:1,"2022-2023,2025",읍면동+장소유형 매칭(개별 귀속 아님·약한 신호)
P086,1,낙상:1,"2022-2023,2025",읍면동+장소유형 매칭(개별 귀속 아님·약한 신호)
P124,2,기타 둔상:1;낙상:1,"2022-2023,2025",읍면동+장소유형 매칭(개별 귀속 아님·약한 신호)
P135,2,기타 둔상:1;낙상:1,"2022-2023,2025",읍면동+장소유형 매칭(개별 귀속 아님·약한 신호)
P137,2,기타 둔상:1;낙상:1,"2022-2023,2025",읍면동+장소유형 매칭(개별 귀속 아님·약한 신호)
P111,1,낙상:1,"2022-2023,2025",읍면동+장소유형 매칭(개별 귀속 아님·약한 신호)
P645,1,낙상:1,"2022-2023,2025",읍면동+장소유형 매칭(개별 귀속 아님·약한 신호)
P705,1,낙상:1,"2022-2023,2025",읍면동+장소유형 매칭(개별 귀속 아님·약한 신호)
P550,1,추락:1,"2022-2023,2025",읍면동+장소유형 매칭(개별 귀속 아님·약한 신호)
P604,1,추락:1,"2022-2023,2025",읍면동+장소유형 매칭(개별 귀속 아님·약한 신호)
