placeId,nearbyAccidentRadius_m,nearbyAccidentPeriod,nearbyAccidentTotal,nearbyAccidentTypes,cnt_RP_ANIMAL_01,cnt_RP_CO_01,cnt_RP_DROWN_01,cnt_RP_FALL_CLIFF,cnt_RP_FIRE_01,cnt_RP_HEAT_02,cnt_RP_MACHINE_01,cnt_RP_SLIP_TERRAIN,nearbyAnnualAvg,nearbyRiskScore
P830,1000,2020-2021,81,RP_SLIP_TERRAIN:71;RP_MACHINE_01:5;RP_FALL_CLIFF:4;RP_DROWN_01:1,0,0,1,4,0,0,5,71,40.5,0.9496
P717,1000,2020-2021,8,RP_SLIP_TERRAIN:6;RP_ANIMAL_01:1;RP_DROWN_01:1,1,0,1,0,0,0,0,6,4.0,0.3443
P969,1000,2020-2021,32,RP_SLIP_TERRAIN:27;RP_FALL_CLIFF:4;RP_MACHINE_01:1,0,0,0,4,0,0,1,27,16.0,0.6943
P654,1000,2020-2021,9,RP_SLIP_TERRAIN:8;RP_CO_01:1,0,1,0,0,0,0,0,8,4.5,0.3716
P684,1000,2020-2021,8,RP_SLIP_TERRAIN:5;RP_MACHINE_01:2;RP_ANIMAL_01:1,1,0,0,0,0,0,2,5,4.0,0.3443
P701,1000,2020-2021,37,RP_SLIP_TERRAIN:27;RP_MACHINE_01:5;RP_DROWN_01:2;RP_FALL_CLIFF:2;RP_CO_01:1,0,1,2,2,0,0,5,27,18.5,0.7336
P249,1000,2020-2021,36,RP_SLIP_TERRAIN:30;RP_FALL_CLIFF:2;RP_MACHINE_01:2;RP_CO_01:1;RP_DROWN_01:1,0,1,1,2,0,0,2,30,18.0,0.7261
P283,1000,2020-2021,10,RP_SLIP_TERRAIN:7;RP_FALL_CLIFF:1;RP_MACHINE_01:1;RP_DROWN_01:1,0,0,1,1,0,0,1,7,5.0,0.3965
P997,1000,2020-2021,15,RP_SLIP_TERRAIN:12;RP_MACHINE_01:2;RP_HEAT_02:1,0,0,0,0,0,1,2,12,7.5,0.4961
P092,1000,2020-2021,29,RP_SLIP_TERRAIN:19;RP_FALL_CLIFF:4;RP_MACHINE_01:4;RP_ANIMAL_01:1;RP_DROWN_01:1,1,0,1,4,0,0,4,19,14.5,0.6679
P807,1000,2020-2021,9,RP_SLIP_TERRAIN:8;RP_ANIMAL_01:1,1,0,0,0,0,0,0,8,4.5,0.3716
P869,1000,2020-2021,1,RP_SLIP_TERRAIN:1,0,0,0,0,0,0,0,1,0.5,0.0
P172,1000,2020-2021,8,RP_SLIP_TERRAIN:5;RP_DROWN_01:2;RP_MACHINE_01:1,0,0,2,0,0,0,1,5,4.0,0.3443
P131,1000,2020-2021,44,RP_SLIP_TERRAIN:29;RP_MACHINE_01:10;RP_FALL_CLIFF:3;RP_FIRE_01:1;RP_CO_01:1,0,1,0,3,1,0,10,29,22.0,0.7808
P122,1000,2020-2021,97,RP_SLIP_TERRAIN:82;RP_MACHINE_01:13;RP_FALL_CLIFF:2,0,0,0,2,0,0,13,82,48.5,1.0
P437,1000,2020-2021,3,RP_SLIP_TERRAIN:3,0,0,0,0,0,0,0,3,1.5,0.1461
P005,1000,2020-2021,65,RP_SLIP_TERRAIN:53;RP_DROWN_01:4;RP_MACHINE_01:4;RP_ANIMAL_01:2;RP_FALL_CLIFF:2,2,0,4,2,0,0,4,53,32.5,0.8883
P275,1000,2020-2021,17,RP_SLIP_TERRAIN:12;RP_MACHINE_01:2;RP_CO_01:1;RP_DROWN_01:1;RP_FALL_CLIFF:1,0,1,1,1,0,0,2,12,8.5,0.5279
P292,1000,2020-2021,16,RP_SLIP_TERRAIN:11;RP_MACHINE_01:2;RP_ANIMAL_01:1;RP_DROWN_01:1;RP_FALL_CLIFF:1,1,0,1,1,0,0,2,11,8.0,0.5124
P143,1000,2020-2021,17,RP_SLIP_TERRAIN:10;RP_MACHINE_01:5;RP_DROWN_01:2,0,0,2,0,0,0,5,10,8.5,0.5279
P198,1000,2020-2021,33,RP_SLIP_TERRAIN:27;RP_FALL_CLIFF:3;RP_MACHINE_01:2;RP_HEAT_02:1,0,0,0,3,0,1,2,27,16.5,0.7026
P167,1000,2020-2021,47,RP_SLIP_TERRAIN:35;RP_MACHINE_01:6;RP_FIRE_01:2;RP_ANIMAL_01:1;RP_DROWN_01:1;RP_FALL_CLIFF:1;RP_HEAT_02:1,1,0,1,1,2,1,6,35,23.5,0.7989
P413,1000,2020-2021,4,RP_SLIP_TERRAIN:3;RP_MACHINE_01:1,0,0,0,0,0,0,1,3,2.0,0.1982
P361,1000,2020-2021,20,RP_SLIP_TERRAIN:15;RP_FALL_CLIFF:2;RP_ANIMAL_01:1;RP_DROWN_01:1;RP_MACHINE_01:1,1,0,1,2,0,0,1,15,10.0,0.5698
P834,1000,2020-2021,8,RP_SLIP_TERRAIN:7;RP_HEAT_02:1,0,0,0,0,0,1,0,7,4.0,0.3443
P001,1000,2020-2021,31,RP_SLIP_TERRAIN:21;RP_MACHINE_01:7;RP_FALL_CLIFF:3,0,0,0,3,0,0,7,21,15.5,0.6858
P109,1000,2020-2021,10,RP_SLIP_TERRAIN:10,0,0,0,0,0,0,0,10,5.0,0.3965
P150,1000,2020-2021,24,RP_SLIP_TERRAIN:15;RP_MACHINE_01:4;RP_ANIMAL_01:2;RP_DROWN_01:2;RP_FALL_CLIFF:1,2,0,2,1,0,0,4,15,12.0,0.6176
P136,1000,2020-2021,27,RP_SLIP_TERRAIN:17;RP_MACHINE_01:8;RP_FALL_CLIFF:1;RP_HEAT_02:1,0,0,0,1,0,1,8,17,13.5,0.6488
P236,1000,2020-2021,8,RP_SLIP_TERRAIN:6;RP_HEAT_02:1;RP_MACHINE_01:1,0,0,0,0,0,1,1,6,4.0,0.3443
P598,1000,2020-2021,18,RP_SLIP_TERRAIN:12;RP_FALL_CLIFF:4;RP_MACHINE_01:2,0,0,0,4,0,0,2,12,9.0,0.5426
P734,1000,2020-2021,76,RP_SLIP_TERRAIN:48;RP_MACHINE_01:22;RP_ANIMAL_01:3;RP_DROWN_01:1;RP_FIRE_01:1;RP_FALL_CLIFF:1,3,0,1,1,1,0,22,48,38.0,0.9318
P113,1000,2020-2021,25,RP_SLIP_TERRAIN:18;RP_MACHINE_01:3;RP_DROWN_01:2;RP_ANIMAL_01:1;RP_CO_01:1,1,1,2,0,0,0,3,18,12.5,0.6284
P564,1000,2020-2021,10,RP_SLIP_TERRAIN:10,0,0,0,0,0,0,0,10,5.0,0.3965
P183,1000,2020-2021,12,RP_SLIP_TERRAIN:11;RP_ANIMAL_01:1,1,0,0,0,0,0,0,11,6.0,0.4406
P265,1000,2020-2021,26,RP_SLIP_TERRAIN:14;RP_MACHINE_01:5;RP_DROWN_01:3;RP_ANIMAL_01:2;RP_FALL_CLIFF:1;RP_HEAT_02:1,2,0,3,1,0,1,5,14,13.0,0.6388
P593,1000,2020-2021,10,RP_SLIP_TERRAIN:10,0,0,0,0,0,0,0,10,5.0,0.3965
P062,1000,2020-2021,12,RP_SLIP_TERRAIN:10;RP_ANIMAL_01:2,2,0,0,0,0,0,0,10,6.0,0.4406
P331,1000,2020-2021,18,RP_SLIP_TERRAIN:11;RP_MACHINE_01:4;RP_FALL_CLIFF:2;RP_DROWN_01:1,0,0,1,2,0,0,4,11,9.0,0.5426
P405,1000,2020-2021,26,RP_SLIP_TERRAIN:19;RP_ANIMAL_01:2;RP_MACHINE_01:2;RP_CO_01:1;RP_FALL_CLIFF:1;RP_FIRE_01:1,2,1,0,1,1,0,2,19,13.0,0.6388
P345,1000,2020-2021,15,RP_SLIP_TERRAIN:11;RP_FALL_CLIFF:3;RP_MACHINE_01:1,0,0,0,3,0,0,1,11,7.5,0.4961
P644,1000,2020-2021,9,RP_SLIP_TERRAIN:7;RP_ANIMAL_01:1;RP_MACHINE_01:1,1,0,0,0,0,0,1,7,4.5,0.3716
P993,1000,2020-2021,6,RP_SLIP_TERRAIN:6,0,0,0,0,0,0,0,6,3.0,0.2805
P592,1000,2020-2021,11,RP_SLIP_TERRAIN:9;RP_ANIMAL_01:1;RP_MACHINE_01:1,1,0,0,0,0,0,1,9,5.5,0.4194
P953,1000,2020-2021,36,RP_SLIP_TERRAIN:28;RP_MACHINE_01:5;RP_FALL_CLIFF:1;RP_FIRE_01:1;RP_HEAT_02:1,0,0,0,1,1,1,5,28,18.0,0.7261
P781,1000,2020-2021,6,RP_SLIP_TERRAIN:4;RP_DROWN_01:1;RP_FALL_CLIFF:1,0,0,1,1,0,0,0,4,3.0,0.2805
P708,1000,2020-2021,10,RP_SLIP_TERRAIN:7;RP_HEAT_02:2;RP_MACHINE_01:1,0,0,0,0,0,2,1,7,5.0,0.3965
P023,1000,2020-2021,32,RP_SLIP_TERRAIN:30;RP_FALL_CLIFF:2,0,0,0,2,0,0,0,30,16.0,0.6943
P625,1000,2020-2021,7,RP_SLIP_TERRAIN:6;RP_MACHINE_01:1,0,0,0,0,0,0,1,6,3.5,0.3142
P904,1000,2020-2021,31,RP_SLIP_TERRAIN:22;RP_MACHINE_01:5;RP_FALL_CLIFF:3;RP_DROWN_01:1,0,0,1,3,0,0,5,22,15.5,0.6858
P340,1000,2020-2021,41,RP_SLIP_TERRAIN:30;RP_MACHINE_01:7;RP_ANIMAL_01:1;RP_CO_01:1;RP_FALL_CLIFF:1;RP_HEAT_02:1,1,1,0,1,0,1,7,30,20.5,0.7615
P179,1000,2020-2021,54,RP_SLIP_TERRAIN:36;RP_FALL_CLIFF:7;RP_MACHINE_01:7;RP_HEAT_02:3;RP_DROWN_01:1,0,0,1,7,0,3,7,36,27.0,0.837
P667,1000,2020-2021,5,RP_SLIP_TERRAIN:3;RP_FALL_CLIFF:1;RP_MACHINE_01:1,0,0,0,1,0,0,1,3,2.5,0.2423
P1021,1000,2020-2021,79,RP_SLIP_TERRAIN:48;RP_MACHINE_01:18;RP_ANIMAL_01:3;RP_DROWN_01:3;RP_HEAT_02:3;RP_FALL_CLIFF:2;RP_CO_01:1;RP_FIRE_01:1,3,1,3,2,1,3,18,48,39.5,0.9426
P350,1000,2020-2021,16,RP_SLIP_TERRAIN:14;RP_FALL_CLIFF:1;RP_MACHINE_01:1,0,0,0,1,0,0,1,14,8.0,0.5124
P906,1000,2020-2021,24,RP_SLIP_TERRAIN:17;RP_MACHINE_01:6;RP_ANIMAL_01:1,1,0,0,0,0,0,6,17,12.0,0.6176
P364,1000,2020-2021,15,RP_SLIP_TERRAIN:13;RP_MACHINE_01:2,0,0,0,0,0,0,2,13,7.5,0.4961
P058,1000,2020-2021,5,RP_SLIP_TERRAIN:4;RP_DROWN_01:1,0,0,1,0,0,0,0,4,2.5,0.2423
P642,1000,2020-2021,3,RP_SLIP_TERRAIN:3,0,0,0,0,0,0,0,3,1.5,0.1461
P735,1000,2020-2021,18,RP_SLIP_TERRAIN:17;RP_MACHINE_01:1,0,0,0,0,0,0,1,17,9.0,0.5426
P996,1000,2020-2021,12,RP_SLIP_TERRAIN:10;RP_DROWN_01:1;RP_HEAT_02:1,0,0,1,0,0,1,0,10,6.0,0.4406
P411,1000,2020-2021,12,RP_SLIP_TERRAIN:8;RP_DROWN_01:2;RP_MACHINE_01:2,0,0,2,0,0,0,2,8,6.0,0.4406
P244,1000,2020-2021,51,RP_SLIP_TERRAIN:38;RP_FALL_CLIFF:5;RP_MACHINE_01:4;RP_ANIMAL_01:3;RP_HEAT_02:1,3,0,0,5,0,1,4,38,25.5,0.8213
P070,1000,2020-2021,52,RP_SLIP_TERRAIN:39;RP_MACHINE_01:8;RP_ANIMAL_01:2;RP_FALL_CLIFF:2;RP_DROWN_01:1,2,0,1,2,0,0,8,39,26.0,0.8266
P083,1000,2020-2021,13,RP_SLIP_TERRAIN:7;RP_MACHINE_01:5;RP_ANIMAL_01:1,1,0,0,0,0,0,5,7,6.5,0.4603
P385,1000,2020-2021,12,RP_SLIP_TERRAIN:9;RP_ANIMAL_01:1;RP_DROWN_01:1;RP_MACHINE_01:1,1,0,1,0,0,0,1,9,6.0,0.4406
P670,1000,2020-2021,9,RP_SLIP_TERRAIN:7;RP_ANIMAL_01:1;RP_HEAT_02:1,1,0,0,0,0,1,0,7,4.5,0.3716
P317,1000,2020-2021,7,RP_SLIP_TERRAIN:5;RP_MACHINE_01:1;RP_DROWN_01:1,0,0,1,0,0,0,1,5,3.5,0.3142
P729,1000,2020-2021,22,RP_SLIP_TERRAIN:18;RP_MACHINE_01:2;RP_ANIMAL_01:1;RP_CO_01:1,1,1,0,0,0,0,2,18,11.0,0.5947
P360,1000,2020-2021,8,RP_SLIP_TERRAIN:7;RP_FALL_CLIFF:1,0,0,0,1,0,0,0,7,4.0,0.3443
P517,1000,2020-2021,10,RP_SLIP_TERRAIN:7;RP_ANIMAL_01:2;RP_MACHINE_01:1,2,0,0,0,0,0,1,7,5.0,0.3965
P193,1000,2020-2021,9,RP_SLIP_TERRAIN:7;RP_FALL_CLIFF:1;RP_MACHINE_01:1,0,0,0,1,0,0,1,7,4.5,0.3716
P468,1000,2020-2021,5,RP_FALL_CLIFF:2;RP_HEAT_02:1;RP_MACHINE_01:1;RP_SLIP_TERRAIN:1,0,0,0,2,0,1,1,1,2.5,0.2423
P590,1000,2020-2021,2,RP_SLIP_TERRAIN:2,0,0,0,0,0,0,0,2,1.0,0.0823
P418,1000,2020-2021,36,RP_SLIP_TERRAIN:23;RP_MACHINE_01:8;RP_FALL_CLIFF:3;RP_ANIMAL_01:1;RP_HEAT_02:1,1,0,0,3,0,1,8,23,18.0,0.7261
P079,1000,2020-2021,13,RP_SLIP_TERRAIN:10;RP_MACHINE_01:2;RP_FALL_CLIFF:1,0,0,0,1,0,0,2,10,6.5,0.4603
P047,1000,2020-2021,62,RP_SLIP_TERRAIN:43;RP_MACHINE_01:8;RP_FALL_CLIFF:5;RP_CO_01:3;RP_ANIMAL_01:1;RP_HEAT_02:1;RP_DROWN_01:1,1,3,1,5,0,1,8,43,31.0,0.8752
P533,1000,2020-2021,8,RP_SLIP_TERRAIN:6;RP_ANIMAL_01:2,2,0,0,0,0,0,0,6,4.0,0.3443
P188,1000,2020-2021,64,RP_SLIP_TERRAIN:46;RP_MACHINE_01:10;RP_FALL_CLIFF:4;RP_ANIMAL_01:2;RP_DROWN_01:1;RP_HEAT_02:1,2,0,1,4,0,1,10,46,32.0,0.884
P941,1000,2020-2021,7,RP_SLIP_TERRAIN:6;RP_FALL_CLIFF:1,0,0,0,1,0,0,0,6,3.5,0.3142
P033,1000,2020-2021,66,RP_SLIP_TERRAIN:47;RP_MACHINE_01:10;RP_FALL_CLIFF:3;RP_CO_01:2;RP_ANIMAL_01:1;RP_FIRE_01:1;RP_HEAT_02:1;RP_DROWN_01:1,1,2,1,3,1,1,10,47,33.0,0.8926
P1008,1000,2020-2021,18,RP_SLIP_TERRAIN:14;RP_FALL_CLIFF:3;RP_MACHINE_01:1,0,0,0,3,0,0,1,14,9.0,0.5426
P171,1000,2020-2021,60,RP_SLIP_TERRAIN:35;RP_MACHINE_01:10;RP_ANIMAL_01:7;RP_FALL_CLIFF:6;RP_DROWN_01:1;RP_HEAT_02:1,7,0,1,6,0,1,10,35,30.0,0.8662
P050,1000,2020-2021,6,RP_SLIP_TERRAIN:5;RP_ANIMAL_01:1,1,0,0,0,0,0,0,5,3.0,0.2805
P348,1000,2020-2021,10,RP_ANIMAL_01:3;RP_SLIP_TERRAIN:3;RP_MACHINE_01:2;RP_FALL_CLIFF:1;RP_DROWN_01:1,3,0,1,1,0,0,2,3,5.0,0.3965
P640,1000,2020-2021,9,RP_SLIP_TERRAIN:9,0,0,0,0,0,0,0,9,4.5,0.3716
P677,1000,2020-2021,21,RP_SLIP_TERRAIN:14;RP_FALL_CLIFF:2;RP_HEAT_02:2;RP_ANIMAL_01:1;RP_DROWN_01:1;RP_MACHINE_01:1,1,0,1,2,0,2,1,14,10.5,0.5825
P407,1000,2020-2021,9,RP_SLIP_TERRAIN:7;RP_MACHINE_01:1;RP_ANIMAL_01:1,1,0,0,0,0,0,1,7,4.5,0.3716
P702,1000,2020-2021,2,RP_SLIP_TERRAIN:2,0,0,0,0,0,0,0,2,1.0,0.0823
P378,1000,2020-2021,11,RP_SLIP_TERRAIN:10;RP_MACHINE_01:1,0,0,0,0,0,0,1,10,5.5,0.4194
P197,1000,2020-2021,49,RP_SLIP_TERRAIN:34;RP_MACHINE_01:11;RP_FALL_CLIFF:2;RP_FIRE_01:1;RP_HEAT_02:1,0,0,0,2,1,1,11,34,24.5,0.8103
P178,1000,2020-2021,49,RP_SLIP_TERRAIN:34;RP_MACHINE_01:9;RP_FALL_CLIFF:3;RP_HEAT_02:1;RP_ANIMAL_01:1;RP_CO_01:1,1,1,0,3,0,1,9,34,24.5,0.8103
P803,1000,2020-2021,4,RP_MACHINE_01:2;RP_SLIP_TERRAIN:2,0,0,0,0,0,0,2,2,2.0,0.1982
P945,1000,2020-2021,5,RP_SLIP_TERRAIN:4;RP_FALL_CLIFF:1,0,0,0,1,0,0,0,4,2.5,0.2423
P966,1000,2020-2021,21,RP_SLIP_TERRAIN:13;RP_FALL_CLIFF:3;RP_ANIMAL_01:2;RP_DROWN_01:2;RP_MACHINE_01:1,2,0,2,3,0,0,1,13,10.5,0.5825
P583,1000,2020-2021,4,RP_SLIP_TERRAIN:2;RP_HEAT_02:1;RP_MACHINE_01:1,0,0,0,0,0,1,1,2,2.0,0.1982
P095,1000,2020-2021,5,RP_SLIP_TERRAIN:4;RP_MACHINE_01:1,0,0,0,0,0,0,1,4,2.5,0.2423
P618,1000,2020-2021,7,RP_SLIP_TERRAIN:6;RP_DROWN_01:1,0,0,1,0,0,0,0,6,3.5,0.3142
P342,1000,2020-2021,1,RP_SLIP_TERRAIN:1,0,0,0,0,0,0,0,1,0.5,0.0
P648,1000,2020-2021,6,RP_SLIP_TERRAIN:5;RP_DROWN_01:1,0,0,1,0,0,0,0,5,3.0,0.2805
P195,1000,2020-2021,11,RP_SLIP_TERRAIN:8;RP_MACHINE_01:2;RP_FALL_CLIFF:1,0,0,0,1,0,0,2,8,5.5,0.4194
P698,1000,2020-2021,9,RP_SLIP_TERRAIN:6;RP_FALL_CLIFF:2;RP_MACHINE_01:1,0,0,0,2,0,0,1,6,4.5,0.3716
P829,1000,2020-2021,9,RP_SLIP_TERRAIN:5;RP_MACHINE_01:4,0,0,0,0,0,0,4,5,4.5,0.3716
P699,1000,2020-2021,28,RP_SLIP_TERRAIN:21;RP_MACHINE_01:5;RP_DROWN_01:2,0,0,2,0,0,0,5,21,14.0,0.6585
P147,1000,2020-2021,42,RP_SLIP_TERRAIN:30;RP_MACHINE_01:6;RP_ANIMAL_01:3;RP_DROWN_01:2;RP_FALL_CLIFF:1,3,0,2,1,0,0,6,30,21.0,0.7681
P637,1000,2020-2021,6,RP_SLIP_TERRAIN:5;RP_ANIMAL_01:1,1,0,0,0,0,0,0,5,3.0,0.2805
P527,1000,2020-2021,7,RP_SLIP_TERRAIN:7,0,0,0,0,0,0,0,7,3.5,0.3142
P191,1000,2020-2021,26,RP_SLIP_TERRAIN:17;RP_MACHINE_01:4;RP_HEAT_02:3;RP_FALL_CLIFF:2,0,0,0,2,0,3,4,17,13.0,0.6388
P962,1000,2020-2021,4,RP_SLIP_TERRAIN:4,0,0,0,0,0,0,0,4,2.0,0.1982
P447,1000,2020-2021,4,RP_SLIP_TERRAIN:3;RP_MACHINE_01:1,0,0,0,0,0,0,1,3,2.0,0.1982
P768,1000,2020-2021,4,RP_SLIP_TERRAIN:4,0,0,0,0,0,0,0,4,2.0,0.1982
P506,1000,2020-2021,2,RP_SLIP_TERRAIN:2,0,0,0,0,0,0,0,2,1.0,0.0823
P216,1000,2020-2021,8,RP_SLIP_TERRAIN:8,0,0,0,0,0,0,0,8,4.0,0.3443
P588,1000,2020-2021,4,RP_MACHINE_01:2;RP_SLIP_TERRAIN:2,0,0,0,0,0,0,2,2,2.0,0.1982
P449,1000,2020-2021,15,RP_SLIP_TERRAIN:8;RP_DROWN_01:3;RP_ANIMAL_01:2;RP_FALL_CLIFF:1;RP_MACHINE_01:1,2,0,3,1,0,0,1,8,7.5,0.4961
P214,1000,2020-2021,6,RP_SLIP_TERRAIN:4;RP_FALL_CLIFF:2,0,0,0,2,0,0,0,4,3.0,0.2805
P059,1000,2020-2021,29,RP_SLIP_TERRAIN:19;RP_DROWN_01:4;RP_MACHINE_01:3;RP_CO_01:2;RP_FALL_CLIFF:1,0,2,4,1,0,0,3,19,14.5,0.6679
P974,1000,2020-2021,13,RP_SLIP_TERRAIN:12;RP_FALL_CLIFF:1,0,0,0,1,0,0,0,12,6.5,0.4603
P805,1000,2020-2021,2,RP_SLIP_TERRAIN:2,0,0,0,0,0,0,0,2,1.0,0.0823
P824,1000,2020-2021,2,RP_SLIP_TERRAIN:2,0,0,0,0,0,0,0,2,1.0,0.0823
P307,1000,2020-2021,8,RP_SLIP_TERRAIN:6;RP_ANIMAL_01:2,2,0,0,0,0,0,0,6,4.0,0.3443
P367,1000,2020-2021,18,RP_MACHINE_01:8;RP_SLIP_TERRAIN:8;RP_ANIMAL_01:1;RP_FALL_CLIFF:1,1,0,0,1,0,0,8,8,9.0,0.5426
P189,1000,2020-2021,5,RP_SLIP_TERRAIN:3;RP_FALL_CLIFF:1;RP_MACHINE_01:1,0,0,0,1,0,0,1,3,2.5,0.2423
P096,1000,2020-2021,9,RP_SLIP_TERRAIN:7;RP_MACHINE_01:1;RP_FALL_CLIFF:1,0,0,0,1,0,0,1,7,4.5,0.3716
P711,1000,2020-2021,2,RP_SLIP_TERRAIN:2,0,0,0,0,0,0,0,2,1.0,0.0823
P029,1000,2020-2021,14,RP_SLIP_TERRAIN:10;RP_ANIMAL_01:2;RP_DROWN_01:1;RP_FALL_CLIFF:1,2,0,1,1,0,0,0,10,7.0,0.4788
P060,1000,2020-2021,13,RP_SLIP_TERRAIN:10;RP_ANIMAL_01:2;RP_MACHINE_01:1,2,0,0,0,0,0,1,10,6.5,0.4603
P558,1000,2020-2021,6,RP_SLIP_TERRAIN:4;RP_DROWN_01:2,0,0,2,0,0,0,0,4,3.0,0.2805
P496,1000,2020-2021,3,RP_SLIP_TERRAIN:3,0,0,0,0,0,0,0,3,1.5,0.1461
P524,1000,2020-2021,10,RP_SLIP_TERRAIN:6;RP_MACHINE_01:2;RP_ANIMAL_01:1;RP_FALL_CLIFF:1,1,0,0,1,0,0,2,6,5.0,0.3965
P836,1000,2020-2021,5,RP_SLIP_TERRAIN:4;RP_FALL_CLIFF:1,0,0,0,1,0,0,0,4,2.5,0.2423
P975,1000,2020-2021,26,RP_SLIP_TERRAIN:20;RP_FALL_CLIFF:2;RP_MACHINE_01:2;RP_CO_01:1;RP_DROWN_01:1,0,1,1,2,0,0,2,20,13.0,0.6388
P032,1000,2020-2021,67,RP_SLIP_TERRAIN:44;RP_MACHINE_01:11;RP_ANIMAL_01:4;RP_FALL_CLIFF:3;RP_HEAT_02:2;RP_CO_01:1;RP_DROWN_01:1;RP_FIRE_01:1,4,1,1,3,1,2,11,44,33.5,0.8968
P048,1000,2020-2021,18,RP_SLIP_TERRAIN:11;RP_MACHINE_01:6;RP_FALL_CLIFF:1,0,0,0,1,0,0,6,11,9.0,0.5426
P537,1000,2020-2021,10,RP_SLIP_TERRAIN:7;RP_MACHINE_01:2;RP_FALL_CLIFF:1,0,0,0,1,0,0,2,7,5.0,0.3965
P518,1000,2020-2021,8,RP_SLIP_TERRAIN:5;RP_DROWN_01:1;RP_MACHINE_01:1;RP_ANIMAL_01:1,1,0,1,0,0,0,1,5,4.0,0.3443
P344,1000,2020-2021,21,RP_SLIP_TERRAIN:11;RP_MACHINE_01:5;RP_DROWN_01:2;RP_FALL_CLIFF:2;RP_ANIMAL_01:1,1,0,2,2,0,0,5,11,10.5,0.5825
P247,1000,2020-2021,15,RP_SLIP_TERRAIN:9;RP_MACHINE_01:3;RP_ANIMAL_01:2;RP_FALL_CLIFF:1,2,0,0,1,0,0,3,9,7.5,0.4961
P401,1000,2020-2021,3,RP_SLIP_TERRAIN:3,0,0,0,0,0,0,0,3,1.5,0.1461
P636,1000,2020-2021,9,RP_SLIP_TERRAIN:5;RP_FALL_CLIFF:2;RP_MACHINE_01:2,0,0,0,2,0,0,2,5,4.5,0.3716
P025,1000,2020-2021,13,RP_SLIP_TERRAIN:10;RP_MACHINE_01:2;RP_HEAT_02:1,0,0,0,0,0,1,2,10,6.5,0.4603
P440,1000,2020-2021,11,RP_SLIP_TERRAIN:6;RP_DROWN_01:3;RP_FALL_CLIFF:2,0,0,3,2,0,0,0,6,5.5,0.4194
P290,1000,2020-2021,28,RP_SLIP_TERRAIN:18;RP_MACHINE_01:5;RP_ANIMAL_01:2;RP_FALL_CLIFF:2;RP_DROWN_01:1,2,0,1,2,0,0,5,18,14.0,0.6585
P395,1000,2020-2021,6,RP_SLIP_TERRAIN:6,0,0,0,0,0,0,0,6,3.0,0.2805
P1005,1000,2020-2021,4,RP_SLIP_TERRAIN:4,0,0,0,0,0,0,0,4,2.0,0.1982
P319,1000,2020-2021,46,RP_SLIP_TERRAIN:36;RP_MACHINE_01:6;RP_DROWN_01:2;RP_FALL_CLIFF:2,0,0,2,2,0,0,6,36,23.0,0.793
P311,1000,2020-2021,12,RP_SLIP_TERRAIN:5;RP_DROWN_01:3;RP_FALL_CLIFF:3;RP_HEAT_02:1,0,0,3,3,0,1,0,5,6.0,0.4406
P329,1000,2020-2021,5,RP_MACHINE_01:3;RP_SLIP_TERRAIN:2,0,0,0,0,0,0,3,2,2.5,0.2423
P155,1000,2020-2021,37,RP_SLIP_TERRAIN:26;RP_MACHINE_01:7;RP_FALL_CLIFF:3;RP_DROWN_01:1,0,0,1,3,0,0,7,26,18.5,0.7336
P415,1000,2020-2021,8,RP_SLIP_TERRAIN:7;RP_MACHINE_01:1,0,0,0,0,0,0,1,7,4.0,0.3443
P912,1000,2020-2021,18,RP_SLIP_TERRAIN:13;RP_FALL_CLIFF:2;RP_ANIMAL_01:1;RP_DROWN_01:1;RP_MACHINE_01:1,1,0,1,2,0,0,1,13,9.0,0.5426
P055,1000,2020-2021,6,RP_SLIP_TERRAIN:5;RP_MACHINE_01:1,0,0,0,0,0,0,1,5,3.0,0.2805
P852,1000,2020-2021,3,RP_SLIP_TERRAIN:3,0,0,0,0,0,0,0,3,1.5,0.1461
P999,1000,2020-2021,24,RP_SLIP_TERRAIN:17;RP_MACHINE_01:4;RP_ANIMAL_01:1;RP_FALL_CLIFF:1;RP_DROWN_01:1,1,0,1,1,0,0,4,17,12.0,0.6176
P403,1000,2020-2021,6,RP_SLIP_TERRAIN:5;RP_MACHINE_01:1,0,0,0,0,0,0,1,5,3.0,0.2805
P086,1000,2020-2021,1,RP_SLIP_TERRAIN:1,0,0,0,0,0,0,0,1,0.5,0.0
P633,1000,2020-2021,5,RP_SLIP_TERRAIN:5,0,0,0,0,0,0,0,5,2.5,0.2423
P324,1000,2020-2021,5,RP_SLIP_TERRAIN:4;RP_FALL_CLIFF:1,0,0,0,1,0,0,0,4,2.5,0.2423
P757,1000,2020-2021,8,RP_SLIP_TERRAIN:5;RP_ANIMAL_01:1;RP_FALL_CLIFF:1;RP_MACHINE_01:1,1,0,0,1,0,0,1,5,4.0,0.3443
P220,1000,2020-2021,14,RP_SLIP_TERRAIN:9;RP_MACHINE_01:3;RP_DROWN_01:1;RP_FALL_CLIFF:1,0,0,1,1,0,0,3,9,7.0,0.4788
P559,1000,2020-2021,6,RP_SLIP_TERRAIN:6,0,0,0,0,0,0,0,6,3.0,0.2805
P127,1000,2020-2021,23,RP_SLIP_TERRAIN:14;RP_FALL_CLIFF:5;RP_MACHINE_01:3;RP_DROWN_01:1,0,0,1,5,0,0,3,14,11.5,0.6064
P516,1000,2020-2021,10,RP_SLIP_TERRAIN:5;RP_CO_01:2;RP_FALL_CLIFF:2;RP_ANIMAL_01:1,1,2,0,2,0,0,0,5,5.0,0.3965
P675,1000,2020-2021,11,RP_SLIP_TERRAIN:5;RP_CO_01:4;RP_DROWN_01:1;RP_MACHINE_01:1,0,4,1,0,0,0,1,5,5.5,0.4194
P217,1000,2020-2021,3,RP_SLIP_TERRAIN:3,0,0,0,0,0,0,0,3,1.5,0.1461
P562,1000,2020-2021,13,RP_SLIP_TERRAIN:10;RP_MACHINE_01:2;RP_FALL_CLIFF:1,0,0,0,1,0,0,2,10,6.5,0.4603
P511,1000,2020-2021,12,RP_SLIP_TERRAIN:11;RP_ANIMAL_01:1,1,0,0,0,0,0,0,11,6.0,0.4406
P028,1000,2020-2021,3,RP_SLIP_TERRAIN:2;RP_DROWN_01:1,0,0,1,0,0,0,0,2,1.5,0.1461
P530,1000,2020-2021,4,RP_SLIP_TERRAIN:3;RP_FALL_CLIFF:1,0,0,0,1,0,0,0,3,2.0,0.1982
P605,1000,2020-2021,1,RP_SLIP_TERRAIN:1,0,0,0,0,0,0,0,1,0.5,0.0
P973,1000,2020-2021,9,RP_SLIP_TERRAIN:6;RP_ANIMAL_01:1;RP_CO_01:1;RP_DROWN_01:1,1,1,1,0,0,0,0,6,4.5,0.3716
P548,1000,2020-2021,2,RP_SLIP_TERRAIN:2,0,0,0,0,0,0,0,2,1.0,0.0823
P465,1000,2020-2021,10,RP_MACHINE_01:6;RP_SLIP_TERRAIN:3;RP_FALL_CLIFF:1,0,0,0,1,0,0,6,3,5.0,0.3965
P580,1000,2020-2021,2,RP_DROWN_01:1;RP_SLIP_TERRAIN:1,0,0,1,0,0,0,0,1,1.0,0.0823
P907,1000,2020-2021,14,RP_SLIP_TERRAIN:7;RP_DROWN_01:4;RP_MACHINE_01:2;RP_ANIMAL_01:1,1,0,4,0,0,0,2,7,7.0,0.4788
P968,1000,2020-2021,15,RP_SLIP_TERRAIN:7;RP_ANIMAL_01:3;RP_MACHINE_01:3;RP_DROWN_01:2,3,0,2,0,0,0,3,7,7.5,0.4961
P715,1000,2020-2021,3,RP_SLIP_TERRAIN:2;RP_ANIMAL_01:1,1,0,0,0,0,0,0,2,1.5,0.1461
P441,1000,2020-2021,2,RP_MACHINE_01:1;RP_SLIP_TERRAIN:1,0,0,0,0,0,0,1,1,1.0,0.0823
P091,1000,2020-2021,6,RP_SLIP_TERRAIN:5;RP_FALL_CLIFF:1,0,0,0,1,0,0,0,5,3.0,0.2805
P173,1000,2020-2021,13,RP_SLIP_TERRAIN:8;RP_ANIMAL_01:2;RP_DROWN_01:2;RP_MACHINE_01:1,2,0,2,0,0,0,1,8,6.5,0.4603
P049,1000,2020-2021,10,RP_SLIP_TERRAIN:8;RP_MACHINE_01:2,0,0,0,0,0,0,2,8,5.0,0.3965
P391,1000,2020-2021,5,RP_SLIP_TERRAIN:5,0,0,0,0,0,0,0,5,2.5,0.2423
P416,1000,2020-2021,2,RP_SLIP_TERRAIN:2,0,0,0,0,0,0,0,2,1.0,0.0823
P459,1000,2020-2021,7,RP_SLIP_TERRAIN:5;RP_FALL_CLIFF:1;RP_DROWN_01:1,0,0,1,1,0,0,0,5,3.5,0.3142
P825,1000,2020-2021,4,RP_SLIP_TERRAIN:4,0,0,0,0,0,0,0,4,2.0,0.1982
P611,1000,2020-2021,2,RP_MACHINE_01:1;RP_SLIP_TERRAIN:1,0,0,0,0,0,0,1,1,1.0,0.0823
P986,1000,2020-2021,4,RP_ANIMAL_01:2;RP_SLIP_TERRAIN:2,2,0,0,0,0,0,0,2,2.0,0.1982
P434,1000,2020-2021,11,RP_SLIP_TERRAIN:8;RP_ANIMAL_01:1;RP_FALL_CLIFF:1;RP_MACHINE_01:1,1,0,0,1,0,0,1,8,5.5,0.4194
P241,1000,2020-2021,3,RP_SLIP_TERRAIN:2;RP_MACHINE_01:1,0,0,0,0,0,0,1,2,1.5,0.1461
P954,1000,2020-2021,9,RP_SLIP_TERRAIN:4;RP_FALL_CLIFF:2;RP_MACHINE_01:2;RP_ANIMAL_01:1,1,0,0,2,0,0,2,4,4.5,0.3716
P899,1000,2020-2021,11,RP_SLIP_TERRAIN:7;RP_MACHINE_01:2;RP_ANIMAL_01:1;RP_CO_01:1,1,1,0,0,0,0,2,7,5.5,0.4194
P665,1000,2020-2021,2,RP_ANIMAL_01:1;RP_SLIP_TERRAIN:1,1,0,0,0,0,0,0,1,1.0,0.0823
P614,1000,2020-2021,3,RP_MACHINE_01:1;RP_SLIP_TERRAIN:1;RP_FALL_CLIFF:1,0,0,0,1,0,0,1,1,1.5,0.1461
P709,1000,2020-2021,7,RP_SLIP_TERRAIN:4;RP_ANIMAL_01:2;RP_FALL_CLIFF:1,2,0,0,1,0,0,0,4,3.5,0.3142
P428,1000,2020-2021,4,RP_SLIP_TERRAIN:3;RP_FALL_CLIFF:1,0,0,0,1,0,0,0,3,2.0,0.1982
P770,1000,2020-2021,1,RP_SLIP_TERRAIN:1,0,0,0,0,0,0,0,1,0.5,0.0
P316,1000,2020-2021,17,RP_SLIP_TERRAIN:13;RP_MACHINE_01:3;RP_ANIMAL_01:1,1,0,0,0,0,0,3,13,8.5,0.5279
P266,1000,2020-2021,15,RP_SLIP_TERRAIN:9;RP_MACHINE_01:4;RP_FALL_CLIFF:1;RP_CO_01:1,0,1,0,1,0,0,4,9,7.5,0.4961
P466,1000,2020-2021,1,RP_SLIP_TERRAIN:1,0,0,0,0,0,0,0,1,0.5,0.0
P227,1000,2020-2021,12,RP_SLIP_TERRAIN:8;RP_ANIMAL_01:4,4,0,0,0,0,0,0,8,6.0,0.4406
P700,1000,2020-2021,5,RP_SLIP_TERRAIN:4;RP_FALL_CLIFF:1,0,0,0,1,0,0,0,4,2.5,0.2423
P018,1000,2020-2021,16,RP_SLIP_TERRAIN:15;RP_MACHINE_01:1,0,0,0,0,0,0,1,15,8.0,0.5124
P271,1000,2020-2021,26,RP_SLIP_TERRAIN:18;RP_MACHINE_01:4;RP_FALL_CLIFF:2;RP_DROWN_01:1;RP_ANIMAL_01:1,1,0,1,2,0,0,4,18,13.0,0.6388
P090,1000,2020-2021,7,RP_SLIP_TERRAIN:4;RP_ANIMAL_01:1;RP_FALL_CLIFF:1;RP_MACHINE_01:1,1,0,0,1,0,0,1,4,3.5,0.3142
P475,1000,2020-2021,11,RP_SLIP_TERRAIN:8;RP_MACHINE_01:3,0,0,0,0,0,0,3,8,5.5,0.4194
P878,1000,2020-2021,15,RP_SLIP_TERRAIN:9;RP_MACHINE_01:3;RP_FALL_CLIFF:2;RP_ANIMAL_01:1,1,0,0,2,0,0,3,9,7.5,0.4961
P663,1000,2020-2021,5,RP_SLIP_TERRAIN:5,0,0,0,0,0,0,0,5,2.5,0.2423
P957,1000,2020-2021,9,RP_SLIP_TERRAIN:8;RP_MACHINE_01:1,0,0,0,0,0,0,1,8,4.5,0.3716
P417,1000,2020-2021,15,RP_SLIP_TERRAIN:10;RP_FALL_CLIFF:2;RP_ANIMAL_01:1;RP_HEAT_02:1;RP_MACHINE_01:1,1,0,0,2,0,1,1,10,7.5,0.4961
P750,1000,2020-2021,4,RP_SLIP_TERRAIN:3;RP_MACHINE_01:1,0,0,0,0,0,0,1,3,2.0,0.1982
P716,1000,2020-2021,1,RP_SLIP_TERRAIN:1,0,0,0,0,0,0,0,1,0.5,0.0
P442,1000,2020-2021,10,RP_SLIP_TERRAIN:4;RP_MACHINE_01:3;RP_DROWN_01:2;RP_FALL_CLIFF:1,0,0,2,1,0,0,3,4,5.0,0.3965
P641,1000,2020-2021,9,RP_SLIP_TERRAIN:6;RP_MACHINE_01:2;RP_FALL_CLIFF:1,0,0,0,1,0,0,2,6,4.5,0.3716
P936,1000,2020-2021,1,RP_SLIP_TERRAIN:1,0,0,0,0,0,0,0,1,0.5,0.0
P233,1000,2020-2021,15,RP_SLIP_TERRAIN:11;RP_MACHINE_01:3;RP_FALL_CLIFF:1,0,0,0,1,0,0,3,11,7.5,0.4961
P455,1000,2020-2021,2,RP_FALL_CLIFF:1;RP_SLIP_TERRAIN:1,0,0,0,1,0,0,0,1,1.0,0.0823
P858,1000,2020-2021,6,RP_SLIP_TERRAIN:4;RP_ANIMAL_01:1;RP_HEAT_02:1,1,0,0,0,0,1,0,4,3.0,0.2805
P784,1000,2020-2021,1,RP_FALL_CLIFF:1,0,0,0,1,0,0,0,0,0.5,0.0
P942,1000,2020-2021,7,RP_SLIP_TERRAIN:3;RP_FALL_CLIFF:2;RP_MACHINE_01:2,0,0,0,2,0,0,2,3,3.5,0.3142
P639,1000,2020-2021,6,RP_SLIP_TERRAIN:4;RP_HEAT_02:1;RP_MACHINE_01:1,0,0,0,0,0,1,1,4,3.0,0.2805
P874,1000,2020-2021,4,RP_SLIP_TERRAIN:3;RP_MACHINE_01:1,0,0,0,0,0,0,1,3,2.0,0.1982
P264,1000,2020-2021,2,RP_FALL_CLIFF:1;RP_MACHINE_01:1,0,0,0,1,0,0,1,0,1.0,0.0823
P335,1000,2020-2021,5,RP_SLIP_TERRAIN:3;RP_FALL_CLIFF:2,0,0,0,2,0,0,0,3,2.5,0.2423
P921,1000,2020-2021,11,RP_SLIP_TERRAIN:7;RP_MACHINE_01:2;RP_ANIMAL_01:1;RP_DROWN_01:1,1,0,1,0,0,0,2,7,5.5,0.4194
P314,1000,2020-2021,3,RP_MACHINE_01:2;RP_SLIP_TERRAIN:1,0,0,0,0,0,0,2,1,1.5,0.1461
P302,1000,2020-2021,12,RP_SLIP_TERRAIN:8;RP_MACHINE_01:2;RP_FALL_CLIFF:1;RP_ANIMAL_01:1,1,0,0,1,0,0,2,8,6.0,0.4406
P281,1000,2020-2021,1,RP_SLIP_TERRAIN:1,0,0,0,0,0,0,0,1,0.5,0.0
P682,1000,2020-2021,4,RP_SLIP_TERRAIN:3;RP_FALL_CLIFF:1,0,0,0,1,0,0,0,3,2.0,0.1982
P052,1000,2020-2021,6,RP_SLIP_TERRAIN:5;RP_DROWN_01:1,0,0,1,0,0,0,0,5,3.0,0.2805
P1000,1000,2020-2021,14,RP_SLIP_TERRAIN:10;RP_FALL_CLIFF:2;RP_ANIMAL_01:1;RP_HEAT_02:1,1,0,0,2,0,1,0,10,7.0,0.4788
P370,1000,2020-2021,17,RP_SLIP_TERRAIN:14;RP_MACHINE_01:2;RP_DROWN_01:1,0,0,1,0,0,0,2,14,8.5,0.5279
P1004,1000,2020-2021,2,RP_DROWN_01:1;RP_SLIP_TERRAIN:1,0,0,1,0,0,0,0,1,1.0,0.0823
P422,1000,2020-2021,2,RP_MACHINE_01:1;RP_SLIP_TERRAIN:1,0,0,0,0,0,0,1,1,1.0,0.0823
P259,1000,2020-2021,14,RP_SLIP_TERRAIN:13;RP_FALL_CLIFF:1,0,0,0,1,0,0,0,13,7.0,0.4788
P256,1000,2020-2021,5,RP_SLIP_TERRAIN:4;RP_CO_01:1,0,1,0,0,0,0,0,4,2.5,0.2423
P263,1000,2020-2021,6,RP_SLIP_TERRAIN:4;RP_ANIMAL_01:1;RP_MACHINE_01:1,1,0,0,0,0,0,1,4,3.0,0.2805
P410,1000,2020-2021,5,RP_SLIP_TERRAIN:3;RP_MACHINE_01:2,0,0,0,0,0,0,2,3,2.5,0.2423
P076,1000,2020-2021,4,RP_SLIP_TERRAIN:2;RP_HEAT_02:1;RP_MACHINE_01:1,0,0,0,0,0,1,1,2,2.0,0.1982
P581,1000,2020-2021,3,RP_SLIP_TERRAIN:2;RP_FALL_CLIFF:1,0,0,0,1,0,0,0,2,1.5,0.1461
P946,1000,2020-2021,2,RP_FALL_CLIFF:1;RP_SLIP_TERRAIN:1,0,0,0,1,0,0,0,1,1.0,0.0823
P694,1000,2020-2021,3,RP_ANIMAL_01:1;RP_CO_01:1;RP_SLIP_TERRAIN:1,1,1,0,0,0,0,0,1,1.5,0.1461
P285,1000,2020-2021,10,RP_SLIP_TERRAIN:7;RP_FALL_CLIFF:1;RP_MACHINE_01:1;RP_DROWN_01:1,0,0,1,1,0,0,1,7,5.0,0.3965
P842,1000,2020-2021,3,RP_MACHINE_01:2;RP_SLIP_TERRAIN:1,0,0,0,0,0,0,2,1,1.5,0.1461
P142,1000,2020-2021,6,RP_SLIP_TERRAIN:4;RP_CO_01:1;RP_MACHINE_01:1,0,1,0,0,0,0,1,4,3.0,0.2805
P531,1000,2020-2021,6,RP_SLIP_TERRAIN:4;RP_MACHINE_01:2,0,0,0,0,0,0,2,4,3.0,0.2805
P002,1000,2020-2021,22,RP_SLIP_TERRAIN:14;RP_DROWN_01:4;RP_MACHINE_01:2;RP_CO_01:2,0,2,4,0,0,0,2,14,11.0,0.5947
P279,1000,2020-2021,11,RP_SLIP_TERRAIN:7;RP_ANIMAL_01:2;RP_MACHINE_01:2,2,0,0,0,0,0,2,7,5.5,0.4194
P983,1000,2020-2021,1,RP_MACHINE_01:1,0,0,0,0,0,0,1,0,0.5,0.0
P854,1000,2020-2021,4,RP_SLIP_TERRAIN:2;RP_HEAT_02:1;RP_MACHINE_01:1,0,0,0,0,0,1,1,2,2.0,0.1982
P479,1000,2020-2021,10,RP_SLIP_TERRAIN:6;RP_FALL_CLIFF:1;RP_HEAT_02:1;RP_DROWN_01:1;RP_ANIMAL_01:1,1,0,1,1,0,1,0,6,5.0,0.3965
P336,1000,2020-2021,11,RP_SLIP_TERRAIN:6;RP_MACHINE_01:3;RP_ANIMAL_01:1;RP_DROWN_01:1,1,0,1,0,0,0,3,6,5.5,0.4194
P006,1000,2020-2021,17,RP_SLIP_TERRAIN:10;RP_ANIMAL_01:2;RP_HEAT_02:2;RP_CO_01:1;RP_DROWN_01:1;RP_MACHINE_01:1,2,1,1,0,0,2,1,10,8.5,0.5279
P913,1000,2020-2021,1,RP_SLIP_TERRAIN:1,0,0,0,0,0,0,0,1,0.5,0.0
P879,1000,2020-2021,2,RP_ANIMAL_01:1;RP_SLIP_TERRAIN:1,1,0,0,0,0,0,0,1,1.0,0.0823
P068,1000,2020-2021,6,RP_SLIP_TERRAIN:5;RP_FALL_CLIFF:1,0,0,0,1,0,0,0,5,3.0,0.2805
P341,1000,2020-2021,10,RP_SLIP_TERRAIN:8;RP_MACHINE_01:1;RP_FALL_CLIFF:1,0,0,0,1,0,0,1,8,5.0,0.3965
P320,1000,2020-2021,1,RP_DROWN_01:1,0,0,1,0,0,0,0,0,0.5,0.0
P045,1000,2020-2021,6,RP_SLIP_TERRAIN:5;RP_ANIMAL_01:1,1,0,0,0,0,0,0,5,3.0,0.2805
P116,1000,2020-2021,3,RP_SLIP_TERRAIN:3,0,0,0,0,0,0,0,3,1.5,0.1461
P900,1000,2020-2021,4,RP_SLIP_TERRAIN:2;RP_ANIMAL_01:1;RP_MACHINE_01:1,1,0,0,0,0,0,1,2,2.0,0.1982
P477,1000,2020-2021,3,RP_SLIP_TERRAIN:2;RP_MACHINE_01:1,0,0,0,0,0,0,1,2,1.5,0.1461
P849,1000,2020-2021,1,RP_SLIP_TERRAIN:1,0,0,0,0,0,0,0,1,0.5,0.0
P325,1000,2020-2021,10,RP_SLIP_TERRAIN:6;RP_FALL_CLIFF:2;RP_MACHINE_01:2,0,0,0,2,0,0,2,6,5.0,0.3965
P140,1000,2020-2021,20,RP_SLIP_TERRAIN:14;RP_MACHINE_01:3;RP_CO_01:2;RP_FALL_CLIFF:1,0,2,0,1,0,0,3,14,10.0,0.5698
P237,1000,2020-2021,29,RP_SLIP_TERRAIN:25;RP_MACHINE_01:3;RP_HEAT_02:1,0,0,0,0,0,1,3,25,14.5,0.6679
P419,1000,2020-2021,2,RP_SLIP_TERRAIN:2,0,0,0,0,0,0,0,2,1.0,0.0823
P139,1000,2020-2021,16,RP_FIRE_01:7;RP_SLIP_TERRAIN:7;RP_MACHINE_01:2,0,0,0,0,7,0,2,7,8.0,0.5124
P201,1000,2020-2021,3,RP_SLIP_TERRAIN:2;RP_FALL_CLIFF:1,0,0,0,1,0,0,0,2,1.5,0.1461
P242,1000,2020-2021,8,RP_SLIP_TERRAIN:6;RP_FALL_CLIFF:2,0,0,0,2,0,0,0,6,4.0,0.3443
P439,1000,2020-2021,10,RP_FALL_CLIFF:4;RP_SLIP_TERRAIN:4;RP_ANIMAL_01:1;RP_MACHINE_01:1,1,0,0,4,0,0,1,4,5.0,0.3965
P671,1000,2020-2021,2,RP_SLIP_TERRAIN:2,0,0,0,0,0,0,0,2,1.0,0.0823
P071,1000,2020-2021,2,RP_SLIP_TERRAIN:2,0,0,0,0,0,0,0,2,1.0,0.0823
P228,1000,2020-2021,1,RP_SLIP_TERRAIN:1,0,0,0,0,0,0,0,1,0.5,0.0
P318,1000,2020-2021,23,RP_SLIP_TERRAIN:15;RP_MACHINE_01:4;RP_DROWN_01:2;RP_ANIMAL_01:1;RP_FALL_CLIFF:1,1,0,2,1,0,0,4,15,11.5,0.6064
P896,1000,2020-2021,3,RP_MACHINE_01:2;RP_ANIMAL_01:1,1,0,0,0,0,0,2,0,1.5,0.1461
P110,1000,2020-2021,3,RP_SLIP_TERRAIN:3,0,0,0,0,0,0,0,3,1.5,0.1461
P703,1000,2020-2021,3,RP_SLIP_TERRAIN:3,0,0,0,0,0,0,0,3,1.5,0.1461
P111,1000,2020-2021,3,RP_MACHINE_01:2;RP_SLIP_TERRAIN:1,0,0,0,0,0,0,2,1,1.5,0.1461
P148,1000,2020-2021,18,RP_SLIP_TERRAIN:15;RP_FALL_CLIFF:2;RP_MACHINE_01:1,0,0,0,2,0,0,1,15,9.0,0.5426
P960,1000,2020-2021,5,RP_SLIP_TERRAIN:4;RP_FALL_CLIFF:1,0,0,0,1,0,0,0,4,2.5,0.2423
P357,1000,2020-2021,9,RP_SLIP_TERRAIN:6;RP_FALL_CLIFF:2;RP_MACHINE_01:1,0,0,0,2,0,0,1,6,4.5,0.3716
P107,1000,2020-2021,7,RP_SLIP_TERRAIN:5;RP_FALL_CLIFF:2,0,0,0,2,0,0,0,5,3.5,0.3142
P019,1000,2020-2021,66,RP_SLIP_TERRAIN:50;RP_MACHINE_01:10;RP_DROWN_01:3;RP_HEAT_02:2;RP_FALL_CLIFF:1,0,0,3,1,0,2,10,50,33.0,0.8926
P381,1000,2020-2021,5,RP_SLIP_TERRAIN:4;RP_ANIMAL_01:1,1,0,0,0,0,0,0,4,2.5,0.2423
P499,1000,2020-2021,9,RP_SLIP_TERRAIN:4;RP_FALL_CLIFF:3;RP_MACHINE_01:2,0,0,0,3,0,0,2,4,4.5,0.3716
P514,1000,2020-2021,3,RP_SLIP_TERRAIN:2;RP_MACHINE_01:1,0,0,0,0,0,0,1,2,1.5,0.1461
P604,1000,2020-2021,3,RP_MACHINE_01:3,0,0,0,0,0,0,3,0,1.5,0.1461
P203,1000,2020-2021,7,RP_SLIP_TERRAIN:7,0,0,0,0,0,0,0,7,3.5,0.3142
P965,1000,2020-2021,8,RP_SLIP_TERRAIN:6;RP_MACHINE_01:2,0,0,0,0,0,0,2,6,4.0,0.3443
P811,1000,2020-2021,3,RP_SLIP_TERRAIN:2;RP_MACHINE_01:1,0,0,0,0,0,0,1,2,1.5,0.1461
P163,1000,2020-2021,1,RP_SLIP_TERRAIN:1,0,0,0,0,0,0,0,1,0.5,0.0
P120,1000,2020-2021,3,RP_SLIP_TERRAIN:3,0,0,0,0,0,0,0,3,1.5,0.1461
P137,1000,2020-2021,6,RP_SLIP_TERRAIN:4;RP_MACHINE_01:2,0,0,0,0,0,0,2,4,3.0,0.2805
P520,1000,2020-2021,5,RP_MACHINE_01:3;RP_SLIP_TERRAIN:2,0,0,0,0,0,0,3,2,2.5,0.2423
P810,1000,2020-2021,2,RP_SLIP_TERRAIN:2,0,0,0,0,0,0,0,2,1.0,0.0823
P248,1000,2020-2021,6,RP_SLIP_TERRAIN:5;RP_MACHINE_01:1,0,0,0,0,0,0,1,5,3.0,0.2805
P098,1000,2020-2021,5,RP_HEAT_02:2;RP_SLIP_TERRAIN:2;RP_FALL_CLIFF:1,0,0,0,1,0,2,0,2,2.5,0.2423
P162,1000,2020-2021,34,RP_SLIP_TERRAIN:26;RP_MACHINE_01:5;RP_DROWN_01:2;RP_ANIMAL_01:1,1,0,2,0,0,0,5,26,17.0,0.7107
P044,1000,2020-2021,35,RP_SLIP_TERRAIN:29;RP_MACHINE_01:4;RP_ANIMAL_01:2,2,0,0,0,0,0,4,29,17.5,0.7185
P731,1000,2020-2021,6,RP_SLIP_TERRAIN:4;RP_FALL_CLIFF:1;RP_MACHINE_01:1,0,0,0,1,0,0,1,4,3.0,0.2805
P528,1000,2020-2021,1,RP_SLIP_TERRAIN:1,0,0,0,0,0,0,0,1,0.5,0.0
P1022,1000,2020-2021,2,RP_ANIMAL_01:1;RP_SLIP_TERRAIN:1,1,0,0,0,0,0,0,1,1.0,0.0823
P464,1000,2020-2021,4,RP_SLIP_TERRAIN:4,0,0,0,0,0,0,0,4,2.0,0.1982
P081,1000,2020-2021,7,RP_SLIP_TERRAIN:4;RP_MACHINE_01:2;RP_ANIMAL_01:1,1,0,0,0,0,0,2,4,3.5,0.3142
P054,1000,2020-2021,2,RP_SLIP_TERRAIN:2,0,0,0,0,0,0,0,2,1.0,0.0823
P471,1000,2020-2021,1,RP_SLIP_TERRAIN:1,0,0,0,0,0,0,0,1,0.5,0.0
P301,1000,2020-2021,12,RP_SLIP_TERRAIN:9;RP_ANIMAL_01:2;RP_DROWN_01:1,2,0,1,0,0,0,0,9,6.0,0.4406
P958,1000,2020-2021,5,RP_SLIP_TERRAIN:4;RP_FALL_CLIFF:1,0,0,0,1,0,0,0,4,2.5,0.2423
P016,1000,2020-2021,11,RP_SLIP_TERRAIN:7;RP_MACHINE_01:4,0,0,0,0,0,0,4,7,5.5,0.4194
P118,1000,2020-2021,1,RP_MACHINE_01:1,0,0,0,0,0,0,1,0,0.5,0.0
P860,1000,2020-2021,3,RP_SLIP_TERRAIN:3,0,0,0,0,0,0,0,3,1.5,0.1461
P488,1000,2020-2021,5,RP_SLIP_TERRAIN:4;RP_MACHINE_01:1,0,0,0,0,0,0,1,4,2.5,0.2423
P221,1000,2020-2021,2,RP_FALL_CLIFF:1;RP_SLIP_TERRAIN:1,0,0,0,1,0,0,0,1,1.0,0.0823
P243,1000,2020-2021,6,RP_MACHINE_01:3;RP_SLIP_TERRAIN:3,0,0,0,0,0,0,3,3,3.0,0.2805
P196,1000,2020-2021,13,RP_SLIP_TERRAIN:8;RP_DROWN_01:3;RP_FALL_CLIFF:1;RP_MACHINE_01:1,0,0,3,1,0,0,1,8,6.5,0.4603
P972,1000,2020-2021,7,RP_MACHINE_01:3;RP_SLIP_TERRAIN:2;RP_DROWN_01:1;RP_HEAT_02:1,0,0,1,0,0,1,3,2,3.5,0.3142
P775,1000,2020-2021,3,RP_SLIP_TERRAIN:3,0,0,0,0,0,0,0,3,1.5,0.1461
P328,1000,2020-2021,5,RP_SLIP_TERRAIN:4;RP_MACHINE_01:1,0,0,0,0,0,0,1,4,2.5,0.2423
P894,1000,2020-2021,8,RP_SLIP_TERRAIN:6;RP_ANIMAL_01:1;RP_DROWN_01:1,1,0,1,0,0,0,0,6,4.0,0.3443
P519,1000,2020-2021,2,RP_ANIMAL_01:1;RP_SLIP_TERRAIN:1,1,0,0,0,0,0,0,1,1.0,0.0823
P719,1000,2020-2021,1,RP_SLIP_TERRAIN:1,0,0,0,0,0,0,0,1,0.5,0.0
P031,1000,2020-2021,5,RP_SLIP_TERRAIN:4;RP_MACHINE_01:1,0,0,0,0,0,0,1,4,2.5,0.2423
P218,1000,2020-2021,10,RP_SLIP_TERRAIN:6;RP_FALL_CLIFF:2;RP_ANIMAL_01:1;RP_MACHINE_01:1,1,0,0,2,0,0,1,6,5.0,0.3965
P394,1000,2020-2021,4,RP_SLIP_TERRAIN:2;RP_MACHINE_01:1;RP_FALL_CLIFF:1,0,0,0,1,0,0,1,2,2.0,0.1982
P882,1000,2020-2021,5,RP_SLIP_TERRAIN:3;RP_ANIMAL_01:1;RP_FALL_CLIFF:1,1,0,0,1,0,0,0,3,2.5,0.2423
P423,1000,2020-2021,6,RP_SLIP_TERRAIN:5;RP_MACHINE_01:1,0,0,0,0,0,0,1,5,3.0,0.2805
P251,1000,2020-2021,29,RP_SLIP_TERRAIN:24;RP_HEAT_02:2;RP_ANIMAL_01:1;RP_FALL_CLIFF:1;RP_MACHINE_01:1,1,0,0,1,0,2,1,24,14.5,0.6679
P041,1000,2020-2021,4,RP_MACHINE_01:2;RP_SLIP_TERRAIN:2,0,0,0,0,0,0,2,2,2.0,0.1982
P141,1000,2020-2021,1,RP_MACHINE_01:1,0,0,0,0,0,0,1,0,0.5,0.0
P495,1000,2020-2021,12,RP_FALL_CLIFF:5;RP_SLIP_TERRAIN:5;RP_ANIMAL_01:1;RP_DROWN_01:1,1,0,1,5,0,0,0,5,6.0,0.4406
P219,1000,2020-2021,20,RP_SLIP_TERRAIN:16;RP_FALL_CLIFF:3;RP_ANIMAL_01:1,1,0,0,3,0,0,0,16,10.0,0.5698
P706,1000,2020-2021,7,RP_MACHINE_01:3;RP_SLIP_TERRAIN:3;RP_DROWN_01:1,0,0,1,0,0,0,3,3,3.5,0.3142
P732,1000,2020-2021,8,RP_SLIP_TERRAIN:4;RP_FALL_CLIFF:2;RP_MACHINE_01:2,0,0,0,2,0,0,2,4,4.0,0.3443
P123,1000,2020-2021,5,RP_MACHINE_01:3;RP_SLIP_TERRAIN:2,0,0,0,0,0,0,3,2,2.5,0.2423
P771,1000,2020-2021,4,RP_ANIMAL_01:2;RP_MACHINE_01:1;RP_SLIP_TERRAIN:1,2,0,0,0,0,0,1,1,2.0,0.1982
P898,1000,2020-2021,10,RP_SLIP_TERRAIN:6;RP_MACHINE_01:2;RP_ANIMAL_01:2,2,0,0,0,0,0,2,6,5.0,0.3965
P934,1000,2020-2021,3,RP_SLIP_TERRAIN:2;RP_MACHINE_01:1,0,0,0,0,0,0,1,2,1.5,0.1461
P736,1000,2020-2021,4,RP_SLIP_TERRAIN:2;RP_HEAT_02:1;RP_MACHINE_01:1,0,0,0,0,0,1,1,2,2.0,0.1982
P623,1000,2020-2021,5,RP_MACHINE_01:3;RP_ANIMAL_01:1;RP_HEAT_02:1,1,0,0,0,0,1,3,0,2.5,0.2423
P951,1000,2020-2021,10,RP_SLIP_TERRAIN:5;RP_MACHINE_01:4;RP_FALL_CLIFF:1,0,0,0,1,0,0,4,5,5.0,0.3965
P624,1000,2020-2021,3,RP_MACHINE_01:2;RP_FALL_CLIFF:1,0,0,0,1,0,0,2,0,1.5,0.1461
P057,1000,2020-2021,5,RP_SLIP_TERRAIN:3;RP_MACHINE_01:2,0,0,0,0,0,0,2,3,2.5,0.2423
P211,1000,2020-2021,2,RP_FALL_CLIFF:1;RP_SLIP_TERRAIN:1,0,0,0,1,0,0,0,1,1.0,0.0823
P713,1000,2020-2021,1,RP_SLIP_TERRAIN:1,0,0,0,0,0,0,0,1,0.5,0.0
P870,1000,2020-2021,1,RP_SLIP_TERRAIN:1,0,0,0,0,0,0,0,1,0.5,0.0
P853,1000,2020-2021,5,RP_DROWN_01:2;RP_SLIP_TERRAIN:2;RP_HEAT_02:1,0,0,2,0,0,1,0,2,2.5,0.2423
P740,1000,2020-2021,1,RP_SLIP_TERRAIN:1,0,0,0,0,0,0,0,1,0.5,0.0
P278,1000,2020-2021,4,RP_SLIP_TERRAIN:2;RP_HEAT_02:1;RP_ANIMAL_01:1,1,0,0,0,0,1,0,2,2.0,0.1982
P332,1000,2020-2021,8,RP_SLIP_TERRAIN:5;RP_MACHINE_01:2;RP_FALL_CLIFF:1,0,0,0,1,0,0,2,5,4.0,0.3443
P426,1000,2020-2021,3,RP_SLIP_TERRAIN:2;RP_FALL_CLIFF:1,0,0,0,1,0,0,0,2,1.5,0.1461
P346,1000,2020-2021,6,RP_SLIP_TERRAIN:5;RP_MACHINE_01:1,0,0,0,0,0,0,1,5,3.0,0.2805
P121,1000,2020-2021,3,RP_SLIP_TERRAIN:3,0,0,0,0,0,0,0,3,1.5,0.1461
P063,1000,2020-2021,5,RP_SLIP_TERRAIN:4;RP_MACHINE_01:1,0,0,0,0,0,0,1,4,2.5,0.2423
P714,1000,2020-2021,4,RP_SLIP_TERRAIN:3;RP_MACHINE_01:1,0,0,0,0,0,0,1,3,2.0,0.1982
P180,1000,2020-2021,2,RP_SLIP_TERRAIN:1;RP_FALL_CLIFF:1,0,0,0,1,0,0,0,1,1.0,0.0823
P579,1000,2020-2021,3,RP_SLIP_TERRAIN:2;RP_ANIMAL_01:1,1,0,0,0,0,0,0,2,1.5,0.1461
P389,1000,2020-2021,7,RP_SLIP_TERRAIN:6;RP_DROWN_01:1,0,0,1,0,0,0,0,6,3.5,0.3142
P334,1000,2020-2021,10,RP_SLIP_TERRAIN:8;RP_FALL_CLIFF:1;RP_MACHINE_01:1,0,0,0,1,0,0,1,8,5.0,0.3965
P570,1000,2020-2021,2,RP_SLIP_TERRAIN:2,0,0,0,0,0,0,0,2,1.0,0.0823
P835,1000,2020-2021,6,RP_FALL_CLIFF:2;RP_MACHINE_01:2;RP_SLIP_TERRAIN:2,0,0,0,2,0,0,2,2,3.0,0.2805
P424,1000,2020-2021,1,RP_MACHINE_01:1,0,0,0,0,0,0,1,0,0.5,0.0
P728,1000,2020-2021,2,RP_SLIP_TERRAIN:2,0,0,0,0,0,0,0,2,1.0,0.0823
P362,1000,2020-2021,5,RP_SLIP_TERRAIN:4;RP_MACHINE_01:1,0,0,0,0,0,0,1,4,2.5,0.2423
P315,1000,2020-2021,1,RP_ANIMAL_01:1,1,0,0,0,0,0,0,0,0.5,0.0
P255,1000,2020-2021,2,RP_SLIP_TERRAIN:2,0,0,0,0,0,0,0,2,1.0,0.0823
P1015,1000,2020-2021,3,RP_MACHINE_01:1;RP_SLIP_TERRAIN:1;RP_FALL_CLIFF:1,0,0,0,1,0,0,1,1,1.5,0.1461
P392,1000,2020-2021,8,RP_SLIP_TERRAIN:5;RP_DROWN_01:2;RP_MACHINE_01:1,0,0,2,0,0,0,1,5,4.0,0.3443
P108,1000,2020-2021,5,RP_SLIP_TERRAIN:5,0,0,0,0,0,0,0,5,2.5,0.2423
P508,1000,2020-2021,4,RP_MACHINE_01:2;RP_SLIP_TERRAIN:1;RP_FALL_CLIFF:1,0,0,0,1,0,0,2,1,2.0,0.1982
P021,1000,2020-2021,1,RP_SLIP_TERRAIN:1,0,0,0,0,0,0,0,1,0.5,0.0
P099,1000,2020-2021,5,RP_SLIP_TERRAIN:3;RP_MACHINE_01:2,0,0,0,0,0,0,2,3,2.5,0.2423
P544,1000,2020-2021,3,RP_FALL_CLIFF:1;RP_MACHINE_01:1;RP_SLIP_TERRAIN:1,0,0,0,1,0,0,1,1,1.5,0.1461
P274,1000,2020-2021,1,RP_ANIMAL_01:1,1,0,0,0,0,0,0,0,0.5,0.0
P169,1000,2020-2021,10,RP_SLIP_TERRAIN:5;RP_FALL_CLIFF:2;RP_MACHINE_01:2;RP_DROWN_01:1,0,0,1,2,0,0,2,5,5.0,0.3965
P156,1000,2020-2021,9,RP_SLIP_TERRAIN:5;RP_MACHINE_01:3;RP_CO_01:1,0,1,0,0,0,0,3,5,4.5,0.3716
P569,1000,2020-2021,4,RP_SLIP_TERRAIN:3;RP_MACHINE_01:1,0,0,0,0,0,0,1,3,2.0,0.1982
P658,1000,2020-2021,1,RP_SLIP_TERRAIN:1,0,0,0,0,0,0,0,1,0.5,0.0
P246,1000,2020-2021,2,RP_DROWN_01:1;RP_SLIP_TERRAIN:1,0,0,1,0,0,0,0,1,1.0,0.0823
P908,1000,2020-2021,4,RP_SLIP_TERRAIN:2;RP_ANIMAL_01:1;RP_MACHINE_01:1,1,0,0,0,0,0,1,2,2.0,0.1982
P876,1000,2020-2021,6,RP_SLIP_TERRAIN:4;RP_MACHINE_01:2,0,0,0,0,0,0,2,4,3.0,0.2805
P992,1000,2020-2021,3,RP_SLIP_TERRAIN:2;RP_DROWN_01:1,0,0,1,0,0,0,0,2,1.5,0.1461
P655,1000,2020-2021,5,RP_SLIP_TERRAIN:3;RP_FALL_CLIFF:2,0,0,0,2,0,0,0,3,2.5,0.2423
P388,1000,2020-2021,25,RP_SLIP_TERRAIN:14;RP_MACHINE_01:5;RP_FALL_CLIFF:4;RP_ANIMAL_01:2,2,0,0,4,0,0,5,14,12.5,0.6284
P833,1000,2020-2021,1,RP_SLIP_TERRAIN:1,0,0,0,0,0,0,0,1,0.5,0.0
P726,1000,2020-2021,1,RP_FALL_CLIFF:1,0,0,0,1,0,0,0,0,0.5,0.0
P653,1000,2020-2021,3,RP_ANIMAL_01:1;RP_SLIP_TERRAIN:1;RP_HEAT_02:1,1,0,0,0,0,1,0,1,1.5,0.1461
P073,1000,2020-2021,2,RP_MACHINE_01:1;RP_ANIMAL_01:1,1,0,0,0,0,0,1,0,1.0,0.0823
P930,1000,2020-2021,13,RP_SLIP_TERRAIN:6;RP_MACHINE_01:3;RP_ANIMAL_01:2;RP_FALL_CLIFF:2,2,0,0,2,0,0,3,6,6.5,0.4603
P351,1000,2020-2021,3,RP_SLIP_TERRAIN:3,0,0,0,0,0,0,0,3,1.5,0.1461
P718,1000,2020-2021,2,RP_ANIMAL_01:1;RP_MACHINE_01:1,1,0,0,0,0,0,1,0,1.0,0.0823
P349,1000,2020-2021,4,RP_SLIP_TERRAIN:3;RP_MACHINE_01:1,0,0,0,0,0,0,1,3,2.0,0.1982
P431,1000,2020-2021,1,RP_SLIP_TERRAIN:1,0,0,0,0,0,0,0,1,0.5,0.0
P928,1000,2020-2021,5,RP_SLIP_TERRAIN:3;RP_ANIMAL_01:1;RP_MACHINE_01:1,1,0,0,0,0,0,1,3,2.5,0.2423
P017,1000,2020-2021,7,RP_SLIP_TERRAIN:6;RP_MACHINE_01:1,0,0,0,0,0,0,1,6,3.5,0.3142
P245,1000,2020-2021,7,RP_SLIP_TERRAIN:3;RP_MACHINE_01:2;RP_FALL_CLIFF:2,0,0,0,2,0,0,2,3,3.5,0.3142
P100,1000,2020-2021,1,RP_SLIP_TERRAIN:1,0,0,0,0,0,0,0,1,0.5,0.0
P056,1000,2020-2021,6,RP_SLIP_TERRAIN:3;RP_DROWN_01:1;RP_FALL_CLIFF:1;RP_MACHINE_01:1,0,0,1,1,0,0,1,3,3.0,0.2805
P576,1000,2020-2021,3,RP_SLIP_TERRAIN:3,0,0,0,0,0,0,0,3,1.5,0.1461
P931,1000,2020-2021,1,RP_SLIP_TERRAIN:1,0,0,0,0,0,0,0,1,0.5,0.0
P310,1000,2020-2021,10,RP_SLIP_TERRAIN:9;RP_FALL_CLIFF:1,0,0,0,1,0,0,0,9,5.0,0.3965
P766,1000,2020-2021,2,RP_SLIP_TERRAIN:2,0,0,0,0,0,0,0,2,1.0,0.0823
P300,1000,2020-2021,4,RP_MACHINE_01:2;RP_SLIP_TERRAIN:2,0,0,0,0,0,0,2,2,2.0,0.1982
P235,1000,2020-2021,5,RP_MACHINE_01:3;RP_SLIP_TERRAIN:2,0,0,0,0,0,0,3,2,2.5,0.2423
P643,1000,2020-2021,4,RP_SLIP_TERRAIN:3;RP_MACHINE_01:1,0,0,0,0,0,0,1,3,2.0,0.1982
P065,1000,2020-2021,5,RP_SLIP_TERRAIN:3;RP_DROWN_01:1;RP_MACHINE_01:1,0,0,1,0,0,0,1,3,2.5,0.2423
P286,1000,2020-2021,2,RP_SLIP_TERRAIN:2,0,0,0,0,0,0,0,2,1.0,0.0823
P502,1000,2020-2021,2,RP_SLIP_TERRAIN:2,0,0,0,0,0,0,0,2,1.0,0.0823
P369,1000,2020-2021,3,RP_SLIP_TERRAIN:2;RP_MACHINE_01:1,0,0,0,0,0,0,1,2,1.5,0.1461
P231,1000,2020-2021,16,RP_SLIP_TERRAIN:10;RP_MACHINE_01:4;RP_FALL_CLIFF:2,0,0,0,2,0,0,4,10,8.0,0.5124
P414,1000,2020-2021,16,RP_SLIP_TERRAIN:15;RP_HEAT_02:1,0,0,0,0,0,1,0,15,8.0,0.5124
P153,1000,2020-2021,6,RP_SLIP_TERRAIN:4;RP_DROWN_01:1;RP_FALL_CLIFF:1,0,0,1,1,0,0,0,4,3.0,0.2805
P510,1000,2020-2021,3,RP_MACHINE_01:2;RP_ANIMAL_01:1,1,0,0,0,0,0,2,0,1.5,0.1461
P473,1000,2020-2021,6,RP_SLIP_TERRAIN:3;RP_ANIMAL_01:1;RP_FALL_CLIFF:1;RP_MACHINE_01:1,1,0,0,1,0,0,1,3,3.0,0.2805
P584,1000,2020-2021,1,RP_FALL_CLIFF:1,0,0,0,1,0,0,0,0,0.5,0.0
P289,1000,2020-2021,2,RP_SLIP_TERRAIN:2,0,0,0,0,0,0,0,2,1.0,0.0823
P252,1000,2020-2021,11,RP_SLIP_TERRAIN:6;RP_ANIMAL_01:3;RP_FALL_CLIFF:1;RP_HEAT_02:1,3,0,0,1,0,1,0,6,5.5,0.4194
P280,1000,2020-2021,4,RP_SLIP_TERRAIN:4,0,0,0,0,0,0,0,4,2.0,0.1982
P089,1000,2020-2021,3,RP_SLIP_TERRAIN:2;RP_FALL_CLIFF:1,0,0,0,1,0,0,0,2,1.5,0.1461
P270,1000,2020-2021,14,RP_SLIP_TERRAIN:9;RP_MACHINE_01:3;RP_ANIMAL_01:1;RP_FALL_CLIFF:1,1,0,0,1,0,0,3,9,7.0,0.4788
P448,1000,2020-2021,4,RP_SLIP_TERRAIN:2;RP_ANIMAL_01:1;RP_CO_01:1,1,1,0,0,0,0,0,2,2.0,0.1982
P578,1000,2020-2021,2,RP_FALL_CLIFF:1;RP_MACHINE_01:1,0,0,0,1,0,0,1,0,1.0,0.0823
P433,1000,2020-2021,3,RP_ANIMAL_01:1;RP_SLIP_TERRAIN:1;RP_MACHINE_01:1,1,0,0,0,0,0,1,1,1.5,0.1461
P813,1000,2020-2021,1,RP_MACHINE_01:1,0,0,0,0,0,0,1,0,0.5,0.0
P1016,1000,2020-2021,4,RP_FALL_CLIFF:2;RP_SLIP_TERRAIN:2,0,0,0,2,0,0,0,2,2.0,0.1982
P012,1000,2020-2021,4,RP_SLIP_TERRAIN:2;RP_MACHINE_01:1;RP_ANIMAL_01:1,1,0,0,0,0,0,1,2,2.0,0.1982
P927,1000,2020-2021,9,RP_SLIP_TERRAIN:8;RP_FALL_CLIFF:1,0,0,0,1,0,0,0,8,4.5,0.3716
P763,1000,2020-2021,4,RP_SLIP_TERRAIN:3;RP_MACHINE_01:1,0,0,0,0,0,0,1,3,2.0,0.1982
P333,1000,2020-2021,15,RP_SLIP_TERRAIN:7;RP_ANIMAL_01:3;RP_FALL_CLIFF:2;RP_MACHINE_01:2;RP_DROWN_01:1,3,0,1,2,0,0,2,7,7.5,0.4961
P282,1000,2020-2021,9,RP_SLIP_TERRAIN:8;RP_ANIMAL_01:1,1,0,0,0,0,0,0,8,4.5,0.3716
P497,1000,2020-2021,2,RP_ANIMAL_01:1;RP_MACHINE_01:1,1,0,0,0,0,0,1,0,1.0,0.0823
P393,1000,2020-2021,1,RP_SLIP_TERRAIN:1,0,0,0,0,0,0,0,1,0.5,0.0
P937,1000,2020-2021,4,RP_CO_01:3;RP_MACHINE_01:1,0,3,0,0,0,0,1,0,2.0,0.1982
P327,1000,2020-2021,4,RP_SLIP_TERRAIN:4,0,0,0,0,0,0,0,4,2.0,0.1982
P929,1000,2020-2021,6,RP_SLIP_TERRAIN:5;RP_ANIMAL_01:1,1,0,0,0,0,0,0,5,3.0,0.2805
P553,1000,2020-2021,2,RP_FALL_CLIFF:1;RP_MACHINE_01:1,0,0,0,1,0,0,1,0,1.0,0.0823
P020,1000,2020-2021,12,RP_SLIP_TERRAIN:9;RP_MACHINE_01:2;RP_DROWN_01:1,0,0,1,0,0,0,2,9,6.0,0.4406
P767,1000,2020-2021,6,RP_SLIP_TERRAIN:3;RP_FALL_CLIFF:2;RP_MACHINE_01:1,0,0,0,2,0,0,1,3,3.0,0.2805
P881,1000,2020-2021,2,RP_SLIP_TERRAIN:2,0,0,0,0,0,0,0,2,1.0,0.0823
P161,1000,2020-2021,12,RP_SLIP_TERRAIN:8;RP_MACHINE_01:2;RP_ANIMAL_01:1;RP_FALL_CLIFF:1,1,0,0,1,0,0,2,8,6.0,0.4406
P1024,1000,2020-2021,1,RP_SLIP_TERRAIN:1,0,0,0,0,0,0,0,1,0.5,0.0
P529,1000,2020-2021,4,RP_SLIP_TERRAIN:2;RP_MACHINE_01:1;RP_HEAT_02:1,0,0,0,0,0,1,1,2,2.0,0.1982
P503,1000,2020-2021,2,RP_MACHINE_01:1;RP_SLIP_TERRAIN:1,0,0,0,0,0,0,1,1,1.0,0.0823
P262,1000,2020-2021,2,RP_SLIP_TERRAIN:2,0,0,0,0,0,0,0,2,1.0,0.0823
P212,1000,2020-2021,3,RP_MACHINE_01:2;RP_DROWN_01:1,0,0,1,0,0,0,2,0,1.5,0.1461
P536,1000,2020-2021,4,RP_SLIP_TERRAIN:3;RP_FALL_CLIFF:1,0,0,0,1,0,0,0,3,2.0,0.1982
P672,1000,2020-2021,2,RP_ANIMAL_01:1;RP_SLIP_TERRAIN:1,1,0,0,0,0,0,0,1,1.0,0.0823
P261,1000,2020-2021,5,RP_SLIP_TERRAIN:5,0,0,0,0,0,0,0,5,2.5,0.2423
P014,1000,2020-2021,14,RP_SLIP_TERRAIN:10;RP_MACHINE_01:3;RP_FALL_CLIFF:1,0,0,0,1,0,0,3,10,7.0,0.4788
P406,1000,2020-2021,7,RP_MACHINE_01:3;RP_ANIMAL_01:2;RP_SLIP_TERRAIN:2,2,0,0,0,0,0,3,2,3.5,0.3142
P819,1000,2020-2021,3,RP_ANIMAL_01:1;RP_FALL_CLIFF:1;RP_SLIP_TERRAIN:1,1,0,0,1,0,0,0,1,1.5,0.1461
P696,1000,2020-2021,3,RP_SLIP_TERRAIN:2;RP_FALL_CLIFF:1,0,0,0,1,0,0,0,2,1.5,0.1461
P697,1000,2020-2021,4,RP_SLIP_TERRAIN:3;RP_MACHINE_01:1,0,0,0,0,0,0,1,3,2.0,0.1982
P1020,1000,2020-2021,20,RP_SLIP_TERRAIN:12;RP_MACHINE_01:5;RP_DROWN_01:2;RP_ANIMAL_01:1,1,0,2,0,0,0,5,12,10.0,0.5698
P493,1000,2020-2021,3,RP_SLIP_TERRAIN:2;RP_ANIMAL_01:1,1,0,0,0,0,0,0,2,1.5,0.1461
P374,1000,2020-2021,5,RP_ANIMAL_01:2;RP_SLIP_TERRAIN:2;RP_MACHINE_01:1,2,0,0,0,0,0,1,2,2.5,0.2423
P400,1000,2020-2021,7,RP_SLIP_TERRAIN:4;RP_DROWN_01:2;RP_FALL_CLIFF:1,0,0,2,1,0,0,0,4,3.5,0.3142
P991,1000,2020-2021,2,RP_SLIP_TERRAIN:2,0,0,0,0,0,0,0,2,1.0,0.0823
P154,1000,2020-2021,2,RP_SLIP_TERRAIN:1;RP_ANIMAL_01:1,1,0,0,0,0,0,0,1,1.0,0.0823
P376,1000,2020-2021,2,RP_ANIMAL_01:1;RP_SLIP_TERRAIN:1,1,0,0,0,0,0,0,1,1.0,0.0823
P522,1000,2020-2021,4,RP_SLIP_TERRAIN:4,0,0,0,0,0,0,0,4,2.0,0.1982
P952,1000,2020-2021,20,RP_SLIP_TERRAIN:18;RP_FALL_CLIFF:2,0,0,0,2,0,0,0,18,10.0,0.5698
P521,1000,2020-2021,4,RP_SLIP_TERRAIN:2;RP_MACHINE_01:2,0,0,0,0,0,0,2,2,2.0,0.1982
P223,1000,2020-2021,1,RP_ANIMAL_01:1,1,0,0,0,0,0,0,0,0.5,0.0
P755,1000,2020-2021,1,RP_MACHINE_01:1,0,0,0,0,0,0,1,0,0.5,0.0
P069,1000,2020-2021,3,RP_SLIP_TERRAIN:2;RP_MACHINE_01:1,0,0,0,0,0,0,1,2,1.5,0.1461
P638,1000,2020-2021,1,RP_FALL_CLIFF:1,0,0,0,1,0,0,0,0,0.5,0.0
P589,1000,2020-2021,3,RP_SLIP_TERRAIN:3,0,0,0,0,0,0,0,3,1.5,0.1461
P306,1000,2020-2021,3,RP_SLIP_TERRAIN:3,0,0,0,0,0,0,0,3,1.5,0.1461
P838,1000,2020-2021,10,RP_SLIP_TERRAIN:9;RP_ANIMAL_01:1,1,0,0,0,0,0,0,9,5.0,0.3965
P865,1000,2020-2021,1,RP_MACHINE_01:1,0,0,0,0,0,0,1,0,0.5,0.0
P034,1000,2020-2021,8,RP_SLIP_TERRAIN:6;RP_MACHINE_01:2,0,0,0,0,0,0,2,6,4.0,0.3443
P490,1000,2020-2021,7,RP_SLIP_TERRAIN:5;RP_ANIMAL_01:2,2,0,0,0,0,0,0,5,3.5,0.3142
P990,1000,2020-2021,2,RP_MACHINE_01:1;RP_SLIP_TERRAIN:1,0,0,0,0,0,0,1,1,1.0,0.0823
P662,1000,2020-2021,1,RP_SLIP_TERRAIN:1,0,0,0,0,0,0,0,1,0.5,0.0
P574,1000,2020-2021,3,RP_SLIP_TERRAIN:2;RP_CO_01:1,0,1,0,0,0,0,0,2,1.5,0.1461
P467,1000,2020-2021,7,RP_SLIP_TERRAIN:5;RP_FALL_CLIFF:1;RP_MACHINE_01:1,0,0,0,1,0,0,1,5,3.5,0.3142
P828,1000,2020-2021,5,RP_ANIMAL_01:2;RP_SLIP_TERRAIN:2;RP_MACHINE_01:1,2,0,0,0,0,0,1,2,2.5,0.2423
P647,1000,2020-2021,1,RP_SLIP_TERRAIN:1,0,0,0,0,0,0,0,1,0.5,0.0
P789,1000,2020-2021,1,RP_SLIP_TERRAIN:1,0,0,0,0,0,0,0,1,0.5,0.0
P808,1000,2020-2021,3,RP_SLIP_TERRAIN:2;RP_MACHINE_01:1,0,0,0,0,0,0,1,2,1.5,0.1461
P669,1000,2020-2021,1,RP_MACHINE_01:1,0,0,0,0,0,0,1,0,0.5,0.0
P112,1000,2020-2021,6,RP_SLIP_TERRAIN:6,0,0,0,0,0,0,0,6,3.0,0.2805
P450,1000,2020-2021,1,RP_SLIP_TERRAIN:1,0,0,0,0,0,0,0,1,0.5,0.0
P354,1000,2020-2021,9,RP_SLIP_TERRAIN:4;RP_MACHINE_01:3;RP_DROWN_01:1;RP_FALL_CLIFF:1,0,0,1,1,0,0,3,4,4.5,0.3716
P796,1000,2020-2021,2,RP_SLIP_TERRAIN:2,0,0,0,0,0,0,0,2,1.0,0.0823
P902,1000,2020-2021,2,RP_SLIP_TERRAIN:2,0,0,0,0,0,0,0,2,1.0,0.0823
P074,1000,2020-2021,2,RP_SLIP_TERRAIN:2,0,0,0,0,0,0,0,2,1.0,0.0823
P053,1000,2020-2021,19,RP_SLIP_TERRAIN:13;RP_MACHINE_01:2;RP_DROWN_01:1;RP_FALL_CLIFF:1;RP_HEAT_02:1;RP_ANIMAL_01:1,1,0,1,1,0,1,2,13,9.5,0.5565
P309,1000,2020-2021,13,RP_SLIP_TERRAIN:12;RP_ANIMAL_01:1,1,0,0,0,0,0,0,12,6.5,0.4603
P959,1000,2020-2021,1,RP_SLIP_TERRAIN:1,0,0,0,0,0,0,0,1,0.5,0.0
P542,1000,2020-2021,4,RP_SLIP_TERRAIN:2;RP_DROWN_01:1;RP_MACHINE_01:1,0,0,1,0,0,0,1,2,2.0,0.1982
P010,1000,2020-2021,6,RP_SLIP_TERRAIN:6,0,0,0,0,0,0,0,6,3.0,0.2805
P856,1000,2020-2021,2,RP_ANIMAL_01:2,2,0,0,0,0,0,0,0,1.0,0.0823
P377,1000,2020-2021,3,RP_SLIP_TERRAIN:2;RP_FALL_CLIFF:1,0,0,0,1,0,0,0,2,1.5,0.1461
P982,1000,2020-2021,2,RP_FALL_CLIFF:1;RP_MACHINE_01:1,0,0,0,1,0,0,1,0,1.0,0.0823
P551,1000,2020-2021,6,RP_SLIP_TERRAIN:4;RP_FALL_CLIFF:2,0,0,0,2,0,0,0,4,3.0,0.2805
P451,1000,2020-2021,2,RP_MACHINE_01:1;RP_SLIP_TERRAIN:1,0,0,0,0,0,0,1,1,1.0,0.0823
P144,1000,2020-2021,19,RP_SLIP_TERRAIN:13;RP_MACHINE_01:4;RP_DROWN_01:1;RP_HEAT_02:1,0,0,1,0,0,1,4,13,9.5,0.5565
P1018,1000,2020-2021,5,RP_SLIP_TERRAIN:4;RP_MACHINE_01:1,0,0,0,0,0,0,1,4,2.5,0.2423
P756,1000,2020-2021,4,RP_SLIP_TERRAIN:4,0,0,0,0,0,0,0,4,2.0,0.1982
P1012,1000,2020-2021,2,RP_SLIP_TERRAIN:2,0,0,0,0,0,0,0,2,1.0,0.0823
P384,1000,2020-2021,2,RP_HEAT_02:1;RP_MACHINE_01:1,0,0,0,0,0,1,1,0,1.0,0.0823
P840,1000,2020-2021,2,RP_SLIP_TERRAIN:2,0,0,0,0,0,0,0,2,1.0,0.0823
P567,1000,2020-2021,2,RP_SLIP_TERRAIN:2,0,0,0,0,0,0,0,2,1.0,0.0823
P659,1000,2020-2021,1,RP_FALL_CLIFF:1,0,0,0,1,0,0,0,0,0.5,0.0
P094,1000,2020-2021,1,RP_DROWN_01:1,0,0,1,0,0,0,0,0,0.5,0.0
P165,1000,2020-2021,58,RP_SLIP_TERRAIN:41;RP_MACHINE_01:10;RP_HEAT_02:3;RP_DROWN_01:2;RP_FALL_CLIFF:2,0,0,2,2,0,3,10,41,29.0,0.8568
P269,1000,2020-2021,6,RP_SLIP_TERRAIN:5;RP_DROWN_01:1,0,0,1,0,0,0,0,5,3.0,0.2805
P312,1000,2020-2021,5,RP_SLIP_TERRAIN:3;RP_ANIMAL_01:1;RP_CO_01:1,1,1,0,0,0,0,0,3,2.5,0.2423
P427,1000,2020-2021,1,RP_SLIP_TERRAIN:1,0,0,0,0,0,0,0,1,0.5,0.0
P712,1000,2020-2021,5,RP_MACHINE_01:2;RP_SLIP_TERRAIN:2;RP_FALL_CLIFF:1,0,0,0,1,0,0,2,2,2.5,0.2423
P387,1000,2020-2021,3,RP_SLIP_TERRAIN:2;RP_ANIMAL_01:1,1,0,0,0,0,0,0,2,1.5,0.1461
P566,1000,2020-2021,3,RP_SLIP_TERRAIN:2;RP_MACHINE_01:1,0,0,0,0,0,0,1,2,1.5,0.1461
P322,1000,2020-2021,1,RP_FALL_CLIFF:1,0,0,0,1,0,0,0,0,0.5,0.0
P681,1000,2020-2021,7,RP_SLIP_TERRAIN:4;RP_MACHINE_01:3,0,0,0,0,0,0,3,4,3.5,0.3142
P995,1000,2020-2021,3,RP_SLIP_TERRAIN:2;RP_MACHINE_01:1,0,0,0,0,0,0,1,2,1.5,0.1461
P704,1000,2020-2021,4,RP_SLIP_TERRAIN:4,0,0,0,0,0,0,0,4,2.0,0.1982
P124,1000,2020-2021,22,RP_SLIP_TERRAIN:18;RP_MACHINE_01:2;RP_FALL_CLIFF:1;RP_ANIMAL_01:1,1,0,0,1,0,0,2,18,11.0,0.5947
P823,1000,2020-2021,1,RP_SLIP_TERRAIN:1,0,0,0,0,0,0,0,1,0.5,0.0
P101,1000,2020-2021,4,RP_ANIMAL_01:2;RP_SLIP_TERRAIN:2,2,0,0,0,0,0,0,2,2.0,0.1982
P239,1000,2020-2021,1,RP_SLIP_TERRAIN:1,0,0,0,0,0,0,0,1,0.5,0.0
P971,1000,2020-2021,10,RP_SLIP_TERRAIN:6;RP_MACHINE_01:2;RP_FALL_CLIFF:2,0,0,0,2,0,0,2,6,5.0,0.3965
P759,1000,2020-2021,2,RP_FALL_CLIFF:1;RP_SLIP_TERRAIN:1,0,0,0,1,0,0,0,1,1.0,0.0823
P760,1000,2020-2021,2,RP_SLIP_TERRAIN:2,0,0,0,0,0,0,0,2,1.0,0.0823
P461,1000,2020-2021,1,RP_SLIP_TERRAIN:1,0,0,0,0,0,0,0,1,0.5,0.0
P679,1000,2020-2021,2,RP_ANIMAL_01:1;RP_FALL_CLIFF:1,1,0,0,1,0,0,0,0,1.0,0.0823
P797,1000,2020-2021,2,RP_SLIP_TERRAIN:2,0,0,0,0,0,0,0,2,1.0,0.0823
P862,1000,2020-2021,1,RP_SLIP_TERRAIN:1,0,0,0,0,0,0,0,1,0.5,0.0
P254,1000,2020-2021,8,RP_SLIP_TERRAIN:7;RP_FALL_CLIFF:1,0,0,0,1,0,0,0,7,4.0,0.3443
P540,1000,2020-2021,1,RP_SLIP_TERRAIN:1,0,0,0,0,0,0,0,1,0.5,0.0
P352,1000,2020-2021,1,RP_SLIP_TERRAIN:1,0,0,0,0,0,0,0,1,0.5,0.0
P061,1000,2020-2021,1,RP_SLIP_TERRAIN:1,0,0,0,0,0,0,0,1,0.5,0.0
P267,1000,2020-2021,1,RP_SLIP_TERRAIN:1,0,0,0,0,0,0,0,1,0.5,0.0
P030,1000,2020-2021,3,RP_SLIP_TERRAIN:1;RP_HEAT_02:1;RP_ANIMAL_01:1,1,0,0,0,0,1,0,1,1.5,0.1461
P923,1000,2020-2021,2,RP_SLIP_TERRAIN:1;RP_DROWN_01:1,0,0,1,0,0,0,0,1,1.0,0.0823
P430,1000,2020-2021,4,RP_SLIP_TERRAIN:2;RP_MACHINE_01:1;RP_FALL_CLIFF:1,0,0,0,1,0,0,1,2,2.0,0.1982
P892,1000,2020-2021,3,RP_SLIP_TERRAIN:2;RP_MACHINE_01:1,0,0,0,0,0,0,1,2,1.5,0.1461
P976,1000,2020-2021,4,RP_SLIP_TERRAIN:3;RP_DROWN_01:1,0,0,1,0,0,0,0,3,2.0,0.1982
P105,1000,2020-2021,1,RP_MACHINE_01:1,0,0,0,0,0,0,1,0,0.5,0.0
P730,1000,2020-2021,17,RP_SLIP_TERRAIN:9;RP_ANIMAL_01:3;RP_FIRE_01:2;RP_MACHINE_01:2;RP_CO_01:1,3,1,0,0,2,0,2,9,8.5,0.5279
P560,1000,2020-2021,4,RP_MACHINE_01:2;RP_FALL_CLIFF:1;RP_SLIP_TERRAIN:1,0,0,0,1,0,0,2,1,2.0,0.1982
P649,1000,2020-2021,1,RP_SLIP_TERRAIN:1,0,0,0,0,0,0,0,1,0.5,0.0
P846,1000,2020-2021,17,RP_SLIP_TERRAIN:12;RP_MACHINE_01:3;RP_HEAT_02:1;RP_ANIMAL_01:1,1,0,0,0,0,1,3,12,8.5,0.5279
P1006,1000,2020-2021,1,RP_SLIP_TERRAIN:1,0,0,0,0,0,0,0,1,0.5,0.0
P661,1000,2020-2021,1,RP_SLIP_TERRAIN:1,0,0,0,0,0,0,0,1,0.5,0.0
P777,1000,2020-2021,1,RP_SLIP_TERRAIN:1,0,0,0,0,0,0,0,1,0.5,0.0
P368,1000,2020-2021,3,RP_SLIP_TERRAIN:3,0,0,0,0,0,0,0,3,1.5,0.1461
P330,1000,2020-2021,4,RP_MACHINE_01:2;RP_SLIP_TERRAIN:2,0,0,0,0,0,0,2,2,2.0,0.1982
P738,1000,2020-2021,3,RP_SLIP_TERRAIN:2;RP_ANIMAL_01:1,1,0,0,0,0,0,0,2,1.5,0.1461
P078,1000,2020-2021,2,RP_SLIP_TERRAIN:1;RP_ANIMAL_01:1,1,0,0,0,0,0,0,1,1.0,0.0823
P950,1000,2020-2021,2,RP_SLIP_TERRAIN:2,0,0,0,0,0,0,0,2,1.0,0.0823
P408,1000,2020-2021,2,RP_FALL_CLIFF:1;RP_SLIP_TERRAIN:1,0,0,0,1,0,0,0,1,1.0,0.0823
P066,1000,2020-2021,1,RP_MACHINE_01:1,0,0,0,0,0,0,1,0,0.5,0.0
P689,1000,2020-2021,1,RP_SLIP_TERRAIN:1,0,0,0,0,0,0,0,1,0.5,0.0
P783,1000,2020-2021,1,RP_SLIP_TERRAIN:1,0,0,0,0,0,0,0,1,0.5,0.0
P909,1000,2020-2021,1,RP_SLIP_TERRAIN:1,0,0,0,0,0,0,0,1,0.5,0.0
P541,1000,2020-2021,1,RP_FALL_CLIFF:1,0,0,0,1,0,0,0,0,0.5,0.0
P744,1000,2020-2021,2,RP_SLIP_TERRAIN:2,0,0,0,0,0,0,0,2,1.0,0.0823
P910,1000,2020-2021,2,RP_MACHINE_01:1;RP_SLIP_TERRAIN:1,0,0,0,0,0,0,1,1,1.0,0.0823
P287,1000,2020-2021,4,RP_SLIP_TERRAIN:4,0,0,0,0,0,0,0,4,2.0,0.1982
P187,1000,2020-2021,1,RP_SLIP_TERRAIN:1,0,0,0,0,0,0,0,1,0.5,0.0
P355,1000,2020-2021,1,RP_MACHINE_01:1,0,0,0,0,0,0,1,0,0.5,0.0
P721,1000,2020-2021,2,RP_MACHINE_01:1;RP_SLIP_TERRAIN:1,0,0,0,0,0,0,1,1,1.0,0.0823
P051,1000,2020-2021,3,RP_SLIP_TERRAIN:3,0,0,0,0,0,0,0,3,1.5,0.1461
P1009,1000,2020-2021,4,RP_SLIP_TERRAIN:4,0,0,0,0,0,0,0,4,2.0,0.1982
P446,1000,2020-2021,1,RP_SLIP_TERRAIN:1,0,0,0,0,0,0,0,1,0.5,0.0
P925,1000,2020-2021,1,RP_FALL_CLIFF:1,0,0,0,1,0,0,0,0,0.5,0.0
P409,1000,2020-2021,4,RP_MACHINE_01:2;RP_SLIP_TERRAIN:2,0,0,0,0,0,0,2,2,2.0,0.1982
P938,1000,2020-2021,1,RP_SLIP_TERRAIN:1,0,0,0,0,0,0,0,1,0.5,0.0
P343,1000,2020-2021,2,RP_SLIP_TERRAIN:2,0,0,0,0,0,0,0,2,1.0,0.0823
P229,1000,2020-2021,6,RP_SLIP_TERRAIN:3;RP_MACHINE_01:3,0,0,0,0,0,0,3,3,3.0,0.2805
P040,1000,2020-2021,39,RP_SLIP_TERRAIN:25;RP_MACHINE_01:12;RP_FALL_CLIFF:1;RP_DROWN_01:1,0,0,1,1,0,0,12,25,19.5,0.7479
P042,1000,2020-2021,2,RP_SLIP_TERRAIN:2,0,0,0,0,0,0,0,2,1.0,0.0823
P944,1000,2020-2021,1,RP_SLIP_TERRAIN:1,0,0,0,0,0,0,0,1,0.5,0.0
P998,1000,2020-2021,14,RP_SLIP_TERRAIN:8;RP_MACHINE_01:5;RP_HEAT_02:1,0,0,0,0,0,1,5,8,7.0,0.4788
P240,1000,2020-2021,1,RP_SLIP_TERRAIN:1,0,0,0,0,0,0,0,1,0.5,0.0
P897,1000,2020-2021,1,RP_ANIMAL_01:1,1,0,0,0,0,0,0,0,0.5,0.0
P380,1000,2020-2021,2,RP_SLIP_TERRAIN:2,0,0,0,0,0,0,0,2,1.0,0.0823
P963,1000,2020-2021,2,RP_ANIMAL_01:1;RP_SLIP_TERRAIN:1,1,0,0,0,0,0,0,1,1.0,0.0823
P722,1000,2020-2021,1,RP_FALL_CLIFF:1,0,0,0,1,0,0,0,0,0.5,0.0
P313,1000,2020-2021,2,RP_SLIP_TERRAIN:1;RP_DROWN_01:1,0,0,1,0,0,0,0,1,1.0,0.0823
P117,1000,2020-2021,1,RP_SLIP_TERRAIN:1,0,0,0,0,0,0,0,1,0.5,0.0
P727,1000,2020-2021,2,RP_MACHINE_01:1;RP_SLIP_TERRAIN:1,0,0,0,0,0,0,1,1,1.0,0.0823
P571,1000,2020-2021,2,RP_ANIMAL_01:1;RP_SLIP_TERRAIN:1,1,0,0,0,0,0,0,1,1.0,0.0823
P492,1000,2020-2021,1,RP_SLIP_TERRAIN:1,0,0,0,0,0,0,0,1,0.5,0.0
P429,1000,2020-2021,2,RP_SLIP_TERRAIN:2,0,0,0,0,0,0,0,2,1.0,0.0823
P577,1000,2020-2021,1,RP_SLIP_TERRAIN:1,0,0,0,0,0,0,0,1,0.5,0.0
P603,1000,2020-2021,1,RP_FIRE_01:1,0,0,0,0,1,0,0,0,0.5,0.0
P948,1000,2020-2021,1,RP_MACHINE_01:1,0,0,0,0,0,0,1,0,0.5,0.0
P513,1000,2020-2021,1,RP_FALL_CLIFF:1,0,0,0,1,0,0,0,0,0.5,0.0
P748,1000,2020-2021,1,RP_SLIP_TERRAIN:1,0,0,0,0,0,0,0,1,0.5,0.0
P004,1000,2020-2021,4,RP_SLIP_TERRAIN:2;RP_DROWN_01:1;RP_FALL_CLIFF:1,0,0,1,1,0,0,0,2,2.0,0.1982
P610,1000,2020-2021,1,RP_SLIP_TERRAIN:1,0,0,0,0,0,0,0,1,0.5,0.0
P512,1000,2020-2021,1,RP_SLIP_TERRAIN:1,0,0,0,0,0,0,0,1,0.5,0.0
P989,1000,2020-2021,1,RP_ANIMAL_01:1,1,0,0,0,0,0,0,0,0.5,0.0
P758,1000,2020-2021,1,RP_SLIP_TERRAIN:1,0,0,0,0,0,0,0,1,0.5,0.0
P494,1000,2020-2021,1,RP_SLIP_TERRAIN:1,0,0,0,0,0,0,0,1,0.5,0.0
P632,1000,2020-2021,1,RP_SLIP_TERRAIN:1,0,0,0,0,0,0,0,1,0.5,0.0
P746,1000,2020-2021,1,RP_SLIP_TERRAIN:1,0,0,0,0,0,0,0,1,0.5,0.0
P087,1000,2020-2021,1,RP_SLIP_TERRAIN:1,0,0,0,0,0,0,0,1,0.5,0.0
P978,1000,2020-2021,12,RP_SLIP_TERRAIN:10;RP_FALL_CLIFF:1;RP_HEAT_02:1,0,0,0,1,0,1,0,10,6.0,0.4406
P186,1000,2020-2021,5,RP_SLIP_TERRAIN:5,0,0,0,0,0,0,0,5,2.5,0.2423
P125,1000,2020-2021,10,RP_SLIP_TERRAIN:9;RP_MACHINE_01:1,0,0,0,0,0,0,1,9,5.0,0.3965
P225,1000,2020-2021,1,RP_SLIP_TERRAIN:1,0,0,0,0,0,0,0,1,0.5,0.0
P277,1000,2020-2021,3,RP_SLIP_TERRAIN:3,0,0,0,0,0,0,0,3,1.5,0.1461
P390,1000,2020-2021,4,RP_SLIP_TERRAIN:3;RP_MACHINE_01:1,0,0,0,0,0,0,1,3,2.0,0.1982
P170,1000,2020-2021,1,RP_SLIP_TERRAIN:1,0,0,0,0,0,0,0,1,0.5,0.0
P008,1000,2020-2021,11,RP_SLIP_TERRAIN:6;RP_DROWN_01:4;RP_ANIMAL_01:1,1,0,4,0,0,0,0,6,5.5,0.4194
P676,1000,2020-2021,2,RP_SLIP_TERRAIN:2,0,0,0,0,0,0,0,2,1.0,0.0823
P151,1000,2020-2021,11,RP_SLIP_TERRAIN:11,0,0,0,0,0,0,0,11,5.5,0.4194
P204,1000,2020-2021,1,RP_SLIP_TERRAIN:1,0,0,0,0,0,0,0,1,0.5,0.0
P160,1000,2020-2021,8,RP_SLIP_TERRAIN:6;RP_DROWN_01:2,0,0,2,0,0,0,0,6,4.0,0.3443
P168,1000,2020-2021,4,RP_SLIP_TERRAIN:3;RP_ANIMAL_01:1,1,0,0,0,0,0,0,3,2.0,0.1982
P454,1000,2020-2021,3,RP_SLIP_TERRAIN:2;RP_MACHINE_01:1,0,0,0,0,0,0,1,2,1.5,0.1461
P880,1000,2020-2021,2,RP_SLIP_TERRAIN:2,0,0,0,0,0,0,0,2,1.0,0.0823
P1010,1000,2020-2021,1,RP_SLIP_TERRAIN:1,0,0,0,0,0,0,0,1,0.5,0.0
P166,1000,2020-2021,8,RP_SLIP_TERRAIN:5;RP_MACHINE_01:1;RP_CO_01:1;RP_DROWN_01:1,0,1,1,0,0,0,1,5,4.0,0.3443
P979,1000,2020-2021,6,RP_SLIP_TERRAIN:5;RP_FALL_CLIFF:1,0,0,0,1,0,0,0,5,3.0,0.2805
P232,1000,2020-2021,4,RP_SLIP_TERRAIN:3;RP_MACHINE_01:1,0,0,0,0,0,0,1,3,2.0,0.1982
P463,1000,2020-2021,2,RP_SLIP_TERRAIN:2,0,0,0,0,0,0,0,2,1.0,0.0823
P164,1000,2020-2021,4,RP_SLIP_TERRAIN:4,0,0,0,0,0,0,0,4,2.0,0.1982
P338,1000,2020-2021,9,RP_SLIP_TERRAIN:5;RP_MACHINE_01:3;RP_DROWN_01:1,0,0,1,0,0,0,3,5,4.5,0.3716
P438,1000,2020-2021,5,RP_SLIP_TERRAIN:5,0,0,0,0,0,0,0,5,2.5,0.2423
P135,1000,2020-2021,4,RP_SLIP_TERRAIN:3;RP_MACHINE_01:1,0,0,0,0,0,0,1,3,2.0,0.1982
P007,1000,2020-2021,3,RP_SLIP_TERRAIN:3,0,0,0,0,0,0,0,3,1.5,0.1461
P190,1000,2020-2021,2,RP_FALL_CLIFF:1;RP_ANIMAL_01:1,1,0,0,1,0,0,0,0,1.0,0.0823
P733,1000,2020-2021,4,RP_SLIP_TERRAIN:4,0,0,0,0,0,0,0,4,2.0,0.1982
P039,1000,2020-2021,2,RP_SLIP_TERRAIN:2,0,0,0,0,0,0,0,2,1.0,0.0823
P009,1000,2020-2021,8,RP_SLIP_TERRAIN:7;RP_ANIMAL_01:1,1,0,0,0,0,0,0,7,4.0,0.3443
P323,1000,2020-2021,1,RP_FALL_CLIFF:1,0,0,0,1,0,0,0,0,0.5,0.0
P851,1000,2020-2021,1,RP_ANIMAL_01:1,1,0,0,0,0,0,0,0,0.5,0.0
P027,1000,2020-2021,13,RP_SLIP_TERRAIN:9;RP_MACHINE_01:2;RP_DROWN_01:1;RP_FALL_CLIFF:1,0,0,1,1,0,0,2,9,6.5,0.4603
P038,1000,2020-2021,3,RP_SLIP_TERRAIN:3,0,0,0,0,0,0,0,3,1.5,0.1461
P550,1000,2020-2021,6,RP_SLIP_TERRAIN:4;RP_DROWN_01:1;RP_FALL_CLIFF:1,0,0,1,1,0,0,0,4,3.0,0.2805
P305,1000,2020-2021,7,RP_SLIP_TERRAIN:4;RP_DROWN_01:1;RP_ANIMAL_01:1;RP_MACHINE_01:1,1,0,1,0,0,0,1,4,3.5,0.3142
P955,1000,2020-2021,3,RP_SLIP_TERRAIN:2;RP_MACHINE_01:1,0,0,0,0,0,0,1,2,1.5,0.1461
P739,1000,2020-2021,3,RP_SLIP_TERRAIN:3,0,0,0,0,0,0,0,3,1.5,0.1461
P692,1000,2020-2021,2,RP_SLIP_TERRAIN:2,0,0,0,0,0,0,0,2,1.0,0.0823
P841,1000,2020-2021,1,RP_SLIP_TERRAIN:1,0,0,0,0,0,0,0,1,0.5,0.0
P683,1000,2020-2021,1,RP_SLIP_TERRAIN:1,0,0,0,0,0,0,0,1,0.5,0.0
P103,1000,2020-2021,4,RP_SLIP_TERRAIN:3;RP_MACHINE_01:1,0,0,0,0,0,0,1,3,2.0,0.1982
P222,1000,2020-2021,3,RP_MACHINE_01:1;RP_SLIP_TERRAIN:1;RP_CO_01:1,0,1,0,0,0,0,1,1,1.5,0.1461
P210,1000,2020-2021,5,RP_SLIP_TERRAIN:3;RP_MACHINE_01:2,0,0,0,0,0,0,2,3,2.5,0.2423
P159,1000,2020-2021,5,RP_SLIP_TERRAIN:3;RP_DROWN_01:1;RP_CO_01:1,0,1,1,0,0,0,0,3,2.5,0.2423
P213,1000,2020-2021,4,RP_SLIP_TERRAIN:3;RP_HEAT_02:1,0,0,0,0,0,1,0,3,2.0,0.1982
P837,1000,2020-2021,1,RP_SLIP_TERRAIN:1,0,0,0,0,0,0,0,1,0.5,0.0
P072,1000,2020-2021,6,RP_SLIP_TERRAIN:5;RP_MACHINE_01:1,0,0,0,0,0,0,1,5,3.0,0.2805
P525,1000,2020-2021,1,RP_SLIP_TERRAIN:1,0,0,0,0,0,0,0,1,0.5,0.0
P036,1000,2020-2021,3,RP_SLIP_TERRAIN:3,0,0,0,0,0,0,0,3,1.5,0.1461
P215,1000,2020-2021,5,RP_SLIP_TERRAIN:3;RP_FALL_CLIFF:1;RP_MACHINE_01:1,0,0,0,1,0,0,1,3,2.5,0.2423
P915,1000,2020-2021,1,RP_SLIP_TERRAIN:1,0,0,0,0,0,0,0,1,0.5,0.0
P484,1000,2020-2021,2,RP_SLIP_TERRAIN:2,0,0,0,0,0,0,0,2,1.0,0.0823
P185,1000,2020-2021,4,RP_SLIP_TERRAIN:3;RP_FALL_CLIFF:1,0,0,0,1,0,0,0,3,2.0,0.1982
P693,1000,2020-2021,1,RP_SLIP_TERRAIN:1,0,0,0,0,0,0,0,1,0.5,0.0
P299,1000,2020-2021,4,RP_SLIP_TERRAIN:2;RP_FALL_CLIFF:1;RP_MACHINE_01:1,0,0,0,1,0,0,1,2,2.0,0.1982
P872,1000,2020-2021,1,RP_SLIP_TERRAIN:1,0,0,0,0,0,0,0,1,0.5,0.0
P177,1000,2020-2021,1,RP_SLIP_TERRAIN:1,0,0,0,0,0,0,0,1,0.5,0.0
P472,1000,2020-2021,2,RP_SLIP_TERRAIN:1;RP_FALL_CLIFF:1,0,0,0,1,0,0,0,1,1.0,0.0823
P037,1000,2020-2021,2,RP_SLIP_TERRAIN:2,0,0,0,0,0,0,0,2,1.0,0.0823
P575,1000,2020-2021,1,RP_SLIP_TERRAIN:1,0,0,0,0,0,0,0,1,0.5,0.0
P337,1000,2020-2021,1,RP_SLIP_TERRAIN:1,0,0,0,0,0,0,0,1,0.5,0.0
P827,1000,2020-2021,1,RP_SLIP_TERRAIN:1,0,0,0,0,0,0,0,1,0.5,0.0
P707,1000,2020-2021,2,RP_SLIP_TERRAIN:2,0,0,0,0,0,0,0,2,1.0,0.0823
P850,1000,2020-2021,2,RP_SLIP_TERRAIN:2,0,0,0,0,0,0,0,2,1.0,0.0823
P695,1000,2020-2021,1,RP_SLIP_TERRAIN:1,0,0,0,0,0,0,0,1,0.5,0.0
P134,1000,2020-2021,2,RP_MACHINE_01:1;RP_FALL_CLIFF:1,0,0,0,1,0,0,1,0,1.0,0.0823
P594,1000,2020-2021,1,RP_SLIP_TERRAIN:1,0,0,0,0,0,0,0,1,0.5,0.0
P026,1000,2020-2021,1,RP_SLIP_TERRAIN:1,0,0,0,0,0,0,0,1,0.5,0.0
P119,1000,2020-2021,1,RP_SLIP_TERRAIN:1,0,0,0,0,0,0,0,1,0.5,0.0
P358,1000,2020-2021,1,RP_SLIP_TERRAIN:1,0,0,0,0,0,0,0,1,0.5,0.0
P933,1000,2020-2021,1,RP_FALL_CLIFF:1,0,0,0,1,0,0,0,0,0.5,0.0
P373,1000,2020-2021,1,RP_SLIP_TERRAIN:1,0,0,0,0,0,0,0,1,0.5,0.0
P202,1000,2020-2021,2,RP_SLIP_TERRAIN:2,0,0,0,0,0,0,0,2,1.0,0.0823
P077,1000,2020-2021,12,RP_FIRE_01:12,0,0,0,0,12,0,0,0,6.0,0.4406
P650,1000,2020-2021,1,RP_ANIMAL_01:1,1,0,0,0,0,0,0,0,0.5,0.0
P573,1000,2020-2021,1,RP_SLIP_TERRAIN:1,0,0,0,0,0,0,0,1,0.5,0.0
P230,1000,2020-2021,1,RP_SLIP_TERRAIN:1,0,0,0,0,0,0,0,1,0.5,0.0
P903,1000,2020-2021,1,RP_ANIMAL_01:1,1,0,0,0,0,0,0,0,0.5,0.0
P645,1000,2020-2021,2,RP_FALL_CLIFF:1;RP_SLIP_TERRAIN:1,0,0,0,1,0,0,0,1,1.0,0.0823
P363,1000,2020-2021,1,RP_MACHINE_01:1,0,0,0,0,0,0,1,0,0.5,0.0
P011,1000,2020-2021,1,RP_MACHINE_01:1,0,0,0,0,0,0,1,0,0.5,0.0
P298,1000,2020-2021,1,RP_SLIP_TERRAIN:1,0,0,0,0,0,0,0,1,0.5,0.0
P046,1000,2020-2021,3,RP_SLIP_TERRAIN:3,0,0,0,0,0,0,0,3,1.5,0.1461
P104,1000,2020-2021,4,RP_SLIP_TERRAIN:4,0,0,0,0,0,0,0,4,2.0,0.1982
P806,1000,2020-2021,1,RP_SLIP_TERRAIN:1,0,0,0,0,0,0,0,1,0.5,0.0
P539,1000,2020-2021,1,RP_SLIP_TERRAIN:1,0,0,0,0,0,0,0,1,0.5,0.0
P035,1000,2020-2021,4,RP_SLIP_TERRAIN:4,0,0,0,0,0,0,0,4,2.0,0.1982
P795,1000,2020-2021,1,RP_MACHINE_01:1,0,0,0,0,0,0,1,0,0.5,0.0
P297,1000,2020-2021,1,RP_SLIP_TERRAIN:1,0,0,0,0,0,0,0,1,0.5,0.0
P705,1000,2020-2021,1,RP_SLIP_TERRAIN:1,0,0,0,0,0,0,0,1,0.5,0.0
P238,1000,2020-2021,1,RP_SLIP_TERRAIN:1,0,0,0,0,0,0,0,1,0.5,0.0
P918,1000,2020-2021,1,RP_FALL_CLIFF:1,0,0,0,1,0,0,0,0,0.5,0.0
P1002,1000,2020-2021,7,RP_SLIP_TERRAIN:6;RP_DROWN_01:1,0,0,1,0,0,0,0,6,3.5,0.3142
P843,1000,2020-2021,4,RP_SLIP_TERRAIN:3;RP_FALL_CLIFF:1,0,0,0,1,0,0,0,3,2.0,0.1982
P128,1000,2020-2021,1,RP_SLIP_TERRAIN:1,0,0,0,0,0,0,0,1,0.5,0.0
P857,1000,2020-2021,1,RP_SLIP_TERRAIN:1,0,0,0,0,0,0,0,1,0.5,0.0
P084,1000,2020-2021,1,RP_SLIP_TERRAIN:1,0,0,0,0,0,0,0,1,0.5,0.0
P847,1000,2020-2021,1,RP_SLIP_TERRAIN:1,0,0,0,0,0,0,0,1,0.5,0.0
P304,1000,2020-2021,2,RP_SLIP_TERRAIN:2,0,0,0,0,0,0,0,2,1.0,0.0823
P132,1000,2020-2021,5,RP_SLIP_TERRAIN:4;RP_ANIMAL_01:1,1,0,0,0,0,0,0,4,2.5,0.2423
P710,1000,2020-2021,1,RP_MACHINE_01:1,0,0,0,0,0,0,1,0,0.5,0.0
P911,1000,2020-2021,1,RP_FALL_CLIFF:1,0,0,0,1,0,0,0,0,0.5,0.0
P861,1000,2020-2021,1,RP_ANIMAL_01:1,1,0,0,0,0,0,0,0,0.5,0.0
P294,1000,2020-2021,1,RP_SLIP_TERRAIN:1,0,0,0,0,0,0,0,1,0.5,0.0
P652,1000,2020-2021,1,RP_SLIP_TERRAIN:1,0,0,0,0,0,0,0,1,0.5,0.0
P347,1000,2020-2021,1,RP_SLIP_TERRAIN:1,0,0,0,0,0,0,0,1,0.5,0.0
P895,1000,2020-2021,1,RP_SLIP_TERRAIN:1,0,0,0,0,0,0,0,1,0.5,0.0
P940,1000,2020-2021,1,RP_SLIP_TERRAIN:1,0,0,0,0,0,0,0,1,0.5,0.0
P158,1000,2020-2021,1,RP_SLIP_TERRAIN:1,0,0,0,0,0,0,0,1,0.5,0.0
P398,1000,2020-2021,1,RP_SLIP_TERRAIN:1,0,0,0,0,0,0,0,1,0.5,0.0
P106,1000,2020-2021,1,RP_MACHINE_01:1,0,0,0,0,0,0,1,0,0.5,0.0
P157,1000,2020-2021,1,RP_MACHINE_01:1,0,0,0,0,0,0,1,0,0.5,0.0
P425,1000,2020-2021,1,RP_SLIP_TERRAIN:1,0,0,0,0,0,0,0,1,0.5,0.0
P515,1000,2020-2021,1,RP_MACHINE_01:1,0,0,0,0,0,0,1,0,0.5,0.0
P868,1000,2020-2021,1,RP_SLIP_TERRAIN:1,0,0,0,0,0,0,0,1,0.5,0.0
P526,1000,2020-2021,1,RP_SLIP_TERRAIN:1,0,0,0,0,0,0,0,1,0.5,0.0
P353,1000,2020-2021,1,RP_SLIP_TERRAIN:1,0,0,0,0,0,0,0,1,0.5,0.0
P956,1000,2020-2021,1,RP_SLIP_TERRAIN:1,0,0,0,0,0,0,0,1,0.5,0.0
P626,1000,2020-2021,1,RP_SLIP_TERRAIN:1,0,0,0,0,0,0,0,1,0.5,0.0
P421,1000,2020-2021,1,RP_MACHINE_01:1,0,0,0,0,0,0,1,0,0.5,0.0
P935,1000,2020-2021,1,RP_SLIP_TERRAIN:1,0,0,0,0,0,0,0,1,0.5,0.0
