placeId,region_id,relationship
P001,REG_제주시_용담이동,LOCATED_IN
P002,REG_서귀포시_서귀동,LOCATED_IN
P003,REG_제주시_이도일동,LOCATED_IN
P004,REG_제주시_조천읍,LOCATED_IN
P005,REG_서귀포시_성산읍,LOCATED_IN
P006,REG_제주시_한림읍,LOCATED_IN
P007,REG_서귀포시_안덕면,LOCATED_IN
P008,REG_제주시_이호일동,LOCATED_IN
P009,REG_서귀포시_성산읍,LOCATED_IN
P010,REG_서귀포시_성산읍,LOCATED_IN
P011,REG_제주시_구좌읍,LOCATED_IN
P012,REG_제주시_애월읍,LOCATED_IN
P013,REG_제주시_조천읍,LOCATED_IN
P014,REG_서귀포시_성산읍,LOCATED_IN
P015,REG_서귀포시_안덕면,LOCATED_IN
P016,REG_제주시_구좌읍,LOCATED_IN
P017,REG_서귀포시_안덕면,LOCATED_IN
P018,REG_서귀포시_안덕면,LOCATED_IN
P019,REG_서귀포시_색달동,LOCATED_IN
P020,REG_제주시_건입동,LOCATED_IN
P021,REG_서귀포시_중문동,LOCATED_IN
P022,REG_제주시_애월읍,LOCATED_IN
P023,REG_서귀포시_색달동,LOCATED_IN
P025,REG_서귀포시_색달동,LOCATED_IN
P026,REG_제주시_한림읍,LOCATED_IN
P027,REG_서귀포시_표선면,LOCATED_IN
P028,REG_서귀포시_표선면,LOCATED_IN
P029,REG_제주시_조천읍,LOCATED_IN
P030,REG_제주시_한림읍,LOCATED_IN
P031,REG_제주시_도두일동,LOCATED_IN
P032,REG_제주시_조천읍,LOCATED_IN
P033,REG_제주시_연동,LOCATED_IN
P034,REG_서귀포시_색달동,LOCATED_IN
P035,REG_제주시_한경면,LOCATED_IN
P036,REG_서귀포시_동홍동,LOCATED_IN
P037,REG_서귀포시_동홍동,LOCATED_IN
P038,REG_서귀포시_안덕면,LOCATED_IN
P039,REG_서귀포시_성산읍,LOCATED_IN
P040,REG_서귀포시_안덕면,LOCATED_IN
P041,REG_제주시_애월읍,LOCATED_IN
P042,REG_제주시_구좌읍,LOCATED_IN
P043,REG_제주시_애월읍,LOCATED_IN
P044,REG_서귀포시_표선면,LOCATED_IN
P045,REG_제주시_구좌읍,LOCATED_IN
P046,REG_제주시_용담이동,LOCATED_IN
P047,REG_제주시_노형동,LOCATED_IN
P048,REG_제주시_건입동,LOCATED_IN
P049,REG_제주시_애월읍,LOCATED_IN
P050,REG_서귀포시_남원읍,LOCATED_IN
P051,REG_제주시_삼양이동,LOCATED_IN
P052,REG_서귀포시_하효동,LOCATED_IN
P053,REG_제주시_구좌읍,LOCATED_IN
P054,REG_제주시_한림읍,LOCATED_IN
P055,REG_제주시_도두일동,LOCATED_IN
P056,REG_제주시_건입동,LOCATED_IN
P057,REG_서귀포시_안덕면,LOCATED_IN
P058,REG_서귀포시_안덕면,LOCATED_IN
P059,REG_제주시_회천동,LOCATED_IN
P060,REG_제주시_한경면,LOCATED_IN
P061,REG_제주시_구좌읍,LOCATED_IN
P062,REG_제주시_조천읍,LOCATED_IN
P063,REG_제주시_연동,LOCATED_IN
P064,REG_제주시_애월읍,LOCATED_IN
P065,REG_서귀포시_안덕면,LOCATED_IN
P066,REG_서귀포시_안덕면,LOCATED_IN
P067,REG_제주시_봉개동,LOCATED_IN
P068,REG_서귀포시_토평동,LOCATED_IN
P069,REG_서귀포시_남원읍,LOCATED_IN
P070,REG_서귀포시_성산읍,LOCATED_IN
P071,REG_제주시_해안동,LOCATED_IN
P072,REG_서귀포시_중문동,LOCATED_IN
P073,REG_제주시_외도이동,LOCATED_IN
P074,REG_제주시_조천읍,LOCATED_IN
P075,REG_제주시_한경면,LOCATED_IN
P076,REG_서귀포시_상예동,LOCATED_IN
P077,REG_서귀포시_중문동,LOCATED_IN
P078,REG_서귀포시_안덕면,LOCATED_IN
P079,REG_서귀포시_대포동,LOCATED_IN
P080,REG_서귀포시_중문동,LOCATED_IN
P081,REG_서귀포시_대정읍,LOCATED_IN
P082,REG_서귀포시_색달동,LOCATED_IN
P083,REG_서귀포시_색달동,LOCATED_IN
P084,REG_제주시_한림읍,LOCATED_IN
P085,REG_제주시_구좌읍,LOCATED_IN
P086,REG_서귀포시_호근동,LOCATED_IN
P087,REG_제주시_오등동,LOCATED_IN
P088,REG_제주시_조천읍,LOCATED_IN
P089,REG_서귀포시_표선면,LOCATED_IN
P090,REG_제주시_애월읍,LOCATED_IN
P091,REG_서귀포시_안덕면,LOCATED_IN
P092,REG_서귀포시_강정동,LOCATED_IN
P093,REG_제주시_애월읍,LOCATED_IN
P094,REG_제주시_구좌읍,LOCATED_IN
P095,REG_서귀포시_안덕면,LOCATED_IN
P096,REG_제주시_이도이동,LOCATED_IN
P097,REG_서귀포시_남원읍,LOCATED_IN
P098,REG_서귀포시_안덕면,LOCATED_IN
P099,REG_서귀포시_성산읍,LOCATED_IN
P100,REG_제주시_구좌읍,LOCATED_IN
P101,REG_서귀포시_표선면,LOCATED_IN
P102,REG_제주시_우도면,LOCATED_IN
P103,REG_제주시_우도면,LOCATED_IN
P104,REG_제주시_애월읍,LOCATED_IN
P105,REG_서귀포시_토평동,LOCATED_IN
P106,REG_서귀포시_표선면,LOCATED_IN
P107,REG_제주시_한림읍,LOCATED_IN
P108,REG_제주시_건입동,LOCATED_IN
P109,REG_서귀포시_표선면,LOCATED_IN
P110,REG_서귀포시_안덕면,LOCATED_IN
P111,REG_제주시_오등동,LOCATED_IN
P112,REG_서귀포시_성산읍,LOCATED_IN
P113,REG_서귀포시_서귀동,LOCATED_IN
P114,REG_서귀포시_성산읍,LOCATED_IN
P115,REG_서귀포시_남원읍,LOCATED_IN
P116,REG_서귀포시_안덕면,LOCATED_IN
P117,REG_제주시_우도면,LOCATED_IN
P118,REG_제주시_우도면,LOCATED_IN
P119,REG_서귀포시_법환동,LOCATED_IN
P120,REG_제주시_우도면,LOCATED_IN
P121,REG_서귀포시_색달동,LOCATED_IN
P122,REG_제주시_연동,LOCATED_IN
P123,REG_서귀포시_토평동,LOCATED_IN
P124,REG_서귀포시_서귀동,LOCATED_IN
P125,REG_서귀포시_색달동,LOCATED_IN
P126,REG_제주시_우도면,LOCATED_IN
P127,REG_서귀포시_안덕면,LOCATED_IN
P128,REG_서귀포시_상예동,LOCATED_IN
P129,REG_제주시_조천읍,LOCATED_IN
P130,REG_서귀포시_안덕면,LOCATED_IN
P131,REG_서귀포시_법환동,LOCATED_IN
P132,REG_서귀포시_색달동,LOCATED_IN
P133,REG_서귀포시_성산읍,LOCATED_IN
P134,REG_서귀포시_서귀동,LOCATED_IN
P135,REG_서귀포시_서귀동,LOCATED_IN
P136,REG_서귀포시_서귀동,LOCATED_IN
P137,REG_서귀포시_서귀동,LOCATED_IN
P138,REG_서귀포시_서귀동,LOCATED_IN
P139,REG_서귀포시_서홍동,LOCATED_IN
P140,REG_제주시_이도일동,LOCATED_IN
P141,REG_서귀포시_남원읍,LOCATED_IN
P142,REG_서귀포시_색달동,LOCATED_IN
P143,REG_서귀포시_서귀동,LOCATED_IN
P144,REG_서귀포시_서귀동,LOCATED_IN
P145,REG_서귀포시_서귀동,LOCATED_IN
P146,REG_제주시_조천읍,LOCATED_IN
P147,REG_제주시_조천읍,LOCATED_IN
P148,REG_서귀포시_중문동,LOCATED_IN
P149,REG_서귀포시_호근동,LOCATED_IN
P150,REG_제주시_한림읍,LOCATED_IN
P151,REG_서귀포시_색달동,LOCATED_IN
P152,REG_제주시_일도일동,LOCATED_IN
P153,REG_서귀포시_안덕면,LOCATED_IN
P154,REG_서귀포시_서귀동,LOCATED_IN
P155,REG_제주시_삼도이동,LOCATED_IN
P156,REG_제주시_삼도이동,LOCATED_IN
P157,REG_서귀포시_안덕면,LOCATED_IN
P158,REG_제주시_삼도이동,LOCATED_IN
P159,REG_제주시_일도일동,LOCATED_IN
P160,REG_제주시_삼도이동,LOCATED_IN
P161,REG_제주시_삼도이동,LOCATED_IN
P162,REG_서귀포시_성산읍,LOCATED_IN
P163,REG_서귀포시_중문동,LOCATED_IN
P164,REG_서귀포시_색달동,LOCATED_IN
P165,REG_서귀포시_표선면,LOCATED_IN
P166,REG_서귀포시_서귀동,LOCATED_IN
P167,REG_서귀포시_성산읍,LOCATED_IN
P168,REG_제주시_삼도이동,LOCATED_IN
P169,REG_제주시_건입동,LOCATED_IN
P170,REG_제주시_삼도이동,LOCATED_IN
P171,REG_제주시_한림읍,LOCATED_IN
P172,REG_제주시_한림읍,LOCATED_IN
P173,REG_서귀포시_표선면,LOCATED_IN
P174,REG_서귀포시_표선면,LOCATED_IN
P175,REG_서귀포시_표선면,LOCATED_IN
P176,REG_제주시_건입동,LOCATED_IN
P177,REG_제주시_삼도이동,LOCATED_IN
P178,REG_서귀포시_중문동,LOCATED_IN
P179,REG_서귀포시_성산읍,LOCATED_IN
P180,REG_서귀포시_색달동,LOCATED_IN
P181,REG_서귀포시_중문동,LOCATED_IN
P182,REG_서귀포시_서홍동,LOCATED_IN
P183,REG_제주시_조천읍,LOCATED_IN
P184,REG_제주시_구좌읍,LOCATED_IN
P185,REG_제주시_건입동,LOCATED_IN
P186,REG_서귀포시_색달동,LOCATED_IN
P187,REG_제주시_용담일동,LOCATED_IN
P188,REG_서귀포시_성산읍,LOCATED_IN
P189,REG_제주시_아라일동,LOCATED_IN
P190,REG_제주시_용담이동,LOCATED_IN
P191,REG_서귀포시_성산읍,LOCATED_IN
P192,REG_서귀포시_성산읍,LOCATED_IN
P193,REG_제주시_삼도이동,LOCATED_IN
P194,REG_제주시_용담일동,LOCATED_IN
P195,REG_제주시_애월읍,LOCATED_IN
P196,REG_제주시_용담이동,LOCATED_IN
P198,REG_서귀포시_중문동,LOCATED_IN
P199,REG_제주시_한림읍,LOCATED_IN
P200,REG_제주시_한림읍,LOCATED_IN
P201,REG_제주시_조천읍,LOCATED_IN
P202,REG_서귀포시_서귀동,LOCATED_IN
P203,REG_서귀포시_서귀동,LOCATED_IN
P204,REG_서귀포시_보목동,LOCATED_IN
P205,REG_제주시_추자면,LOCATED_IN
P206,REG_서귀포시_보목동,LOCATED_IN
P207,REG_서귀포시_서귀동,LOCATED_IN
P208,REG_서귀포시_안덕면,LOCATED_IN
P209,REG_서귀포시_서귀동,LOCATED_IN
P210,REG_제주시_일도일동,LOCATED_IN
P211,REG_제주시_이도일동,LOCATED_IN
P212,REG_서귀포시_성산읍,LOCATED_IN
P213,REG_제주시_도두일동,LOCATED_IN
P214,REG_제주시_아라일동,LOCATED_IN
P216,REG_서귀포시_안덕면,LOCATED_IN
P217,REG_서귀포시_색달동,LOCATED_IN
P218,REG_제주시_한림읍,LOCATED_IN
P219,REG_제주시_애월읍,LOCATED_IN
P220,REG_제주시_애월읍,LOCATED_IN
P221,REG_서귀포시_대정읍,LOCATED_IN
P222,REG_서귀포시_표선면,LOCATED_IN
P223,REG_서귀포시_표선면,LOCATED_IN
P224,REG_서귀포시_안덕면,LOCATED_IN
P225,REG_제주시_이도일동,LOCATED_IN
P226,REG_제주시_노형동,LOCATED_IN
P227,REG_제주시_우도면,LOCATED_IN
P228,REG_서귀포시_대정읍,LOCATED_IN
P229,REG_제주시_삼도이동,LOCATED_IN
P230,REG_제주시_조천읍,LOCATED_IN
P231,REG_서귀포시_서호동,LOCATED_IN
P232,REG_제주시_일도일동,LOCATED_IN
P233,REG_서귀포시_서홍동,LOCATED_IN
P234,REG_서귀포시_서귀동,LOCATED_IN
P235,REG_제주시_용담일동,LOCATED_IN
P236,REG_제주시_노형동,LOCATED_IN
P237,REG_제주시_도두일동,LOCATED_IN
P238,REG_제주시_도두일동,LOCATED_IN
P239,REG_제주시_도두일동,LOCATED_IN
P240,REG_제주시_조천읍,LOCATED_IN
P241,REG_제주시_애월읍,LOCATED_IN
P242,REG_제주시_애월읍,LOCATED_IN
P243,REG_서귀포시_색달동,LOCATED_IN
P244,REG_제주시_우도면,LOCATED_IN
P245,REG_제주시_삼양일동,LOCATED_IN
P246,REG_서귀포시_표선면,LOCATED_IN
P247,REG_제주시_구좌읍,LOCATED_IN
P248,REG_제주시_건입동,LOCATED_IN
P249,REG_서귀포시_표선면,LOCATED_IN
P250,REG_제주시_이호일동,LOCATED_IN
P251,REG_제주시_조천읍,LOCATED_IN
P252,REG_제주시_우도면,LOCATED_IN
P253,REG_제주시_추자면,LOCATED_IN
P254,REG_서귀포시_중문동,LOCATED_IN
P255,REG_제주시_조천읍,LOCATED_IN
P256,REG_제주시_이호이동,LOCATED_IN
P257,REG_제주시_우도면,LOCATED_IN
P258,REG_제주시_해안동,LOCATED_IN
P259,REG_제주시_우도면,LOCATED_IN
P260,REG_제주시_해안동,LOCATED_IN
P261,REG_제주시_애월읍,LOCATED_IN
P262,REG_제주시_해안동,LOCATED_IN
P263,REG_서귀포시_대정읍,LOCATED_IN
P264,REG_제주시_한림읍,LOCATED_IN
P265,REG_제주시_한림읍,LOCATED_IN
P266,REG_제주시_삼도이동,LOCATED_IN
P267,REG_제주시_애월읍,LOCATED_IN
P268,REG_제주시_애월읍,LOCATED_IN
P269,REG_서귀포시_성산읍,LOCATED_IN
P270,REG_서귀포시_성산읍,LOCATED_IN
P271,REG_제주시_한림읍,LOCATED_IN
P272,REG_제주시_추자면,LOCATED_IN
P273,REG_서귀포시_중문동,LOCATED_IN
P274,REG_서귀포시_법환동,LOCATED_IN
P275,REG_제주시_일도이동,LOCATED_IN
P276,REG_제주시_용담이동,LOCATED_IN
P278,REG_제주시_구좌읍,LOCATED_IN
P279,REG_제주시_구좌읍,LOCATED_IN
P280,REG_제주시_우도면,LOCATED_IN
P281,REG_서귀포시_성산읍,LOCATED_IN
P282,REG_제주시_우도면,LOCATED_IN
P283,REG_제주시_구좌읍,LOCATED_IN
P284,REG_서귀포시_법환동,LOCATED_IN
P285,REG_서귀포시_안덕면,LOCATED_IN
P286,REG_서귀포시_대포동,LOCATED_IN
P287,REG_서귀포시_안덕면,LOCATED_IN
P288,REG_서귀포시_안덕면,LOCATED_IN
P289,REG_서귀포시_대정읍,LOCATED_IN
P290,REG_제주시_애월읍,LOCATED_IN
P291,REG_제주시_구좌읍,LOCATED_IN
P292,REG_서귀포시_호근동,LOCATED_IN
P293,REG_서귀포시_호근동,LOCATED_IN
P294,REG_서귀포시_동홍동,LOCATED_IN
P295,REG_제주시_한림읍,LOCATED_IN
P296,REG_제주시_한림읍,LOCATED_IN
P297,REG_제주시_한림읍,LOCATED_IN
P298,REG_제주시_한림읍,LOCATED_IN
P299,REG_제주시_구좌읍,LOCATED_IN
P300,REG_제주시_구좌읍,LOCATED_IN
P301,REG_서귀포시_성산읍,LOCATED_IN
P302,REG_서귀포시_안덕면,LOCATED_IN
P303,REG_제주시_한림읍,LOCATED_IN
P304,REG_제주시_애월읍,LOCATED_IN
P305,REG_서귀포시_중문동,LOCATED_IN
P306,REG_제주시_봉개동,LOCATED_IN
P307,REG_제주시_봉개동,LOCATED_IN
P308,REG_서귀포시_표선면,LOCATED_IN
P309,REG_제주시_봉개동,LOCATED_IN
P310,REG_서귀포시_대정읍,LOCATED_IN
P311,REG_서귀포시_강정동,LOCATED_IN
P312,REG_서귀포시_남원읍,LOCATED_IN
P313,REG_제주시_우도면,LOCATED_IN
P314,REG_제주시_용담이동,LOCATED_IN
P315,REG_서귀포시_대정읍,LOCATED_IN
P316,REG_제주시_애월읍,LOCATED_IN
P317,REG_제주시_용담삼동,LOCATED_IN
P318,REG_제주시_한림읍,LOCATED_IN
P319,REG_서귀포시_성산읍,LOCATED_IN
P320,REG_제주시_화북일동,LOCATED_IN
P321,REG_서귀포시_안덕면,LOCATED_IN
P322,REG_서귀포시_서홍동,LOCATED_IN
P323,REG_서귀포시_성산읍,LOCATED_IN
P324,REG_서귀포시_성산읍,LOCATED_IN
P325,REG_제주시_애월읍,LOCATED_IN
P326,REG_제주시_구좌읍,LOCATED_IN
P327,REG_서귀포시_성산읍,LOCATED_IN
P328,REG_제주시_애월읍,LOCATED_IN
P329,REG_서귀포시_남원읍,LOCATED_IN
P330,REG_서귀포시_서귀동,LOCATED_IN
P331,REG_제주시_한림읍,LOCATED_IN
P333,REG_제주시_애월읍,LOCATED_IN
P334,REG_제주시_도두이동,LOCATED_IN
P335,REG_제주시_건입동,LOCATED_IN
P336,REG_서귀포시_성산읍,LOCATED_IN
P337,REG_서귀포시_안덕면,LOCATED_IN
P338,REG_제주시_용담삼동,LOCATED_IN
P339,REG_제주시_한림읍,LOCATED_IN
P340,REG_제주시_한림읍,LOCATED_IN
P341,REG_서귀포시_대정읍,LOCATED_IN
P342,REG_제주시_삼양일동,LOCATED_IN
P343,REG_제주시_삼양이동,LOCATED_IN
P344,REG_서귀포시_동홍동,LOCATED_IN
P345,REG_제주시_아라일동,LOCATED_IN
P346,REG_제주시_이도이동,LOCATED_IN
P347,REG_서귀포시_대정읍,LOCATED_IN
P348,REG_제주시_한림읍,LOCATED_IN
P349,REG_서귀포시_대정읍,LOCATED_IN
P350,REG_제주시_연동,LOCATED_IN
P351,REG_제주시_구좌읍,LOCATED_IN
P352,REG_제주시_일도이동,LOCATED_IN
P353,REG_제주시_용담이동,LOCATED_IN
P354,REG_제주시_구좌읍,LOCATED_IN
P355,REG_서귀포시_중문동,LOCATED_IN
P356,REG_서귀포시_보목동,LOCATED_IN
P357,REG_서귀포시_법환동,LOCATED_IN
P358,REG_서귀포시_서홍동,LOCATED_IN
P359,REG_서귀포시_서홍동,LOCATED_IN
P360,REG_서귀포시_서홍동,LOCATED_IN
P361,REG_제주시_애월읍,LOCATED_IN
P362,REG_제주시_애월읍,LOCATED_IN
P363,REG_서귀포시_안덕면,LOCATED_IN
P364,REG_서귀포시_성산읍,LOCATED_IN
P365,REG_서귀포시_서귀동,LOCATED_IN
P366,REG_서귀포시_안덕면,LOCATED_IN
P367,REG_제주시_한경면,LOCATED_IN
P368,REG_서귀포시_서홍동,LOCATED_IN
P369,REG_서귀포시_성산읍,LOCATED_IN
P370,REG_제주시_애월읍,LOCATED_IN
P371,REG_서귀포시_안덕면,LOCATED_IN
P372,REG_서귀포시_서홍동,LOCATED_IN
P373,REG_제주시_봉개동,LOCATED_IN
P374,REG_제주시_애월읍,LOCATED_IN
P375,REG_제주시_구좌읍,LOCATED_IN
P376,REG_제주시_구좌읍,LOCATED_IN
P377,REG_제주시_구좌읍,LOCATED_IN
P378,REG_서귀포시_남원읍,LOCATED_IN
P379,REG_서귀포시_남원읍,LOCATED_IN
P380,REG_서귀포시_안덕면,LOCATED_IN
P381,REG_제주시_한림읍,LOCATED_IN
P382,REG_제주시_추자면,LOCATED_IN
P383,REG_서귀포시_대정읍,LOCATED_IN
P384,REG_제주시_한경면,LOCATED_IN
P385,REG_서귀포시_안덕면,LOCATED_IN
P386,REG_제주시_일도이동,LOCATED_IN
P387,REG_제주시_용담삼동,LOCATED_IN
P388,REG_제주시_한림읍,LOCATED_IN
P389,REG_제주시_한림읍,LOCATED_IN
P390,REG_서귀포시_성산읍,LOCATED_IN
P391,REG_서귀포시_대정읍,LOCATED_IN
P392,REG_제주시_애월읍,LOCATED_IN
P393,REG_제주시_한경면,LOCATED_IN
P394,REG_서귀포시_대정읍,LOCATED_IN
P395,REG_제주시_일도이동,LOCATED_IN
P396,REG_제주시_구좌읍,LOCATED_IN
P397,REG_제주시_일도이동,LOCATED_IN
P398,REG_제주시_구좌읍,LOCATED_IN
P399,REG_서귀포시_대정읍,LOCATED_IN
P400,REG_제주시_구좌읍,LOCATED_IN
P401,REG_제주시_일도이동,LOCATED_IN
P402,REG_제주시_조천읍,LOCATED_IN
P403,REG_서귀포시_표선면,LOCATED_IN
P404,REG_서귀포시_남원읍,LOCATED_IN
P405,REG_제주시_외도이동,LOCATED_IN
P406,REG_제주시_이호일동,LOCATED_IN
P407,REG_제주시_구좌읍,LOCATED_IN
P408,REG_서귀포시_안덕면,LOCATED_IN
P409,REG_서귀포시_안덕면,LOCATED_IN
P410,REG_서귀포시_안덕면,LOCATED_IN
P411,REG_서귀포시_성산읍,LOCATED_IN
P412,REG_서귀포시_안덕면,LOCATED_IN
P413,REG_제주시_구좌읍,LOCATED_IN
P414,REG_제주시_우도면,LOCATED_IN
P415,REG_서귀포시_안덕면,LOCATED_IN
P416,REG_서귀포시_대정읍,LOCATED_IN
P417,REG_서귀포시_토평동,LOCATED_IN
P418,REG_제주시_애월읍,LOCATED_IN
P419,REG_서귀포시_남원읍,LOCATED_IN
P420,REG_제주시_한림읍,LOCATED_IN
P421,REG_제주시_조천읍,LOCATED_IN
P422,REG_제주시_조천읍,LOCATED_IN
P423,REG_서귀포시_안덕면,LOCATED_IN
P424,REG_서귀포시_성산읍,LOCATED_IN
P425,REG_서귀포시_색달동,LOCATED_IN
P426,REG_제주시_연동,LOCATED_IN
P427,REG_제주시_애월읍,LOCATED_IN
P428,REG_제주시_연동,LOCATED_IN
P429,REG_제주시_조천읍,LOCATED_IN
P430,REG_제주시_한림읍,LOCATED_IN
P431,REG_제주시_구좌읍,LOCATED_IN
P432,REG_제주시_구좌읍,LOCATED_IN
P433,REG_제주시_구좌읍,LOCATED_IN
P434,REG_서귀포시_호근동,LOCATED_IN
P435,REG_서귀포시_법환동,LOCATED_IN
P436,REG_제주시_구좌읍,LOCATED_IN
P437,REG_제주시_오라이동,LOCATED_IN
P438,REG_서귀포시_법환동,LOCATED_IN
P439,REG_제주시_화북일동,LOCATED_IN
P440,REG_서귀포시_하효동,LOCATED_IN
P441,REG_서귀포시_안덕면,LOCATED_IN
P442,REG_제주시_내도동,LOCATED_IN
P443,REG_제주시_우도면,LOCATED_IN
P444,REG_서귀포시_대정읍,LOCATED_IN
P445,REG_서귀포시_대정읍,LOCATED_IN
P446,REG_제주시_구좌읍,LOCATED_IN
P447,REG_제주시_노형동,LOCATED_IN
P448,REG_서귀포시_안덕면,LOCATED_IN
P449,REG_제주시_구좌읍,LOCATED_IN
P450,REG_서귀포시_대정읍,LOCATED_IN
P451,REG_제주시_해안동,LOCATED_IN
P452,REG_서귀포시_안덕면,LOCATED_IN
P453,REG_서귀포시_안덕면,LOCATED_IN
P454,REG_서귀포시_하원동,LOCATED_IN
P455,REG_서귀포시_신효동,LOCATED_IN
P456,REG_서귀포시_하원동,LOCATED_IN
P457,REG_서귀포시_하원동,LOCATED_IN
P458,REG_제주시_구좌읍,LOCATED_IN
P459,REG_서귀포시_상예동,LOCATED_IN
P460,REG_제주시_추자면,LOCATED_IN
P461,REG_서귀포시_안덕면,LOCATED_IN
P462,REG_제주시_애월읍,LOCATED_IN
P463,REG_서귀포시_대정읍,LOCATED_IN
P464,REG_제주시_노형동,LOCATED_IN
P465,REG_제주시_애월읍,LOCATED_IN
P466,REG_서귀포시_안덕면,LOCATED_IN
P467,REG_제주시_조천읍,LOCATED_IN
P468,REG_서귀포시_하원동,LOCATED_IN
P469,REG_서귀포시_대정읍,LOCATED_IN
P470,REG_서귀포시_대정읍,LOCATED_IN
P471,REG_서귀포시_대포동,LOCATED_IN
P472,REG_제주시_조천읍,LOCATED_IN
P473,REG_제주시_애월읍,LOCATED_IN
P474,REG_서귀포시_안덕면,LOCATED_IN
P475,REG_서귀포시_강정동,LOCATED_IN
P476,REG_제주시_추자면,LOCATED_IN
P477,REG_제주시_애월읍,LOCATED_IN
P478,REG_제주시_애월읍,LOCATED_IN
P479,REG_서귀포시_안덕면,LOCATED_IN
P480,REG_서귀포시_서귀동,LOCATED_IN
P481,REG_서귀포시_서홍동,LOCATED_IN
P482,REG_서귀포시_동홍동,LOCATED_IN
P483,REG_제주시_우도면,LOCATED_IN
P484,REG_서귀포시_보목동,LOCATED_IN
P485,REG_제주시_한경면,LOCATED_IN
P486,REG_제주시_우도면,LOCATED_IN
P487,REG_제주시_내도동,LOCATED_IN
P488,REG_서귀포시_보목동,LOCATED_IN
P489,REG_제주시_애월읍,LOCATED_IN
P490,REG_서귀포시_대정읍,LOCATED_IN
P491,REG_서귀포시_중문동,LOCATED_IN
P492,REG_제주시_조천읍,LOCATED_IN
P493,REG_제주시_한경면,LOCATED_IN
P494,REG_제주시_한경면,LOCATED_IN
P495,REG_서귀포시_남원읍,LOCATED_IN
P496,REG_서귀포시_대포동,LOCATED_IN
P497,REG_제주시_구좌읍,LOCATED_IN
P498,REG_제주시_한림읍,LOCATED_IN
P499,REG_제주시_한림읍,LOCATED_IN
P500,REG_서귀포시_서홍동,LOCATED_IN
P501,REG_제주시_한경면,LOCATED_IN
P502,REG_제주시_조천읍,LOCATED_IN
P503,REG_서귀포시_안덕면,LOCATED_IN
P504,REG_서귀포시_대정읍,LOCATED_IN
P505,REG_서귀포시_보목동,LOCATED_IN
P506,REG_서귀포시_안덕면,LOCATED_IN
P507,REG_제주시_조천읍,LOCATED_IN
P508,REG_제주시_한경면,LOCATED_IN
P509,REG_서귀포시_남원읍,LOCATED_IN
P510,REG_제주시_구좌읍,LOCATED_IN
P511,REG_제주시_조천읍,LOCATED_IN
P512,REG_서귀포시_서홍동,LOCATED_IN
P513,REG_제주시_건입동,LOCATED_IN
P514,REG_서귀포시_성산읍,LOCATED_IN
P515,REG_제주시_한경면,LOCATED_IN
P516,REG_제주시_애월읍,LOCATED_IN
P517,REG_제주시_조천읍,LOCATED_IN
P518,REG_서귀포시_안덕면,LOCATED_IN
P519,REG_제주시_조천읍,LOCATED_IN
P520,REG_서귀포시_대포동,LOCATED_IN
P521,REG_제주시_한림읍,LOCATED_IN
P522,REG_제주시_구좌읍,LOCATED_IN
P523,REG_제주시_화북일동,LOCATED_IN
P524,REG_서귀포시_남원읍,LOCATED_IN
P525,REG_제주시_애월읍,LOCATED_IN
P526,REG_서귀포시_표선면,LOCATED_IN
P527,REG_제주시_아라일동,LOCATED_IN
P528,REG_제주시_연동,LOCATED_IN
P529,REG_서귀포시_표선면,LOCATED_IN
P530,REG_제주시_조천읍,LOCATED_IN
P531,REG_서귀포시_남원읍,LOCATED_IN
P532,REG_제주시_추자면,LOCATED_IN
P533,REG_제주시_조천읍,LOCATED_IN
P534,REG_서귀포시_서홍동,LOCATED_IN
P535,REG_서귀포시_안덕면,LOCATED_IN
P536,REG_서귀포시_상효동,LOCATED_IN
P538,REG_제주시_애월읍,LOCATED_IN
P539,REG_제주시_한경면,LOCATED_IN
P540,REG_서귀포시_상예동,LOCATED_IN
P541,REG_서귀포시_하예동,LOCATED_IN
P542,REG_서귀포시_표선면,LOCATED_IN
P543,REG_제주시_조천읍,LOCATED_IN
P544,REG_제주시_한림읍,LOCATED_IN
P545,REG_제주시_오라이동,LOCATED_IN
P546,REG_제주시_한경면,LOCATED_IN
P547,REG_제주시_한경면,LOCATED_IN
P548,REG_서귀포시_남원읍,LOCATED_IN
P549,REG_서귀포시_표선면,LOCATED_IN
P550,REG_서귀포시_신효동,LOCATED_IN
P551,REG_서귀포시_강정동,LOCATED_IN
P552,REG_서귀포시_표선면,LOCATED_IN
P553,REG_서귀포시_월평동,LOCATED_IN
P554,REG_제주시_조천읍,LOCATED_IN
P555,REG_제주시_구좌읍,LOCATED_IN
P556,REG_제주시_아라일동,LOCATED_IN
P557,REG_제주시_봉개동,LOCATED_IN
P558,REG_서귀포시_하효동,LOCATED_IN
P559,REG_서귀포시_서호동,LOCATED_IN
P560,REG_서귀포시_대정읍,LOCATED_IN
P561,REG_서귀포시_남원읍,LOCATED_IN
P562,REG_서귀포시_성산읍,LOCATED_IN
P563,REG_서귀포시_성산읍,LOCATED_IN
P564,REG_제주시_아라일동,LOCATED_IN
P565,REG_제주시_아라일동,LOCATED_IN
P566,REG_서귀포시_안덕면,LOCATED_IN
P567,REG_제주시_구좌읍,LOCATED_IN
P568,REG_서귀포시_성산읍,LOCATED_IN
P569,REG_제주시_구좌읍,LOCATED_IN
P570,REG_제주시_구좌읍,LOCATED_IN
P571,REG_제주시_한경면,LOCATED_IN
P572,REG_제주시_구좌읍,LOCATED_IN
P573,REG_제주시_구좌읍,LOCATED_IN
P574,REG_제주시_구좌읍,LOCATED_IN
P575,REG_서귀포시_성산읍,LOCATED_IN
P576,REG_제주시_조천읍,LOCATED_IN
P577,REG_제주시_연동,LOCATED_IN
P578,REG_서귀포시_남원읍,LOCATED_IN
P579,REG_제주시_애월읍,LOCATED_IN
P580,REG_서귀포시_남원읍,LOCATED_IN
P581,REG_서귀포시_대정읍,LOCATED_IN
P582,REG_서귀포시_하예동,LOCATED_IN
P583,REG_서귀포시_성산읍,LOCATED_IN
P584,REG_제주시_한림읍,LOCATED_IN
P585,REG_서귀포시_안덕면,LOCATED_IN
P586,REG_제주시_조천읍,LOCATED_IN
P587,REG_서귀포시_안덕면,LOCATED_IN
P588,REG_제주시_화북이동,LOCATED_IN
P589,REG_서귀포시_대정읍,LOCATED_IN
P590,REG_서귀포시_대정읍,LOCATED_IN
P591,REG_서귀포시_도순동,LOCATED_IN
P592,REG_서귀포시_하원동,LOCATED_IN
P593,REG_제주시_구좌읍,LOCATED_IN
P594,REG_제주시_조천읍,LOCATED_IN
P595,REG_서귀포시_남원읍,LOCATED_IN
P596,REG_서귀포시_남원읍,LOCATED_IN
P597,REG_서귀포시_대정읍,LOCATED_IN
P598,REG_서귀포시_강정동,LOCATED_IN
P599,REG_제주시_구좌읍,LOCATED_IN
P600,REG_서귀포시_안덕면,LOCATED_IN
P601,REG_제주시_조천읍,LOCATED_IN
P602,REG_제주시_애월읍,LOCATED_IN
P603,REG_제주시_외도이동,LOCATED_IN
P604,REG_서귀포시_신효동,LOCATED_IN
P605,REG_서귀포시_월평동,LOCATED_IN
P606,REG_제주시_애월읍,LOCATED_IN
P607,REG_서귀포시_성산읍,LOCATED_IN
P608,REG_서귀포시_성산읍,LOCATED_IN
P609,REG_서귀포시_성산읍,LOCATED_IN
P610,REG_서귀포시_남원읍,LOCATED_IN
P611,REG_서귀포시_남원읍,LOCATED_IN
P612,REG_제주시_한경면,LOCATED_IN
P613,REG_제주시_봉개동,LOCATED_IN
P614,REG_제주시_한경면,LOCATED_IN
P615,REG_제주시_한림읍,LOCATED_IN
P616,REG_제주시_한림읍,LOCATED_IN
P617,REG_서귀포시_표선면,LOCATED_IN
P618,REG_서귀포시_색달동,LOCATED_IN
P619,REG_서귀포시_대정읍,LOCATED_IN
P620,REG_제주시_한경면,LOCATED_IN
P621,REG_제주시_한림읍,LOCATED_IN
P622,REG_서귀포시_성산읍,LOCATED_IN
P623,REG_서귀포시_표선면,LOCATED_IN
P624,REG_서귀포시_남원읍,LOCATED_IN
P625,REG_제주시_연동,LOCATED_IN
P626,REG_제주시_구좌읍,LOCATED_IN
P627,REG_제주시_구좌읍,LOCATED_IN
P628,REG_제주시_애월읍,LOCATED_IN
P629,REG_제주시_한경면,LOCATED_IN
P630,REG_제주시_추자면,LOCATED_IN
P631,REG_제주시_추자면,LOCATED_IN
P632,REG_제주시_애월읍,LOCATED_IN
P633,REG_제주시_애월읍,LOCATED_IN
P634,REG_서귀포시_표선면,LOCATED_IN
P635,REG_제주시_한림읍,LOCATED_IN
P636,REG_제주시_구좌읍,LOCATED_IN
P637,REG_제주시_조천읍,LOCATED_IN
P638,REG_제주시_한림읍,LOCATED_IN
P639,REG_제주시_애월읍,LOCATED_IN
P640,REG_서귀포시_남원읍,LOCATED_IN
P641,REG_서귀포시_성산읍,LOCATED_IN
P642,REG_제주시_한경면,LOCATED_IN
P643,REG_서귀포시_안덕면,LOCATED_IN
P644,REG_제주시_한림읍,LOCATED_IN
P645,REG_제주시_오등동,LOCATED_IN
P646,REG_서귀포시_표선면,LOCATED_IN
P647,REG_제주시_오라이동,LOCATED_IN
P648,REG_서귀포시_성산읍,LOCATED_IN
P649,REG_제주시_한림읍,LOCATED_IN
P650,REG_제주시_구좌읍,LOCATED_IN
P651,REG_서귀포시_대정읍,LOCATED_IN
P652,REG_서귀포시_동홍동,LOCATED_IN
P653,REG_제주시_한경면,LOCATED_IN
P654,REG_제주시_봉개동,LOCATED_IN
P655,REG_서귀포시_대정읍,LOCATED_IN
P656,REG_제주시_구좌읍,LOCATED_IN
P657,REG_제주시_한림읍,LOCATED_IN
P658,REG_서귀포시_대정읍,LOCATED_IN
P659,REG_제주시_구좌읍,LOCATED_IN
P660,REG_서귀포시_대정읍,LOCATED_IN
P661,REG_제주시_한경면,LOCATED_IN
P662,REG_제주시_화북일동,LOCATED_IN
P663,REG_제주시_조천읍,LOCATED_IN
P664,REG_서귀포시_안덕면,LOCATED_IN
P665,REG_서귀포시_대정읍,LOCATED_IN
P666,REG_제주시_구좌읍,LOCATED_IN
P668,REG_서귀포시_표선면,LOCATED_IN
P669,REG_서귀포시_안덕면,LOCATED_IN
P670,REG_제주시_조천읍,LOCATED_IN
P671,REG_서귀포시_대정읍,LOCATED_IN
P672,REG_제주시_조천읍,LOCATED_IN
P673,REG_제주시_용강동,LOCATED_IN
P674,REG_서귀포시_안덕면,LOCATED_IN
P675,REG_제주시_애월읍,LOCATED_IN
P676,REG_서귀포시_표선면,LOCATED_IN
P677,REG_제주시_노형동,LOCATED_IN
P678,REG_서귀포시_중문동,LOCATED_IN
P679,REG_서귀포시_대정읍,LOCATED_IN
P680,REG_서귀포시_안덕면,LOCATED_IN
P681,REG_서귀포시_성산읍,LOCATED_IN
P682,REG_서귀포시_성산읍,LOCATED_IN
P683,REG_서귀포시_상예동,LOCATED_IN
P684,REG_서귀포시_표선면,LOCATED_IN
P685,REG_제주시_건입동,LOCATED_IN
P686,REG_서귀포시_신효동,LOCATED_IN
P687,REG_서귀포시_호근동,LOCATED_IN
P688,REG_제주시_건입동,LOCATED_IN
P689,REG_제주시_구좌읍,LOCATED_IN
P690,REG_제주시_한경면,LOCATED_IN
P691,REG_서귀포시_대정읍,LOCATED_IN
P692,REG_서귀포시_색달동,LOCATED_IN
P693,REG_서귀포시_안덕면,LOCATED_IN
P694,REG_제주시_한경면,LOCATED_IN
P695,REG_제주시_조천읍,LOCATED_IN
P696,REG_서귀포시_표선면,LOCATED_IN
P697,REG_제주시_구좌읍,LOCATED_IN
P698,REG_제주시_이도이동,LOCATED_IN
P699,REG_제주시_일도일동,LOCATED_IN
P700,REG_서귀포시_안덕면,LOCATED_IN
P701,REG_제주시_노형동,LOCATED_IN
P702,REG_서귀포시_남원읍,LOCATED_IN
P703,REG_서귀포시_호근동,LOCATED_IN
P704,REG_서귀포시_색달동,LOCATED_IN
P705,REG_제주시_오등동,LOCATED_IN
P706,REG_제주시_한림읍,LOCATED_IN
P707,REG_제주시_연동,LOCATED_IN
P708,REG_제주시_봉개동,LOCATED_IN
P709,REG_서귀포시_하예동,LOCATED_IN
P710,REG_제주시_애월읍,LOCATED_IN
P711,REG_제주시_오라이동,LOCATED_IN
P712,REG_서귀포시_안덕면,LOCATED_IN
P713,REG_서귀포시_안덕면,LOCATED_IN
P714,REG_제주시_일도일동,LOCATED_IN
P715,REG_서귀포시_안덕면,LOCATED_IN
P716,REG_제주시_한경면,LOCATED_IN
P717,REG_제주시_조천읍,LOCATED_IN
P718,REG_제주시_한경면,LOCATED_IN
P719,REG_제주시_노형동,LOCATED_IN
P720,REG_서귀포시_남원읍,LOCATED_IN
P721,REG_제주시_삼양일동,LOCATED_IN
P722,REG_제주시_조천읍,LOCATED_IN
P723,REG_서귀포시_대정읍,LOCATED_IN
P724,REG_서귀포시_대정읍,LOCATED_IN
P725,REG_제주시_한림읍,LOCATED_IN
P726,REG_제주시_구좌읍,LOCATED_IN
P727,REG_제주시_구좌읍,LOCATED_IN
P728,REG_제주시_한림읍,LOCATED_IN
P729,REG_서귀포시_대정읍,LOCATED_IN
P730,REG_제주시_애월읍,LOCATED_IN
P731,REG_제주시_구좌읍,LOCATED_IN
P732,REG_서귀포시_동홍동,LOCATED_IN
P733,REG_제주시_이도일동,LOCATED_IN
P734,REG_제주시_한림읍,LOCATED_IN
P735,REG_서귀포시_대정읍,LOCATED_IN
P736,REG_서귀포시_상효동,LOCATED_IN
P737,REG_제주시_도남동,LOCATED_IN
P738,REG_제주시_조천읍,LOCATED_IN
P739,REG_제주시_해안동,LOCATED_IN
P740,REG_서귀포시_색달동,LOCATED_IN
P741,REG_서귀포시_안덕면,LOCATED_IN
P742,REG_제주시_추자면,LOCATED_IN
P743,REG_서귀포시_색달동,LOCATED_IN
P744,REG_제주시_구좌읍,LOCATED_IN
P745,REG_제주시_한경면,LOCATED_IN
P746,REG_제주시_구좌읍,LOCATED_IN
P747,REG_제주시_해안동,LOCATED_IN
P748,REG_서귀포시_남원읍,LOCATED_IN
P749,REG_서귀포시_표선면,LOCATED_IN
P750,REG_제주시_구좌읍,LOCATED_IN
P751,REG_제주시_구좌읍,LOCATED_IN
P752,REG_제주시_애월읍,LOCATED_IN
P753,REG_서귀포시_대정읍,LOCATED_IN
P754,REG_서귀포시_표선면,LOCATED_IN
P755,REG_서귀포시_남원읍,LOCATED_IN
P756,REG_제주시_조천읍,LOCATED_IN
P757,REG_제주시_한경면,LOCATED_IN
P758,REG_제주시_한림읍,LOCATED_IN
P759,REG_제주시_화북일동,LOCATED_IN
P760,REG_제주시_삼양일동,LOCATED_IN
P761,REG_서귀포시_성산읍,LOCATED_IN
P762,REG_제주시_구좌읍,LOCATED_IN
P763,REG_서귀포시_성산읍,LOCATED_IN
P764,REG_제주시_애월읍,LOCATED_IN
P765,REG_제주시_구좌읍,LOCATED_IN
P766,REG_제주시_구좌읍,LOCATED_IN
P767,REG_서귀포시_성산읍,LOCATED_IN
P768,REG_서귀포시_표선면,LOCATED_IN
P769,REG_서귀포시_동홍동,LOCATED_IN
P770,REG_서귀포시_표선면,LOCATED_IN
P771,REG_제주시_구좌읍,LOCATED_IN
P772,REG_제주시_조천읍,LOCATED_IN
P773,REG_서귀포시_호근동,LOCATED_IN
P774,REG_서귀포시_안덕면,LOCATED_IN
P775,REG_서귀포시_상효동,LOCATED_IN
P776,REG_제주시_조천읍,LOCATED_IN
P777,REG_제주시_구좌읍,LOCATED_IN
P778,REG_제주시_구좌읍,LOCATED_IN
P779,REG_서귀포시_표선면,LOCATED_IN
P780,REG_제주시_구좌읍,LOCATED_IN
P781,REG_제주시_한림읍,LOCATED_IN
P782,REG_제주시_애월읍,LOCATED_IN
P783,REG_제주시_애월읍,LOCATED_IN
P784,REG_서귀포시_성산읍,LOCATED_IN
P785,REG_제주시_구좌읍,LOCATED_IN
P786,REG_제주시_조천읍,LOCATED_IN
P787,REG_제주시_애월읍,LOCATED_IN
P788,REG_제주시_애월읍,LOCATED_IN
P789,REG_서귀포시_표선면,LOCATED_IN
P790,REG_서귀포시_표선면,LOCATED_IN
P791,REG_서귀포시_남원읍,LOCATED_IN
P792,REG_서귀포시_성산읍,LOCATED_IN
P793,REG_서귀포시_안덕면,LOCATED_IN
P794,REG_서귀포시_대포동,LOCATED_IN
P795,REG_제주시_조천읍,LOCATED_IN
P796,REG_제주시_애월읍,LOCATED_IN
P797,REG_서귀포시_표선면,LOCATED_IN
P798,REG_제주시_구좌읍,LOCATED_IN
P799,REG_서귀포시_안덕면,LOCATED_IN
P800,REG_서귀포시_대정읍,LOCATED_IN
P801,REG_서귀포시_안덕면,LOCATED_IN
P802,REG_제주시_구좌읍,LOCATED_IN
P803,REG_서귀포시_표선면,LOCATED_IN
P804,REG_서귀포시_표선면,LOCATED_IN
P805,REG_제주시_회천동,LOCATED_IN
P806,REG_제주시_구좌읍,LOCATED_IN
P807,REG_제주시_삼도일동,LOCATED_IN
P808,REG_제주시_애월읍,LOCATED_IN
P809,REG_제주시_조천읍,LOCATED_IN
P810,REG_제주시_조천읍,LOCATED_IN
P811,REG_제주시_조천읍,LOCATED_IN
P812,REG_서귀포시_남원읍,LOCATED_IN
P813,REG_서귀포시_남원읍,LOCATED_IN
P814,REG_서귀포시_남원읍,LOCATED_IN
P815,REG_제주시_한림읍,LOCATED_IN
P816,REG_제주시_봉개동,LOCATED_IN
P817,REG_제주시_구좌읍,LOCATED_IN
P818,REG_서귀포시_성산읍,LOCATED_IN
P819,REG_서귀포시_상효동,LOCATED_IN
P820,REG_제주시_한경면,LOCATED_IN
P821,REG_서귀포시_표선면,LOCATED_IN
P822,REG_제주시_애월읍,LOCATED_IN
P823,REG_서귀포시_성산읍,LOCATED_IN
P824,REG_제주시_조천읍,LOCATED_IN
P825,REG_서귀포시_서홍동,LOCATED_IN
P826,REG_제주시_건입동,LOCATED_IN
P827,REG_서귀포시_서홍동,LOCATED_IN
P828,REG_서귀포시_대정읍,LOCATED_IN
P829,REG_서귀포시_서호동,LOCATED_IN
P830,REG_제주시_연동,LOCATED_IN
P831,REG_서귀포시_호근동,LOCATED_IN
P832,REG_서귀포시_표선면,LOCATED_IN
P833,REG_제주시_용강동,LOCATED_IN
P834,REG_제주시_한경면,LOCATED_IN
P835,REG_서귀포시_표선면,LOCATED_IN
P836,REG_서귀포시_대정읍,LOCATED_IN
P837,REG_서귀포시_색달동,LOCATED_IN
P838,REG_서귀포시_도순동,LOCATED_IN
P839,REG_서귀포시_상효동,LOCATED_IN
P840,REG_서귀포시_남원읍,LOCATED_IN
P841,REG_서귀포시_성산읍,LOCATED_IN
P842,REG_서귀포시_색달동,LOCATED_IN
P843,REG_서귀포시_안덕면,LOCATED_IN
P844,REG_제주시_한경면,LOCATED_IN
P845,REG_서귀포시_하원동,LOCATED_IN
P846,REG_제주시_우도면,LOCATED_IN
P847,REG_서귀포시_표선면,LOCATED_IN
P848,REG_서귀포시_토평동,LOCATED_IN
P849,REG_서귀포시_서홍동,LOCATED_IN
P850,REG_서귀포시_상효동,LOCATED_IN
P851,REG_서귀포시_상효동,LOCATED_IN
P852,REG_제주시_건입동,LOCATED_IN
P853,REG_서귀포시_하효동,LOCATED_IN
P854,REG_제주시_애월읍,LOCATED_IN
P855,REG_제주시_애월읍,LOCATED_IN
P856,REG_서귀포시_서홍동,LOCATED_IN
P857,REG_제주시_구좌읍,LOCATED_IN
P858,REG_서귀포시_대정읍,LOCATED_IN
P859,REG_서귀포시_하원동,LOCATED_IN
P860,REG_서귀포시_남원읍,LOCATED_IN
P861,REG_제주시_한림읍,LOCATED_IN
P862,REG_제주시_조천읍,LOCATED_IN
P863,REG_제주시_용강동,LOCATED_IN
P864,REG_제주시_조천읍,LOCATED_IN
P865,REG_서귀포시_서홍동,LOCATED_IN
P866,REG_서귀포시_남원읍,LOCATED_IN
P867,REG_서귀포시_남원읍,LOCATED_IN
P868,REG_제주시_조천읍,LOCATED_IN
P869,REG_제주시_오등동,LOCATED_IN
P870,REG_서귀포시_남원읍,LOCATED_IN
P871,REG_제주시_구좌읍,LOCATED_IN
P872,REG_서귀포시_대정읍,LOCATED_IN
P873,REG_서귀포시_법환동,LOCATED_IN
P874,REG_서귀포시_성산읍,LOCATED_IN
P875,REG_서귀포시_상예동,LOCATED_IN
P876,REG_제주시_용담이동,LOCATED_IN
P877,REG_제주시_한경면,LOCATED_IN
P878,REG_서귀포시_안덕면,LOCATED_IN
P879,REG_서귀포시_월평동,LOCATED_IN
P880,REG_제주시_일도일동,LOCATED_IN
P881,REG_제주시_조천읍,LOCATED_IN
P882,REG_서귀포시_법환동,LOCATED_IN
P883,REG_제주시_추자면,LOCATED_IN
P884,REG_서귀포시_대정읍,LOCATED_IN
P885,REG_제주시_한경면,LOCATED_IN
P886,REG_제주시_한경면,LOCATED_IN
P887,REG_서귀포시_대정읍,LOCATED_IN
P888,REG_제주시_조천읍,LOCATED_IN
P889,REG_서귀포시_상효동,LOCATED_IN
P890,REG_서귀포시_대정읍,LOCATED_IN
P891,REG_제주시_한경면,LOCATED_IN
P892,REG_제주시_조천읍,LOCATED_IN
P893,REG_제주시_한경면,LOCATED_IN
P894,REG_서귀포시_하예동,LOCATED_IN
P895,REG_제주시_구좌읍,LOCATED_IN
P896,REG_서귀포시_대정읍,LOCATED_IN
P897,REG_서귀포시_보목동,LOCATED_IN
P898,REG_서귀포시_남원읍,LOCATED_IN
P899,REG_제주시_조천읍,LOCATED_IN
P900,REG_서귀포시_하예동,LOCATED_IN
P901,REG_제주시_추자면,LOCATED_IN
P902,REG_서귀포시_남원읍,LOCATED_IN
P903,REG_제주시_도두일동,LOCATED_IN
P904,REG_제주시_구좌읍,LOCATED_IN
P905,REG_제주시_구좌읍,LOCATED_IN
P906,REG_서귀포시_남원읍,LOCATED_IN
P907,REG_제주시_애월읍,LOCATED_IN
P908,REG_서귀포시_표선면,LOCATED_IN
P909,REG_서귀포시_대포동,LOCATED_IN
P910,REG_제주시_구좌읍,LOCATED_IN
P911,REG_제주시_구좌읍,LOCATED_IN
P912,REG_제주시_조천읍,LOCATED_IN
P913,REG_제주시_한림읍,LOCATED_IN
P914,REG_서귀포시_대정읍,LOCATED_IN
P915,REG_서귀포시_대정읍,LOCATED_IN
P916,REG_제주시_한경면,LOCATED_IN
P917,REG_제주시_추자면,LOCATED_IN
P918,REG_서귀포시_안덕면,LOCATED_IN
P919,REG_서귀포시_안덕면,LOCATED_IN
P920,REG_서귀포시_색달동,LOCATED_IN
P921,REG_서귀포시_강정동,LOCATED_IN
P922,REG_서귀포시_보목동,LOCATED_IN
P923,REG_제주시_한경면,LOCATED_IN
P924,REG_서귀포시_대정읍,LOCATED_IN
P925,REG_제주시_조천읍,LOCATED_IN
P926,REG_제주시_한림읍,LOCATED_IN
P927,REG_서귀포시_안덕면,LOCATED_IN
P928,REG_제주시_애월읍,LOCATED_IN
P929,REG_제주시_애월읍,LOCATED_IN
P930,REG_제주시_애월읍,LOCATED_IN
P931,REG_서귀포시_성산읍,LOCATED_IN
P932,REG_서귀포시_안덕면,LOCATED_IN
P933,REG_제주시_노형동,LOCATED_IN
P934,REG_제주시_애월읍,LOCATED_IN
P935,REG_서귀포시_월평동,LOCATED_IN
P936,REG_제주시_용강동,LOCATED_IN
P937,REG_제주시_한경면,LOCATED_IN
P938,REG_서귀포시_남원읍,LOCATED_IN
P939,REG_서귀포시_표선면,LOCATED_IN
P940,REG_제주시_우도면,LOCATED_IN
P941,REG_서귀포시_상예동,LOCATED_IN
P942,REG_제주시_도남동,LOCATED_IN
P943,REG_서귀포시_서홍동,LOCATED_IN
P944,REG_제주시_구좌읍,LOCATED_IN
P945,REG_제주시_조천읍,LOCATED_IN
P946,REG_제주시_구좌읍,LOCATED_IN
P947,REG_제주시_한경면,LOCATED_IN
P948,REG_제주시_구좌읍,LOCATED_IN
P949,REG_서귀포시_서홍동,LOCATED_IN
P950,REG_서귀포시_안덕면,LOCATED_IN
P951,REG_서귀포시_법환동,LOCATED_IN
P952,REG_제주시_애월읍,LOCATED_IN
P953,REG_제주시_연동,LOCATED_IN
P954,REG_제주시_한림읍,LOCATED_IN
P955,REG_제주시_구좌읍,LOCATED_IN
P956,REG_서귀포시_대정읍,LOCATED_IN
P957,REG_서귀포시_대포동,LOCATED_IN
P958,REG_제주시_한림읍,LOCATED_IN
P959,REG_제주시_한경면,LOCATED_IN
P960,REG_제주시_우도면,LOCATED_IN
P961,REG_제주시_조천읍,LOCATED_IN
P962,REG_제주시_도두일동,LOCATED_IN
P963,REG_서귀포시_법환동,LOCATED_IN
P964,REG_제주시_조천읍,LOCATED_IN
P965,REG_서귀포시_강정동,LOCATED_IN
P966,REG_제주시_한림읍,LOCATED_IN
P967,REG_서귀포시_중문동,LOCATED_IN
P968,REG_제주시_조천읍,LOCATED_IN
P969,REG_제주시_오라일동,LOCATED_IN
P970,REG_제주시_구좌읍,LOCATED_IN
P971,REG_서귀포시_성산읍,LOCATED_IN
P972,REG_제주시_애월읍,LOCATED_IN
P973,REG_서귀포시_법환동,LOCATED_IN
P974,REG_서귀포시_대정읍,LOCATED_IN
P975,REG_제주시_애월읍,LOCATED_IN
P976,REG_서귀포시_대정읍,LOCATED_IN
P977,REG_서귀포시_대정읍,LOCATED_IN
P978,REG_서귀포시_표선면,LOCATED_IN
P979,REG_제주시_애월읍,LOCATED_IN
P980,REG_서귀포시_표선면,LOCATED_IN
P981,REG_서귀포시_안덕면,LOCATED_IN
P982,REG_제주시_구좌읍,LOCATED_IN
P983,REG_제주시_우도면,LOCATED_IN
P984,REG_제주시_조천읍,LOCATED_IN
P985,REG_서귀포시_남원읍,LOCATED_IN
P986,REG_제주시_조천읍,LOCATED_IN
P987,REG_서귀포시_안덕면,LOCATED_IN
P988,REG_서귀포시_표선면,LOCATED_IN
P989,REG_제주시_조천읍,LOCATED_IN
P990,REG_제주시_한림읍,LOCATED_IN
P991,REG_서귀포시_토평동,LOCATED_IN
P992,REG_서귀포시_상예동,LOCATED_IN
P993,REG_서귀포시_대정읍,LOCATED_IN
P994,REG_서귀포시_색달동,LOCATED_IN
P995,REG_서귀포시_표선면,LOCATED_IN
P996,REG_서귀포시_법환동,LOCATED_IN
P997,REG_제주시_오라일동,LOCATED_IN
P998,REG_제주시_도두일동,LOCATED_IN
P999,REG_제주시_용담삼동,LOCATED_IN
P1000,REG_서귀포시_성산읍,LOCATED_IN
P1001,REG_서귀포시_안덕면,LOCATED_IN
P1002,REG_서귀포시_안덕면,LOCATED_IN
P1003,REG_제주시_연동,LOCATED_IN
P1004,REG_서귀포시_안덕면,LOCATED_IN
P1005,REG_제주시_조천읍,LOCATED_IN
P1006,REG_제주시_한경면,LOCATED_IN
P1007,REG_제주시_조천읍,LOCATED_IN
P1008,REG_제주시_애월읍,LOCATED_IN
P1009,REG_제주시_구좌읍,LOCATED_IN
P1010,REG_제주시_구좌읍,LOCATED_IN
P1011,REG_제주시_조천읍,LOCATED_IN
P1012,REG_서귀포시_성산읍,LOCATED_IN
P1013,REG_서귀포시_표선면,LOCATED_IN
P1014,REG_제주시_애월읍,LOCATED_IN
P1015,REG_제주시_한림읍,LOCATED_IN
P1016,REG_제주시_조천읍,LOCATED_IN
P1017,REG_서귀포시_색달동,LOCATED_IN
P1018,REG_제주시_애월읍,LOCATED_IN
P1019,REG_서귀포시_안덕면,LOCATED_IN
P1020,REG_서귀포시_안덕면,LOCATED_IN
P1021,REG_제주시_애월읍,LOCATED_IN
P1022,REG_제주시_조천읍,LOCATED_IN
P1023,REG_서귀포시_색달동,LOCATED_IN
P1024,REG_제주시_애월읍,LOCATED_IN
P1025,REG_서귀포시_안덕면,LOCATED_IN
