placeId,activityId
P001,ACT_001
P001,ACT_002
P002,ACT_003
P002,ACT_004
P003,ACT_003
P003,ACT_004
P004,ACT_005
P004,ACT_006
P005,ACT_007
P005,ACT_008
P006,ACT_005
P006,ACT_006
P007,ACT_008
P007,ACT_009
P008,ACT_005
P008,ACT_006
P009,ACT_008
P009,ACT_010
P010,ACT_008
P010,ACT_005
P011,ACT_005
P011,ACT_006
P012,ACT_005
P012,ACT_006
P013,ACT_005
P013,ACT_011
P014,ACT_001
P014,ACT_002
P015,ACT_008
P015,ACT_005
P016,ACT_005
P016,ACT_008
P017,ACT_005
P017,ACT_008
P018,ACT_009
P018,ACT_012
P019,ACT_013
P020,ACT_001
P020,ACT_002
P021,ACT_008
P021,ACT_005
P022,ACT_007
P022,ACT_005
P023,ACT_013
P024,ACT_008
P024,ACT_005
P025,ACT_013
P026,ACT_005
P026,ACT_006
P027,ACT_013
P028,ACT_005
P028,ACT_006
P029,ACT_008
P029,ACT_010
P030,ACT_007
P030,ACT_005
P031,ACT_003
P031,ACT_004
P032,ACT_013
P033,ACT_013
P034,ACT_013
P035,ACT_014
P035,ACT_005
P036,ACT_005
P036,ACT_006
P037,ACT_008
P037,ACT_005
P038,ACT_007
P038,ACT_008
P039,ACT_013
P040,ACT_008
P040,ACT_010
P041,ACT_008
P042,ACT_008
P042,ACT_005
P043,ACT_010
P044,ACT_013
P045,ACT_008
P045,ACT_010
P046,ACT_008
P046,ACT_005
P047,ACT_013
P048,ACT_001
P048,ACT_008
P049,ACT_014
P049,ACT_005
P050,ACT_013
P051,ACT_005
P051,ACT_006
P052,ACT_008
P052,ACT_005
P053,ACT_005
P053,ACT_006
P054,ACT_010
P054,ACT_005
P055,ACT_014
P055,ACT_005
P056,ACT_001
P056,ACT_002
P057,ACT_013
P058,ACT_008
P058,ACT_010
P059,ACT_013
P060,ACT_008
P060,ACT_005
P061,ACT_005
P061,ACT_008
P062,ACT_008
P062,ACT_005
P063,ACT_005
P063,ACT_008
P064,ACT_010
P065,ACT_008
P066,ACT_005
P066,ACT_006
P067,ACT_005
P067,ACT_009
P068,ACT_013
P069,ACT_005
P069,ACT_008
P070,ACT_001
P070,ACT_002
P071,ACT_008
P072,ACT_003
P073,ACT_013
P074,ACT_008
P074,ACT_005
P075,ACT_005
P075,ACT_008
P076,ACT_013
P077,ACT_008
P077,ACT_005
P078,ACT_015
P079,ACT_008
P079,ACT_016
P080,ACT_013
P081,ACT_001
P081,ACT_008
P082,ACT_005
P082,ACT_008
P083,ACT_013
P084,ACT_005
P084,ACT_008
P085,ACT_007
P085,ACT_005
P086,ACT_013
P087,ACT_013
P088,ACT_013
P089,ACT_017
P090,ACT_010
P090,ACT_008
P091,ACT_010
P092,ACT_013
P093,ACT_010
P093,ACT_008
P094,ACT_005
P094,ACT_006
P095,ACT_017
P096,ACT_013
P097,ACT_005
P097,ACT_008
P098,ACT_010
P098,ACT_008
P099,ACT_005
P099,ACT_006
P100,ACT_010
P101,ACT_008
P101,ACT_010
P102,ACT_005
P102,ACT_006
P103,ACT_001
P103,ACT_008
P104,ACT_005
P104,ACT_011
P105,ACT_010
P106,ACT_008
P106,ACT_010
P107,ACT_010
P107,ACT_008
P108,ACT_008
P109,ACT_010
P110,ACT_008
P111,ACT_008
P111,ACT_010
P112,ACT_001
P112,ACT_002
P113,ACT_004
P114,ACT_010
P115,ACT_005
P115,ACT_008
P116,ACT_008
P117,ACT_010
P118,ACT_005
P118,ACT_006
P119,ACT_008
P120,ACT_010
P120,ACT_008
P121,ACT_004
P122,ACT_005
P122,ACT_003
P123,ACT_013
P124,ACT_013
P125,ACT_005
P125,ACT_006
P126,ACT_018
P126,ACT_005
P127,ACT_005
P127,ACT_008
P128,ACT_005
P128,ACT_008
P129,ACT_019
P129,ACT_011
P130,ACT_019
P130,ACT_011
P131,ACT_013
P132,ACT_009
P132,ACT_004
P133,ACT_001
P133,ACT_002
P134,ACT_008
P135,ACT_013
P136,ACT_008
P137,ACT_013
P138,ACT_005
P138,ACT_008
P139,ACT_005
P139,ACT_008
P140,ACT_008
P141,ACT_010
P141,ACT_009
P142,ACT_020
P142,ACT_008
P143,ACT_021
P143,ACT_008
P144,ACT_008
P145,ACT_018
P145,ACT_005
P146,ACT_019
P146,ACT_011
P147,ACT_003
P147,ACT_004
P148,ACT_018
P148,ACT_022
P149,ACT_020
P149,ACT_008
P150,ACT_004
P151,ACT_008
P152,ACT_008
P153,ACT_001
P153,ACT_002
P154,ACT_008
P155,ACT_008
P156,ACT_008
P157,ACT_008
P158,ACT_008
P159,ACT_020
P159,ACT_008
P160,ACT_005
P160,ACT_023
P161,ACT_020
P161,ACT_008
P162,ACT_005
P162,ACT_006
P163,ACT_008
P164,ACT_010
P164,ACT_008
P165,ACT_005
P165,ACT_011
P166,ACT_009
P166,ACT_024
P167,ACT_004
P168,ACT_008
P169,ACT_008
P170,ACT_020
P170,ACT_008
P171,ACT_005
P171,ACT_011
P172,ACT_005
P172,ACT_011
P173,ACT_018
P173,ACT_005
P174,ACT_008
P175,ACT_020
P175,ACT_008
P176,ACT_008
P177,ACT_008
P178,ACT_003
P178,ACT_004
P179,ACT_005
P179,ACT_008
P180,ACT_008
P181,ACT_010
P182,ACT_005
P182,ACT_008
P183,ACT_008
P184,ACT_019
P184,ACT_011
P185,ACT_004
P186,ACT_010
P187,ACT_005
P187,ACT_008
P188,ACT_003
P188,ACT_004
P189,ACT_019
P189,ACT_011
P190,ACT_020
P190,ACT_008
P191,ACT_019
P191,ACT_011
P192,ACT_008
P193,ACT_008
P194,ACT_008
P195,ACT_005
P195,ACT_006
P196,ACT_018
P196,ACT_005
P197,ACT_008
P198,ACT_008
P199,ACT_018
P199,ACT_022
P200,ACT_018
P200,ACT_022
P201,ACT_019
P201,ACT_011
P202,ACT_005
P202,ACT_008
P203,ACT_020
P203,ACT_008
P204,ACT_018
P204,ACT_005
P205,ACT_018
P205,ACT_005
P206,ACT_020
P206,ACT_008
P207,ACT_019
P207,ACT_011
P208,ACT_008
P208,ACT_010
P209,ACT_018
P209,ACT_005
P210,ACT_005
P210,ACT_008
P211,ACT_008
P212,ACT_004
P213,ACT_020
P213,ACT_008
P214,ACT_018
P214,ACT_005
P215,ACT_005
P215,ACT_011
P216,ACT_019
P216,ACT_011
P217,ACT_008
P218,ACT_018
P218,ACT_005
P219,ACT_018
P219,ACT_005
P220,ACT_005
P220,ACT_011
P221,ACT_008
P222,ACT_008
P223,ACT_019
P223,ACT_011
P224,ACT_019
P224,ACT_011
P225,ACT_008
P226,ACT_008
P227,ACT_005
P227,ACT_011
P228,ACT_005
P228,ACT_011
P229,ACT_008
P230,ACT_018
P230,ACT_005
P231,ACT_018
P231,ACT_005
P232,ACT_020
P232,ACT_008
P233,ACT_005
P233,ACT_011
P234,ACT_018
P234,ACT_005
P235,ACT_003
P235,ACT_004
P236,ACT_005
P236,ACT_008
P237,ACT_005
P237,ACT_003
P238,ACT_019
P238,ACT_011
P239,ACT_001
P239,ACT_002
P240,ACT_019
P240,ACT_011
P241,ACT_008
P242,ACT_008
P243,ACT_008
P243,ACT_010
P244,ACT_018
P244,ACT_022
P245,ACT_018
P245,ACT_005
P246,ACT_018
P246,ACT_005
P247,ACT_005
P247,ACT_011
P248,ACT_005
P248,ACT_008
P249,ACT_003
P249,ACT_004
P250,ACT_005
P250,ACT_006
P251,ACT_001
P251,ACT_002
P252,ACT_005
P252,ACT_006
P253,ACT_005
P253,ACT_008
P254,ACT_008
P255,ACT_019
P255,ACT_011
P256,ACT_020
P256,ACT_008
P257,ACT_005
P257,ACT_006
P258,ACT_018
P258,ACT_022
P259,ACT_018
P259,ACT_005
P260,ACT_007
P260,ACT_018
P261,ACT_020
P261,ACT_008
P262,ACT_019
P262,ACT_011
P263,ACT_008
P264,ACT_004
P265,ACT_008
P266,ACT_005
P266,ACT_008
P267,ACT_005
P267,ACT_011
P268,ACT_005
P268,ACT_011
P269,ACT_008
P269,ACT_004
P270,ACT_010
P271,ACT_008
P272,ACT_019
P272,ACT_011
P273,ACT_008
P274,ACT_008
P275,ACT_005
P275,ACT_008
P276,ACT_018
P276,ACT_005
P277,ACT_004
P278,ACT_018
P278,ACT_005
P279,ACT_005
P279,ACT_011
P280,ACT_008
P281,ACT_018
P281,ACT_005
P282,ACT_018
P282,ACT_005
P283,ACT_004
P283,ACT_025
P284,ACT_018
P284,ACT_005
P285,ACT_018
P285,ACT_005
P286,ACT_005
P286,ACT_008
P287,ACT_005
P287,ACT_006
P288,ACT_026
P288,ACT_027
P289,ACT_003
P289,ACT_004
P290,ACT_018
P290,ACT_005
P291,ACT_008
P292,ACT_008
P293,ACT_004
P294,ACT_008
P295,ACT_020
P295,ACT_008
P296,ACT_020
P296,ACT_008
P297,ACT_020
P297,ACT_008
P298,ACT_020
P298,ACT_008
P299,ACT_004
P300,ACT_005
P300,ACT_011
P301,ACT_008
P302,ACT_018
P302,ACT_005
P303,ACT_018
P303,ACT_022
P304,ACT_005
P304,ACT_011
P305,ACT_028
P305,ACT_029
P306,ACT_018
P306,ACT_005
P307,ACT_019
P307,ACT_011
P308,ACT_018
P308,ACT_005
P309,ACT_005
P309,ACT_011
P310,ACT_005
P310,ACT_011
P311,ACT_018
P311,ACT_005
P312,ACT_005
P312,ACT_006
P313,ACT_018
P313,ACT_005
P314,ACT_008
P315,ACT_008
P316,ACT_019
P316,ACT_011
P317,ACT_005
P317,ACT_008
P318,ACT_018
P318,ACT_005
P319,ACT_005
P319,ACT_011
P320,ACT_008
P321,ACT_005
P321,ACT_011
P322,ACT_018
P322,ACT_005
P323,ACT_019
P323,ACT_011
P324,ACT_010
P324,ACT_008
P325,ACT_005
P325,ACT_011
P326,ACT_005
P326,ACT_011
P327,ACT_008
P328,ACT_008
P329,ACT_005
P329,ACT_011
P330,ACT_018
P330,ACT_005
P331,ACT_001
P331,ACT_002
P332,ACT_018
P332,ACT_005
P333,ACT_008
P334,ACT_005
P334,ACT_011
P335,ACT_008
P336,ACT_018
P336,ACT_005
P337,ACT_018
P337,ACT_005
P338,ACT_005
P338,ACT_008
P339,ACT_018
P339,ACT_005
P340,ACT_018
P340,ACT_005
P341,ACT_005
P341,ACT_006
P342,ACT_018
P342,ACT_005
P343,ACT_020
P343,ACT_008
P344,ACT_008
P345,ACT_008
P346,ACT_008
P347,ACT_020
P347,ACT_008
P348,ACT_008
P348,ACT_005
P349,ACT_018
P349,ACT_005
P350,ACT_005
P350,ACT_011
P351,ACT_030
P351,ACT_014
P352,ACT_008
P353,ACT_030
P353,ACT_014
P354,ACT_020
P354,ACT_008
P355,ACT_031
P355,ACT_032
P356,ACT_018
P356,ACT_005
P357,ACT_018
P357,ACT_005
P358,ACT_005
P358,ACT_011
P359,ACT_018
P359,ACT_005
P360,ACT_005
P360,ACT_008
P361,ACT_018
P361,ACT_005
P362,ACT_018
P362,ACT_005
P363,ACT_033
P364,ACT_018
P364,ACT_022
P365,ACT_008
P366,ACT_019
P366,ACT_011
P367,ACT_018
P367,ACT_005
P368,ACT_018
P368,ACT_005
P369,ACT_010
P369,ACT_008
P370,ACT_008
P370,ACT_010
P371,ACT_008
P372,ACT_018
P372,ACT_005
P373,ACT_019
P373,ACT_011
P374,ACT_018
P374,ACT_005
P375,ACT_008
P376,ACT_010
P376,ACT_008
P377,ACT_013
P378,ACT_005
P378,ACT_003
P379,ACT_019
P379,ACT_011
P380,ACT_008
P381,ACT_018
P381,ACT_005
P382,ACT_008
P383,ACT_008
P384,ACT_008
P385,ACT_008
P386,ACT_008
P387,ACT_008
P388,ACT_008
P389,ACT_008
P390,ACT_019
P390,ACT_011
P391,ACT_019
P391,ACT_011
P392,ACT_019
P392,ACT_011
P393,ACT_008
P394,ACT_008
P395,ACT_020
P395,ACT_008
P396,ACT_020
P396,ACT_008
P397,ACT_008
P398,ACT_005
P398,ACT_006
P399,ACT_005
P399,ACT_011
P400,ACT_018
P400,ACT_022
P401,ACT_005
P401,ACT_008
P402,ACT_018
P402,ACT_005
P403,ACT_008
P404,ACT_019
P404,ACT_011
P405,ACT_008
P406,ACT_018
P406,ACT_005
P407,ACT_019
P407,ACT_011
P408,ACT_008
P409,ACT_018
P409,ACT_005
P410,ACT_005
P410,ACT_011
P411,ACT_005
P411,ACT_011
P412,ACT_010
P412,ACT_008
P413,ACT_008
P414,ACT_018
P414,ACT_005
P415,ACT_005
P415,ACT_011
P416,ACT_001
P416,ACT_002
P417,ACT_018
P417,ACT_005
P418,ACT_018
P418,ACT_005
P419,ACT_018
P419,ACT_005
P420,ACT_008
P421,ACT_005
P421,ACT_008
P422,ACT_008
P423,ACT_005
P423,ACT_008
P424,ACT_019
P424,ACT_011
P425,ACT_018
P425,ACT_005
P426,ACT_003
P426,ACT_004
P427,ACT_018
P427,ACT_005
P428,ACT_008
P429,ACT_005
P429,ACT_014
P430,ACT_008
P431,ACT_005
P431,ACT_011
P432,ACT_005
P432,ACT_011
P433,ACT_010
P434,ACT_018
P434,ACT_005
P435,ACT_018
P435,ACT_005
P436,ACT_019
P436,ACT_011
P437,ACT_019
P437,ACT_011
P438,ACT_018
P438,ACT_005
P439,ACT_008
P440,ACT_005
P440,ACT_006
P441,ACT_018
P441,ACT_022
P442,ACT_005
P442,ACT_006
P443,ACT_018
P443,ACT_005
P444,ACT_008
P445,ACT_008
P446,ACT_001
P446,ACT_002
P447,ACT_034
P448,ACT_008
P449,ACT_005
P449,ACT_011
P450,ACT_008
P451,ACT_035
P452,ACT_019
P452,ACT_011
P453,ACT_018
P453,ACT_005
P454,ACT_018
P454,ACT_019
P455,ACT_008
P456,ACT_005
P456,ACT_011
P457,ACT_008
P458,ACT_005
P458,ACT_011
P459,ACT_010
P459,ACT_008
P460,ACT_018
P460,ACT_005
P461,ACT_010
P461,ACT_008
P462,ACT_005
P462,ACT_008
P463,ACT_008
P464,ACT_008
P465,ACT_018
P465,ACT_005
P466,ACT_019
P466,ACT_011
P467,ACT_005
P467,ACT_011
P468,ACT_008
P469,ACT_008
P470,ACT_008
P471,ACT_008
P472,ACT_008
P473,ACT_008
P474,ACT_008
P475,ACT_008
P476,ACT_005
P476,ACT_006
P477,ACT_018
P477,ACT_005
P478,ACT_005
P478,ACT_011
P479,ACT_018
P479,ACT_005
P480,ACT_001
P480,ACT_002
P481,ACT_008
P482,ACT_009
P482,ACT_004
P483,ACT_019
P483,ACT_011
P484,ACT_018
P484,ACT_005
P485,ACT_005
P485,ACT_011
P486,ACT_019
P486,ACT_011
P487,ACT_005
P487,ACT_011
P488,ACT_005
P488,ACT_011
P489,ACT_018
P489,ACT_005
P490,ACT_018
P490,ACT_005
P491,ACT_019
P491,ACT_011
P492,ACT_018
P492,ACT_005
P493,ACT_005
P493,ACT_011
P494,ACT_005
P494,ACT_008
P495,ACT_001
P495,ACT_002
P496,ACT_008
P497,ACT_018
P497,ACT_005
P498,ACT_019
P498,ACT_011
P499,ACT_008
P500,ACT_008
P501,ACT_018
P501,ACT_005
P502,ACT_010
P502,ACT_008
P503,ACT_005
P503,ACT_011
P504,ACT_020
P504,ACT_008
P505,ACT_019
P505,ACT_011
P506,ACT_019
P506,ACT_011
P507,ACT_008
P508,ACT_001
P508,ACT_008
P509,ACT_018
P509,ACT_005
P510,ACT_005
P510,ACT_006
P511,ACT_008
P512,ACT_008
P513,ACT_005
P513,ACT_036
P514,ACT_018
P514,ACT_005
P515,ACT_008
P516,ACT_037
P516,ACT_008
P517,ACT_008
P518,ACT_013
P519,ACT_005
P519,ACT_008
P520,ACT_018
P520,ACT_005
P521,ACT_008
P522,ACT_018
P522,ACT_022
P523,ACT_018
P523,ACT_005
P524,ACT_005
P524,ACT_038
P525,ACT_008
P526,ACT_008
P527,ACT_018
P527,ACT_005
P528,ACT_010
P528,ACT_008
P529,ACT_008
P530,ACT_008
P531,ACT_018
P531,ACT_005
P532,ACT_018
P532,ACT_005
P533,ACT_008
P534,ACT_019
P534,ACT_011
P535,ACT_008
P536,ACT_005
P536,ACT_011
P537,ACT_005
P537,ACT_011
P538,ACT_018
P538,ACT_005
P539,ACT_018
P539,ACT_005
P540,ACT_020
P540,ACT_008
P541,ACT_005
P541,ACT_011
P542,ACT_008
P543,ACT_008
P544,ACT_003
P544,ACT_009
P545,ACT_018
P545,ACT_005
P546,ACT_007
P546,ACT_011
P547,ACT_008
P548,ACT_018
P549,ACT_007
P549,ACT_011
P550,ACT_005
P550,ACT_011
P551,ACT_018
P552,ACT_007
P552,ACT_011
P553,ACT_008
P554,ACT_007
P554,ACT_011
P555,ACT_007
P555,ACT_011
P556,ACT_008
P557,ACT_007
P557,ACT_011
P558,ACT_018
P559,ACT_018
P560,ACT_018
P561,ACT_005
P561,ACT_011
P562,ACT_005
P562,ACT_011
P563,ACT_008
P564,ACT_008
P565,ACT_008
P566,ACT_007
P566,ACT_011
P567,ACT_018
P568,ACT_007
P568,ACT_011
P569,ACT_008
P570,ACT_008
P571,ACT_008
P572,ACT_005
P572,ACT_011
P573,ACT_008
P574,ACT_008
P575,ACT_008
P576,ACT_008
P577,ACT_007
P577,ACT_011
P578,ACT_018
P579,ACT_005
P579,ACT_039
P580,ACT_005
P580,ACT_011
P581,ACT_018
P582,ACT_018
P583,ACT_018
P584,ACT_018
P585,ACT_008
P586,ACT_005
P586,ACT_039
P587,ACT_008
P588,ACT_008
P589,ACT_008
P590,ACT_008
P591,ACT_008
P592,ACT_008
P593,ACT_008
P594,ACT_005
P594,ACT_011
P595,ACT_005
P595,ACT_039
P596,ACT_005
P596,ACT_011
P597,ACT_008
P598,ACT_018
P599,ACT_018
P600,ACT_018
P601,ACT_018
P602,ACT_007
P602,ACT_011
P603,ACT_018
P604,ACT_007
P604,ACT_011
P605,ACT_018
P606,ACT_007
P606,ACT_011
P607,ACT_007
P607,ACT_011
P608,ACT_007
P608,ACT_011
P609,ACT_007
P609,ACT_011
P610,ACT_007
P610,ACT_011
P611,ACT_007
P611,ACT_011
P612,ACT_007
P612,ACT_011
P613,ACT_007
P613,ACT_011
P614,ACT_018
P615,ACT_007
P615,ACT_011
P616,ACT_007
P616,ACT_011
P617,ACT_008
P618,ACT_005
P618,ACT_039
P619,ACT_005
P619,ACT_011
P620,ACT_005
P620,ACT_011
P621,ACT_005
P621,ACT_011
P622,ACT_005
P622,ACT_011
P623,ACT_005
P623,ACT_011
P624,ACT_005
P624,ACT_011
P625,ACT_008
P626,ACT_018
P627,ACT_005
P627,ACT_011
P628,ACT_005
P628,ACT_011
P629,ACT_005
P629,ACT_039
P630,ACT_018
P631,ACT_018
P632,ACT_007
P632,ACT_011
P633,ACT_007
P633,ACT_011
P634,ACT_007
P634,ACT_011
P635,ACT_008
P636,ACT_018
P637,ACT_018
P638,ACT_003
P638,ACT_004
P639,ACT_008
P640,ACT_008
P641,ACT_008
P642,ACT_005
P642,ACT_039
P643,ACT_008
P644,ACT_008
P645,ACT_015
P646,ACT_015
P647,ACT_015
P648,ACT_008
P648,ACT_010
P649,ACT_008
P649,ACT_005
P650,ACT_008
P650,ACT_005
P651,ACT_005
P651,ACT_008
P652,ACT_008
P652,ACT_005
P653,ACT_008
P653,ACT_010
P654,ACT_040
P654,ACT_008
P655,ACT_008
P656,ACT_008
P657,ACT_008
P658,ACT_008
P659,ACT_008
P660,ACT_008
P661,ACT_008
P662,ACT_008
P663,ACT_008
P664,ACT_008
P665,ACT_008
P666,ACT_008
P667,ACT_005
P667,ACT_008
P668,ACT_008
P669,ACT_008
P670,ACT_008
P671,ACT_041
P671,ACT_005
P672,ACT_040
P672,ACT_008
P673,ACT_040
P673,ACT_042
P674,ACT_043
P675,ACT_043
P676,ACT_043
P677,ACT_043
P678,ACT_043
P679,ACT_008
P680,ACT_008
P681,ACT_008
P682,ACT_008
P683,ACT_008
P684,ACT_008
P685,ACT_008
P686,ACT_008
P687,ACT_008
P688,ACT_008
P689,ACT_008
P690,ACT_008
P691,ACT_008
P692,ACT_008
P693,ACT_008
P694,ACT_008
P695,ACT_008
P696,ACT_008
P697,ACT_008
P698,ACT_008
P699,ACT_008
P700,ACT_008
P701,ACT_008
P702,ACT_008
P703,ACT_008
P704,ACT_044
P705,ACT_045
P705,ACT_010
P706,ACT_046
P706,ACT_010
P707,ACT_047
P708,ACT_048
P709,ACT_049
P710,ACT_050
P711,ACT_051
P712,ACT_052
P712,ACT_010
P713,ACT_053
P714,ACT_054
P715,ACT_008
P716,ACT_008
P717,ACT_008
P718,ACT_008
P719,ACT_008
P720,ACT_008
P721,ACT_008
P722,ACT_008
P723,ACT_008
P724,ACT_008
P725,ACT_008
P726,ACT_008
P727,ACT_008
P728,ACT_008
P729,ACT_021
P729,ACT_008
P730,ACT_004
P730,ACT_005
P731,ACT_003
P731,ACT_004
P732,ACT_003
P732,ACT_004
P733,ACT_003
P733,ACT_004
P734,ACT_003
P734,ACT_004
P735,ACT_003
P735,ACT_004
P736,ACT_055
P737,ACT_003
P738,ACT_008
P738,ACT_010
P739,ACT_019
P739,ACT_056
P740,ACT_019
P740,ACT_056
P741,ACT_019
P741,ACT_056
P742,ACT_019
P742,ACT_056
P743,ACT_039
P743,ACT_005
P744,ACT_019
P744,ACT_011
P745,ACT_019
P745,ACT_011
P746,ACT_019
P746,ACT_011
P747,ACT_019
P747,ACT_011
P748,ACT_019
P748,ACT_011
P749,ACT_019
P749,ACT_011
P750,ACT_019
P750,ACT_011
P751,ACT_019
P751,ACT_011
P752,ACT_019
P752,ACT_011
P753,ACT_019
P753,ACT_011
P754,ACT_019
P754,ACT_011
P755,ACT_019
P755,ACT_011
P756,ACT_019
P756,ACT_011
P757,ACT_019
P757,ACT_011
P758,ACT_019
P758,ACT_011
P759,ACT_019
P759,ACT_011
P760,ACT_019
P760,ACT_011
P761,ACT_019
P761,ACT_011
P762,ACT_019
P762,ACT_011
P763,ACT_019
P763,ACT_011
P764,ACT_019
P764,ACT_011
P765,ACT_019
P765,ACT_011
P766,ACT_019
P766,ACT_011
P767,ACT_019
P767,ACT_011
P768,ACT_019
P768,ACT_011
P769,ACT_019
P769,ACT_011
P770,ACT_019
P770,ACT_011
P771,ACT_019
P771,ACT_011
P772,ACT_019
P772,ACT_011
P773,ACT_019
P773,ACT_011
P774,ACT_019
P774,ACT_011
P775,ACT_019
P775,ACT_011
P776,ACT_019
P776,ACT_011
P777,ACT_019
P777,ACT_011
P778,ACT_019
P778,ACT_011
P779,ACT_019
P779,ACT_011
P780,ACT_019
P780,ACT_011
P781,ACT_019
P781,ACT_011
P782,ACT_019
P782,ACT_011
P783,ACT_019
P783,ACT_011
P784,ACT_019
P784,ACT_011
P785,ACT_019
P785,ACT_011
P786,ACT_019
P786,ACT_011
P787,ACT_019
P787,ACT_011
P788,ACT_019
P788,ACT_011
P789,ACT_019
P789,ACT_011
P790,ACT_019
P790,ACT_011
P791,ACT_019
P791,ACT_011
P792,ACT_019
P792,ACT_011
P793,ACT_019
P793,ACT_011
P794,ACT_019
P794,ACT_011
P795,ACT_019
P795,ACT_011
P796,ACT_019
P796,ACT_011
P797,ACT_019
P797,ACT_011
P798,ACT_057
P798,ACT_018
P799,ACT_005
P799,ACT_039
P800,ACT_005
P800,ACT_039
P801,ACT_005
P801,ACT_039
P802,ACT_005
P802,ACT_039
P803,ACT_005
P803,ACT_008
P804,ACT_005
P804,ACT_008
P805,ACT_005
P805,ACT_008
P806,ACT_005
P806,ACT_008
P807,ACT_005
P807,ACT_008
P808,ACT_005
P808,ACT_008
P809,ACT_005
P809,ACT_008
P810,ACT_005
P810,ACT_008
P811,ACT_005
P811,ACT_008
P812,ACT_005
P812,ACT_008
P813,ACT_005
P813,ACT_039
P814,ACT_005
P814,ACT_039
P815,ACT_005
P815,ACT_008
P816,ACT_005
P816,ACT_008
P817,ACT_005
P817,ACT_008
P818,ACT_005
P818,ACT_008
P819,ACT_058
P819,ACT_008
P820,ACT_058
P820,ACT_008
P821,ACT_058
P821,ACT_008
P822,ACT_005
P822,ACT_008
P823,ACT_058
P823,ACT_008
P824,ACT_059
P824,ACT_005
P825,ACT_060
P825,ACT_008
P826,ACT_060
P826,ACT_008
P827,ACT_060
P827,ACT_008
P828,ACT_060
P828,ACT_008
P829,ACT_060
P829,ACT_008
P830,ACT_060
P830,ACT_008
P831,ACT_061
P831,ACT_009
P832,ACT_061
P832,ACT_031
P832,ACT_062
P833,ACT_005
P833,ACT_039
P834,ACT_005
P834,ACT_039
P835,ACT_005
P835,ACT_039
P836,ACT_005
P836,ACT_039
P837,ACT_005
P837,ACT_039
P838,ACT_005
P838,ACT_039
P839,ACT_005
P839,ACT_039
P840,ACT_005
P840,ACT_039
P841,ACT_005
P841,ACT_039
P842,ACT_005
P842,ACT_039
P843,ACT_005
P843,ACT_039
P844,ACT_005
P844,ACT_039
P845,ACT_063
P845,ACT_005
P846,ACT_018
P846,ACT_022
P847,ACT_018
P847,ACT_022
P848,ACT_064
P848,ACT_005
P849,ACT_064
P849,ACT_005
P850,ACT_065
P850,ACT_005
P851,ACT_018
P852,ACT_018
P853,ACT_018
P854,ACT_018
P855,ACT_066
P855,ACT_067
P856,ACT_068
P856,ACT_005
P857,ACT_018
P857,ACT_005
P858,ACT_063
P858,ACT_005
P859,ACT_005
P859,ACT_011
P860,ACT_005
P860,ACT_011
P861,ACT_005
P861,ACT_011
P862,ACT_005
P862,ACT_011
P863,ACT_005
P863,ACT_011
P864,ACT_005
P864,ACT_011
P865,ACT_005
P865,ACT_011
P866,ACT_005
P866,ACT_011
P867,ACT_005
P867,ACT_011
P868,ACT_019
P868,ACT_011
P869,ACT_019
P869,ACT_011
P870,ACT_005
P870,ACT_011
P871,ACT_069
P871,ACT_005
P872,ACT_069
P872,ACT_005
P873,ACT_069
P873,ACT_005
P874,ACT_069
P874,ACT_005
P875,ACT_069
P875,ACT_005
P876,ACT_069
P876,ACT_005
P877,ACT_005
P877,ACT_011
P878,ACT_005
P878,ACT_011
P879,ACT_005
P879,ACT_011
P880,ACT_005
P880,ACT_011
P881,ACT_005
P881,ACT_011
P882,ACT_005
P882,ACT_011
P883,ACT_005
P883,ACT_011
P884,ACT_005
P884,ACT_011
P885,ACT_005
P885,ACT_011
P886,ACT_005
P886,ACT_070
P887,ACT_041
P887,ACT_005
P888,ACT_005
P888,ACT_070
P889,ACT_005
P889,ACT_070
P890,ACT_005
P890,ACT_070
P891,ACT_005
P891,ACT_011
P892,ACT_018
P893,ACT_018
P894,ACT_018
P895,ACT_018
P895,ACT_071
P896,ACT_072
P896,ACT_073
P897,ACT_018
P897,ACT_074
P898,ACT_018
P898,ACT_071
P899,ACT_018
P899,ACT_071
P900,ACT_005
P900,ACT_006
P901,ACT_005
P901,ACT_006
P902,ACT_005
P902,ACT_006
P903,ACT_005
P903,ACT_006
P904,ACT_005
P904,ACT_006
P905,ACT_005
P905,ACT_006
P906,ACT_018
P906,ACT_005
P907,ACT_005
P907,ACT_006
P908,ACT_005
P908,ACT_006
P909,ACT_005
P909,ACT_006
P910,ACT_005
P910,ACT_006
P911,ACT_075
P911,ACT_076
P912,ACT_075
P912,ACT_076
P913,ACT_018
P913,ACT_005
P914,ACT_018
P914,ACT_005
P915,ACT_018
P915,ACT_005
P916,ACT_018
P916,ACT_005
P917,ACT_018
P917,ACT_005
P918,ACT_018
P918,ACT_005
P919,ACT_018
P919,ACT_005
P920,ACT_018
P920,ACT_077
P921,ACT_018
P921,ACT_005
P922,ACT_018
P922,ACT_005
P923,ACT_018
P923,ACT_077
P924,ACT_018
P924,ACT_005
P925,ACT_018
P925,ACT_005
P926,ACT_018
P926,ACT_005
P927,ACT_018
P927,ACT_077
P928,ACT_010
P928,ACT_008
P929,ACT_010
P929,ACT_008
P930,ACT_010
P930,ACT_008
P931,ACT_010
P931,ACT_008
P932,ACT_010
P932,ACT_008
P933,ACT_010
P933,ACT_008
P934,ACT_010
P934,ACT_008
P935,ACT_010
P935,ACT_005
P936,ACT_010
P936,ACT_005
P937,ACT_010
P937,ACT_005
P938,ACT_010
P938,ACT_005
P939,ACT_010
P939,ACT_005
P940,ACT_078
P940,ACT_079
P941,ACT_080
P942,ACT_081
P943,ACT_082
P944,ACT_083
P945,ACT_084
P946,ACT_085
P947,ACT_086
P947,ACT_087
P948,ACT_088
P949,ACT_089
P950,ACT_090
P951,ACT_055
P952,ACT_086
P953,ACT_091
P954,ACT_092
P955,ACT_086
P956,ACT_093
P957,ACT_094
P958,ACT_088
P959,ACT_094
P960,ACT_095
P961,ACT_096
P962,ACT_097
P963,ACT_097
P964,ACT_098
P965,ACT_099
P966,ACT_085
P967,ACT_093
P968,ACT_093
P969,ACT_078
P969,ACT_079
P970,ACT_100
P971,ACT_101
P972,ACT_102
P973,ACT_100
P974,ACT_103
P975,ACT_100
P976,ACT_094
P977,ACT_104
P978,ACT_105
P978,ACT_106
P979,ACT_107
P980,ACT_107
P981,ACT_107
P982,ACT_107
P983,ACT_107
P984,ACT_107
P985,ACT_107
P986,ACT_107
P987,ACT_107
P988,ACT_107
P989,ACT_106
P990,ACT_106
P991,ACT_106
P992,ACT_108
P992,ACT_080
P993,ACT_106
P994,ACT_106
P995,ACT_106
P996,ACT_109
P996,ACT_110
P997,ACT_109
P997,ACT_111
P998,ACT_112
P998,ACT_113
P998,ACT_009
P999,ACT_112
P999,ACT_113
P999,ACT_009
P1000,ACT_113
P1000,ACT_009
P1001,ACT_008
P1001,ACT_010
P1002,ACT_074
P1002,ACT_027
P1003,ACT_114
P1003,ACT_010
P1004,ACT_115
P1004,ACT_005
P1005,ACT_115
P1005,ACT_005
P1006,ACT_008
P1006,ACT_010
P1007,ACT_008
P1007,ACT_010
P1008,ACT_115
P1008,ACT_005
P1009,ACT_116
P1009,ACT_005
P1010,ACT_116
P1010,ACT_005
P1011,ACT_117
P1011,ACT_010
P1012,ACT_118
P1012,ACT_010
P1013,ACT_119
P1014,ACT_016
P1014,ACT_120
P1015,ACT_118
P1015,ACT_010
P1016,ACT_121
P1016,ACT_010
P1017,ACT_122
P1018,ACT_123
P1018,ACT_010
P1019,ACT_124
P1019,ACT_005
P1020,ACT_125
P1021,ACT_126
P1022,ACT_127
P1022,ACT_010
P1023,ACT_126
P1024,ACT_044
P1025,ACT_128
